Ca1_80294 ,TAAA/TAAAA ,TAAA/TAAAA
Ca1_363863 ,ATTT/ATT ,ATTT/ATT
Ca1_391435 ,GTTTTTTTTT/GTTTTTTTTT ,GTTTTTTTTT/GTTTTTTTTT
Ca1_401639 ,C/A ,C/A
Ca1_585340 ,GTTTT/GTTTT ,GTTTT/GTTTT
Ca1_628253 ,CAAA/CAA ,CAAA/CAA
Ca1_642775 ,TAAAAA/TAAAA ,TAAAAA/TAAAA
Ca1_678174 ,ATTT/ATTT ,ATTT/ATTT
Ca1_686782 ,ATTTT/ATTTT ,ATTTT/ATTTT
Ca1_828293 ,ATTTTTT/ATTTTTT ,ATTTTTT/ATTTTTT
Ca1_828301 ,ATT/ATTT ,ATT/ATTT
Ca1_883696 ,CTTTT/CTTTT ,CTTTT/CTTTT
Ca1_913569 ,AG/AG ,AG/AG
Ca1_1144981 ,ATC/ATC ,ATC/ATC
Ca1_1226932 ,ATT/ATT ,ATT/ATT
Ca1_1302092 ,CAAAA/CAAAA ,CAAAA/CAAAA
Ca1_1328469 ,CGG/CGG ,CGG/CGG
Ca1_1419163 ,ATTTT/ATTTT ,ATTTT/ATTTT
Ca1_1519676 ,A/A ,A/A
Ca1_1548660 ,TAAAAAAAA/TAAAAAAAA ,TAAAAAAAA/TAAAAAAAA
Ca1_1788372 ,GAAAAAA/GAAAAAA ,GAAAAAA/GAAAAAA
Ca1_1837118 ,GTTTT/GTTTT ,GTTTT/GTTTT
Ca1_1906887 ,TCCC/TCC ,TCCC/TCC
Ca1_1951806 ,TAA/TAA ,TAA/TAA
Ca1_2044688 ,A/T ,A/T
Ca1_2051450 ,TAAAA/TAAAA ,TAAAA/TAAAA
Ca1_2104731 ,CAAAAA/CAAAAA ,CAAAAA/CAAAAA
Ca1_2205991 ,TAAAA/TAAA ,TAAAA/TAAA
Ca1_2352054 ,CTT/CTTT ,CTT/CTTT
Ca1_2407997 ,GAAAA/GAAA ,GAAAA/GAAA
Ca1_2452000 ,CTTTT/CTTT ,CTTTT/CTTT
Ca1_2495653 ,GAA/GA ,GAA/GA
Ca1_2535047 ,TAA/TA ,TAA/TA
Ca1_2554345 ,TAAAAA/TAAAAAA ,TAAAAA/TAAAAAA
Ca1_2554350 ,ATTT/ATTTT ,ATTT/ATTTT
Ca1_2583895 ,CAAAAAA/CAAAAAA ,CAAAAAA/CAAAAAA
Ca1_2835953 ,G/G ,G/G
Ca1_3013051 ,TCCCCCC/TCCCCCCC ,TCCCCCC/TCCCCCCC
Ca1_3115268 ,CTTTT/CTTTT ,CTTTT/CTTTT
Ca1_3154413 ,GAAAA/GAAAA ,GAAAA/GAAAA
Ca1_3248863 ,ATTTTT/ATTTTT ,ATTTTT/ATTTTT
Ca1_3414092 ,TAAAA/TAAA ,TAAAA/TAAA
Ca1_3468986 ,TAAAAAAAA/TAAAAAAAA ,TAAAAAAAA/TAAAAAAAA
Ca1_3549779 ,GCC/GCC ,GCC/GCC
Ca1_3648369 ,ATTTTT/ATTTT ,ATTTTT/ATTTT
Ca1_3708006 ,TAAAAA/TAAAAA ,TAAAAA/TAAAAA
Ca1_3833019 ,TAAAA/TAAA ,TAAAA/TAAA
Ca1_3908852 ,GAAA/GAA ,GAAA/GAA
Ca1_3909036 ,CTTTTTT/CTTTTTT ,CTTTTTT/CTTTTTT
Ca1_3909047 ,TTC/TTC ,TTC/TTC
Ca1_3964410 ,GTTTT/GTTTTT ,GTTTT/GTTTTT
Ca1_3985727 ,GTTTT/GTTT ,GTTTT/GTTT
Ca1_3990326 ,GTTTTT/GTTTTT ,GTTTTT/GTTTTT
Ca1_3990348 ,GTTTT/GTTT ,GTTTT/GTTT
Ca1_3990355 ,ATTTTT/ATTTTT ,ATTTTT/ATTTTT
Ca1_3990412 ,GAAAAAA/GAAAAA ,GAAAAAA/GAAAAA
Ca1_4059165 ,ATTTTT/ATTTT ,ATTTTT/ATTTT
Ca1_4092792 ,GC/G ,GC/G
Ca1_4130312 ,A/AG ,A/AG
Ca1_4173578 ,GCC/GCC ,GCC/GCC
Ca1_4209222 ,ATTTTT/ATTTTT ,ATTTTT/ATTTTT
Ca1_4310179 ,ATTT/ATTTT ,ATTT/ATTTT
Ca1_4468106 ,TAAAA/TAAA ,TAAAA/TAAA
Ca1_4470061 ,TAAAA/TAAA ,TAAAA/TAAA
Ca1_4512739 ,GAAAAA/GAAAAA ,GAAAAA/GAAAAA
Ca1_4594809 ,CTTTT/CTTTT ,CTTTT/CTTTT
Ca1_4599548 ,TAAA/TAA ,TAAA/TAA
Ca1_4766682 ,ATTT/ATT ,ATTT/ATT
Ca1_4804454 ,CAA/CAA ,CAA/CAA
Ca1_4944790 ,CAAA/CAAA ,CAAA/CAAA
Ca1_4946890 ,GTTTTTT/GTTTTTTT ,GTTTTTT/GTTTTTTT
Ca1_4954104 ,GTTT/GTTT ,GTTT/GTTT
Ca1_5110917 ,TAAA/TAAA ,TAAA/TAAA
Ca1_5254950 ,TAAAAAA/TAAAAAAA ,TAAAAAA/TAAAAAAA
Ca1_5751522 ,CAAAA/CAAAA ,CAAAA/CAAAA
Ca1_5871231 ,CTT/CTT ,CTT/CTT
Ca1_6085919 ,TAAAA/TAAAAA ,TAAAA/TAAAAA
Ca1_6159535 ,T/TA ,T/TA
Ca1_6160440 ,AC/AC ,AC/AC
Ca1_6160441 ,CAA/CAA ,CAA/CAA
Ca1_6186484 ,ATTT/ATT ,ATTT/ATT
Ca1_6380684 ,ATT/ATT ,ATT/ATT
Ca1_6552304 ,CTTT/CTT ,CTTT/CTT
Ca1_6554613 ,CAAAAAA/CAAAAAA ,CAAAAAA/CAAAAAA
Ca1_6705773 ,GTTTTT/GTTTTT ,GTTTTT/GTTTTT
Ca1_6774750 ,GAAAA/GAAAA ,GAAAA/GAAAA
Ca1_6947239 ,GAAA/GAA ,GAAA/GAA
Ca1_7596063 ,CTTTT/CTTT ,CTTTT/CTTT
Ca1_7596142 ,GCATTTTCATTTTCATTTTCATTTTCATTTTC/GCATTTTCATTTTCATTTTCATTTTCATTTTC ,GCATTTTCATTTTCATTTTCATTTTCATTTTC/GCATTTTCATTTTCATTTTCATTTTCATTTTC
Ca1_7725243 ,ATTTTT/ATTTT ,ATTTTT/ATTTT
Ca1_7808544 ,T/G ,T/G
Ca1_7808547 ,T/C ,T/C
Ca1_7882883 ,CAAAA/CAAAA ,CAAAA/CAAAA
Ca1_7940168 ,CTTTT/CTTTTT ,CTTTT/CTTTTT
Ca1_7980159 ,CAAA/CAAA ,CAAA/CAAA
Ca1_7989061 ,GAAAAAAA/GAAAAAAA ,GAAAAAAA/GAAAAAAA
Ca1_7989073 ,GAAAA/GAAAA ,GAAAA/GAAAA
Ca1_7999644 ,GAAA/GAAA ,GAAA/GAAA
Ca1_7999668 ,TAAAAAAA/TAAAAAAA ,TAAAAAAA/TAAAAAAA
Ca1_8154785 ,ATTTTTT/ATTTTT ,ATTTTTT/ATTTTT
Ca1_8270479 ,CAA/CAA ,CAA/CAA
Ca1_8423517 ,CAAAA/CAAA ,CAAAA/CAAA
Ca1_8433354 ,TGAA/TAA ,TGAA/TAA
Ca1_8592081 ,ATTTTTTTT/ATTTTTTTT ,ATTTTTTTT/ATTTTTTTT
Ca1_8600361 ,CAAA/CAA ,CAAA/CAA
Ca1_8600364 ,AGGG/AGGG ,AGGG/AGGG
Ca1_8611946 ,TG/T ,TG/T
Ca1_8684223 ,TGG/TG ,TGG/TG
Ca1_8791940 ,TAA/TAAA ,TAA/TAAA
Ca1_8791991 ,ATTTTT/ATTTTT ,ATTTTT/ATTTTT
Ca1_8865123 ,CAAAAAAA/CAAAAAAA ,CAAAAAAA/CAAAAAAA
Ca1_9089729 ,CGG/CGG ,CGG/CGG
Ca1_9161643 ,CAAAAAA/CAAAAA ,CAAAAAA/CAAAAA
Ca1_9420527 ,CAAA/CAAA ,CAAA/CAAA
Ca1_9707329 ,CAA/CAA ,CAA/CAA
Ca1_9782264 ,GAAAA/GAAA ,GAAAA/GAAA
Ca1_9850481 ,CAAAAA/CAAAAA ,CAAAAA/CAAAAA
Ca1_9858153 ,A/AG ,A/AG
Ca1_9993384 ,CAAAA/CAAAA ,CAAAA/CAAAA
Ca1_9999829 ,CTT/CTTT ,CTT/CTTT
Ca1_10024158 ,TAAAA/TAAAA ,TAAAA/TAAAA
Ca1_10041921 ,CTTTT/CTTT ,CTTTT/CTTT
Ca1_10357324 ,TGGGGG/TGGGGGG ,TGGGGG/TGGGGGG
Ca1_10429509 ,CGGGG/CGGGG ,CGGGG/CGGGG
Ca1_10482574 ,C/C ,C/C
Ca1_10544345 ,TAAAAA/TAAAA ,TAAAAA/TAAAA
Ca1_10546291 ,C/C ,C/C
Ca1_10575488 ,GAAAAAAAA/GAAAAAAA ,GAAAAAAAA/GAAAAAAA
Ca1_10656523 ,ATTTTTTTTT/ATTTTTTTT ,ATTTTTTTTT/ATTTTTTTT
Ca1_10754225 ,GAA/GA ,GAA/GA
Ca1_10806169 ,TCCCCC/TCCCCC ,TCCCCC/TCCCCC
Ca1_10814076 ,ATTTT/ATTT ,ATTTT/ATTT
Ca1_10981597 ,TAAA/TAAA ,TAAA/TAAA
Ca1_11011034 ,CTTTTT/CTTTT ,CTTTTT/CTTTT
Ca1_11072193 ,GA/GA ,GA/GA
Ca1_11106320 ,GAAAAA/GAAAAA ,GAAAAA/GAAAAA
Ca1_11113611 ,CTTTTTT/CTTTTTTT ,CTTTTTT/CTTTTTTT
Ca1_11219550 ,TAA/TA ,TAA/TA
Ca1_11261577 ,ATTT/ATT ,ATTT/ATT
Ca1_11261594 ,ATTTTT/ATTTTT ,ATTTTT/ATTTTT
Ca1_11262554 ,CTTTT/CTTT ,CTTTT/CTTT
Ca1_11288814 ,CTT/CTTT ,CTT/CTTT
Ca1_11291581 ,ATTTTTTT/ATTTTTTT ,ATTTTTTT/ATTTTTTT
Ca1_11291657 ,ATTTT/ATTTTT ,ATTTT/ATTTTT
Ca1_11361195 ,TAAAAA/TAAAAA ,TAAAAA/TAAAAA
Ca1_11543193 ,TAAAAA/TAAAAA ,TAAAAA/TAAAAA
Ca1_11543506 ,CAG/CAGAG ,CAG/CAGAG
Ca1_11543608 ,TAAAA/TAAAAA ,TAAAA/TAAAAA
Ca1_11609704 ,GAAAAA/GAAAAA ,GAAAAA/GAAAAA
Ca1_11721135 ,ATTTTT/ATTTTTT ,ATTTTT/ATTTTTT
Ca1_11724489 ,T/T ,T/T
Ca1_11858012 ,ATTTT/ATTT ,ATTTT/ATTT
Ca1_11858125 ,GAAAAAA/GAAAAA ,GAAAAAA/GAAAAA
Ca1_11907467 ,CAA/CA ,CAA/CA
Ca1_12271752 ,CAAA/CAAA ,CAAA/CAAA
Ca1_12294272 ,CGA/CA ,CGA/CA
Ca1_12454043 ,AGGGG/AGGGG ,AGGGG/AGGGG
Ca1_12454746 ,ATT/ATT ,ATT/ATT
Ca1_12557681 ,ATTT/ATT ,ATTT/ATT
Ca1_12620789 ,CAAAA/CAAAA ,CAAAA/CAAAA
Ca1_12642641 ,GAAA/GAA ,GAAA/GAA
Ca1_12642684 ,TAAAAA/TAAAA ,TAAAAA/TAAAA
Ca1_12787867 ,CTTTTT/CTTTT ,CTTTTT/CTTTT
Ca1_12857882 ,CTTTT/CTTT ,CTTTT/CTTT
Ca1_12857993 ,TC/TC ,TC/TC
Ca1_12979393 ,CAAA/CAA ,CAAA/CAA
Ca1_13321804 ,ATTTT/ATTTT ,ATTTT/ATTTT
Ca1_13321813 ,TAAAAAAA/TAAAAAA ,TAAAAAAA/TAAAAAA
Ca1_13439418 ,ATTTTTT/ATTTTTT ,ATTTTTT/ATTTTTT
Ca1_13539537 ,GCC/GC ,GCC/GC
Ca1_13756283 ,ATTTTTT/ATTTTTTT ,ATTTTTT/ATTTTTTT
Ca1_13988062 ,ATT/ATT ,ATT/ATT
Ca1_14148708 ,GAAAAA/GAAAAA ,GAAAAA/GAAAAA
Ca1_14263026 ,ATTT/ATTT ,ATTT/ATTT
Ca1_14359078 ,ATTTT/ATTTT ,ATTTT/ATTTT
Ca1_14512735 ,CAAAAA/CAAAAA ,CAAAAA/CAAAAA
Ca1_14609559 ,TCCCCC/TCCCCCC ,TCCCCC/TCCCCCC
Ca1_14611871 ,CTTTTT/CTTTTT ,CTTTTT/CTTTTT
Ca1_14670892 ,GAAAA/GAAAA ,GAAAA/GAAAA
Ca1_14958162 ,CTTTTTT/CTTTTTT ,CTTTTTT/CTTTTTT
Ca1_15059342 ,GTTTTT/GTTTTTT ,GTTTTT/GTTTTTT
Ca1_15075729 ,GTTTTTT/GTTTTTT ,GTTTTTT/GTTTTTT
Ca1_15273189 ,CTTTT/CTTTT ,CTTTT/CTTTT
Ca1_15311088 ,ACCCC/ACCCC ,ACCCC/ACCCC
Ca1_15331131 ,GT/G ,GT/G
Ca1_15377183 ,CTTTT/CTTTT ,CTTTT/CTTTT
Ca1_15693174 ,TAAA/TAA ,TAAA/TAA
Ca1_15693190 ,AGG/AG ,AGG/AG
Ca1_15916276 ,ATTTTT/ATTTTT ,ATTTTT/ATTTTT
Ca1_15953881 ,CAAAAAAA/CAAAAAAA ,CAAAAAAA/CAAAAAAA
Ca1_16044685 ,TA/TA ,TA/TA
Ca1_16054419 ,CAAA/CAA ,CAAA/CAA
Ca1_16564211 ,ATTTTTT/ATTTTTT ,ATTTTTT/ATTTTTT
Ca1_16893313 ,AGGGG/AGGGG ,AGGGG/AGGGG
Ca1_16942165 ,A/C ,A/C
Ca1_16973725 ,CAAAA/CAAAA ,CAAAA/CAAAA
Ca1_17240943 ,GAAAAAA/GAAAAA ,GAAAAAA/GAAAAA
Ca1_17258182 ,ATTTTTT/ATTTTTT ,ATTTTTT/ATTTTTT
Ca1_17396808 ,ATTTTTTTT/ATTTTTTT ,ATTTTTTTT/ATTTTTTT
Ca1_17495502 ,G/GAGAT ,G/GAGAT
Ca1_17608518 ,CTTT/CTTT ,CTTT/CTTT
Ca1_17650480 ,ATTTTTT/ATTTTTT ,ATTTTTT/ATTTTTT
Ca1_17650535 ,TAAAA/TAAA ,TAAAA/TAAA
Ca1_17664792 ,AGGG/AGGG ,AGGG/AGGG
Ca1_17666124 ,GTTTT/GTTTTT ,GTTTT/GTTTTT
Ca1_17666129 ,ATTT/ATTTT ,ATTT/ATTTT
Ca1_18017124 ,TAAAA/TAAAA ,TAAAA/TAAAA
Ca1_19854270 ,GA/GA ,GA/GA
Ca1_19946324 ,GAAAAAAA/GAAAAAAA ,GAAAAAAA/GAAAAAAA
Ca1_20333194 ,A/A ,A/A
Ca1_20333199 ,T/T ,T/T
Ca1_20489833 ,TC/TGC ,TC/TGC
Ca1_20527766 ,CTTTTT/CTTTTT ,CTTTTT/CTTTTT
Ca1_21377473 ,CAAAA/CAAAA ,CAAAA/CAAAA
Ca1_21836547 ,G/G ,G/G
Ca1_21846859 ,GTTTTT/GTTTT ,GTTTTT/GTTTT
Ca1_22282538 ,GAA/GA ,GAA/GA
Ca1_22337118 ,TCCCC/TCCCC ,TCCCC/TCCCC
Ca1_23282912 ,CTTTTTT/CTTTTTT ,CTTTTTT/CTTTTTT
Ca1_23311930 ,CAA/CAA ,CAA/CAA
Ca1_23543674 ,AGGGGG/AGGGGG ,AGGGGG/AGGGGG
Ca1_23582458 ,GTTTTTT/GTTTTT ,GTTTTTT/GTTTTT
Ca1_23654118 ,ATT/AT ,ATT/AT
Ca1_23942142 ,CAA/CA ,CAA/CA
Ca1_23943599 ,TAAAA/TAAAAA ,TAAAA/TAAAAA
Ca1_24227233 ,GTTTT/GTTTT ,GTTTT/GTTTT
Ca1_24288216 ,CTTTTT/CTTTT ,CTTTTT/CTTTT
Ca1_24364307 ,GT/GT ,GT/GT
Ca1_24650029 ,G/G ,G/G
Ca1_25846427 ,ACCCC/ACCCC ,ACCCC/ACCCC
Ca1_25986745 ,CAAAAA/CAAAAA ,CAAAAA/CAAAAA
Ca1_25986766 ,CAA/CAA ,CAA/CAA
Ca1_27504215 ,ATTTT/ATTT ,ATTTT/ATTT
Ca1_27504331 ,TAAA/TAAA ,TAAA/TAAA
Ca1_27504334 ,ATTTTTT/ATTTTTT ,ATTTTTT/ATTTTTT
Ca1_28144404 ,A/A ,A/A
Ca1_28601222 ,CAAAAAAA/CAAAAAAA ,CAAAAAAA/CAAAAAAA
Ca1_28601255 ,TAA/TAA ,TAA/TAA
Ca1_28601264 ,CAAA/CAA ,CAAA/CAA
Ca1_28699554 ,CTT/CTTT ,CTT/CTTT
Ca1_28947298 ,CTTTT/CTTTT ,CTTTT/CTTTT
Ca1_29015223 ,ATTT/ATT ,ATTT/ATT
Ca1_29042073 ,GAAA/GAAA ,GAAA/GAAA
Ca1_29114207 ,CTT/CTTT ,CTT/CTTT
Ca1_30191064 ,CTTT/CTTTT ,CTTT/CTTTT
Ca1_30529444 ,CAAAAA/CAAAAA ,CAAAAA/CAAAAA
Ca1_31221645 ,GC/GAGATC ,GC/GAGATC
Ca1_31289145 ,TCCCC/TCCCC ,TCCCC/TCCCC
Ca1_31421464 ,GTT/GT ,GTT/GT
Ca1_31516805 ,TGGGGG/TGGGGG ,TGGGGG/TGGGGG
Ca1_33029438 ,C/C ,C/C
Ca1_33283412 ,ATTTT/ATTT ,ATTTT/ATTT
Ca1_33289501 ,CTT/CTT ,CTT/CTT
Ca1_33687153 ,CTTTTTT/CTTTTTT ,CTTTTTT/CTTTTTT
Ca1_33687159 ,TAAA/TAAA ,TAAA/TAAA
Ca1_33914314 ,TAA/TAAA ,TAA/TAAA
Ca1_34323544 ,C/C ,C/C
Ca1_34840186 ,ATTTTT/ATTTTT ,ATTTTT/ATTTTT
Ca1_35229400 ,TAAA/TAA ,TAAA/TAA
Ca1_35385916 ,ATTT/ATT ,ATTT/ATT
Ca1_35386584 ,ATTTT/ATTTT ,ATTTT/ATTTT
Ca1_35441389 ,G/G ,G/G
Ca1_35745889 ,TTGG/TTGG ,TTGG/TTGG
Ca1_36074232 ,G/C ,G/C
Ca1_36074233 ,G/T ,G/T
Ca1_36074298 ,CTT/CTTT ,CTT/CTTT
Ca1_36465979 ,TCC/TC ,TCC/TC
Ca1_36511604 ,ATTTT/ATTTT ,ATTTT/ATTTT
Ca1_36690753 ,CAAA/CAA ,CAAA/CAA
Ca1_38229025 ,GTT/GTT ,GTT/GTT
Ca1_38229097 ,ATTTT/ATTTTT ,ATTTT/ATTTTT
Ca1_38868252 ,CTTTT/CTTTT ,CTTTT/CTTTT
Ca1_39367273 ,ATTTT/ATTT ,ATTTT/ATTT
Ca1_40337818 ,T/T ,T/T
Ca1_40337982 ,G/G ,G/G
Ca1_40337986 ,C/C ,C/C
Ca1_40337991 ,C/C ,C/C
Ca1_40338011 ,T/C ,T/C
Ca1_40338064 ,T/C ,T/C
Ca1_41717681 ,GCC/GC ,GCC/GC
Ca1_42075399 ,T/T ,T/T
Ca1_42550211 ,ATTTT/ATTTT ,ATTTT/ATTTT
Ca1_43656665 ,TAAAA/TAAA ,TAAAA/TAAA
Ca1_43851072 ,ATTTTT/ATTTTT ,ATTTTT/ATTTTT
Ca1_43986374 ,G/GA ,G/GA
Ca1_43986376 ,A/A ,A/A
Ca1_43999579 ,ATTT/ATT ,ATTT/ATT
Ca1_44021440 ,CAAA/CAA ,CAAA/CAA
Ca1_44139895 ,TAAAAAA/TAAAAA ,TAAAAAA/TAAAAA
Ca1_44325271 ,CTT/CTT ,CTT/CTT
Ca1_44325306 ,CAAAA/CAAAA ,CAAAA/CAAAA
Ca1_44572073 ,ATTTTT/ATTTTTT ,ATTTTT/ATTTTTT
Ca1_44572088 ,ATTT/ATTTT ,ATTT/ATTTT
Ca1_44572091 ,TAAAA/TAAAA ,TAAAA/TAAAA
Ca1_45058008 ,GAAAAA/GAAAAAA ,GAAAAA/GAAAAAA
Ca1_45059733 ,CAAAA/CAAAA ,CAAAA/CAAAA
Ca1_45218552 ,CAAAAAAAAA/CAAAAAAAAA ,CAAAAAAAAA/CAAAAAAAAA
