Ca1_150,T/T,A/A,A/T,
 ,33,147,41,
Ca1_228,G/G,C/G,C/C,
 ,24,35,162,
Ca1_80241,ATTTTT/ATTTTT,ATTTTT/ATTTT,./.,ATTTT/ATTTT,
 ,2,186,13,20,
Ca1_80294,TAAA/TAAA,TAAA/TAAAA,./.,
 ,55,134,32,
Ca1_80298,TAAAA/TAAAAA,TAAAA/TAAAA,./.,
 ,96,83,42,
Ca1_80330,AT/AT,./.,AT/ATT,
 ,101,36,84,
Ca1_137981,CAAAA/CAAAAA,./.,CAAAA/CAAAA,
 ,78,13,130,
Ca1_138099,ATTT/ATT,./.,ATTT/ATTT,
 ,58,6,157,
Ca1_152199,./.,CAAAA/CAAA,CAAA/CAAA,CAAAA/CAAAA,
 ,29,81,1,110,
Ca1_179509,TAAA/TAAA,TAAA/TAAAA,./.,TAAAA/TAAAA,
 ,77,133,10,1,
Ca1_186117,CTTTT/CTTTT,./.,CTTTT/CTTT,
 ,145,22,54,
Ca1_254607,CAA/CAA,./.,CAA/CAAA,
 ,104,24,93,
Ca1_275454,./.,ATTTT/ATTTT,ATTTT/ATTT,
 ,2,148,71,
Ca1_281586,CAAA/CAAA,./.,CAAA/CAAAA,CAAAA/CAAAA,
 ,17,31,169,4,
Ca1_281589,ATTTT/ATTTT,./.,ATTT/ATTTT,ATTT/ATTT,
 ,5,33,150,33,
Ca1_333974,A/A,./.,G/G,A/G,
 ,91,1,127,2,
Ca1_363821,A/A,./.,G/G,A/G,
 ,85,13,119,4,
Ca1_363863,ATTT/ATT,./.,ATTT/ATTT,
 ,179,20,22,
Ca1_373028,TAAAAA/TAAAAA,TAAAAA/TAAAA,./.,
 ,70,139,12,
Ca1_382123,CAAAA/CAAA,./.,CAAAA/CAAAA,
 ,94,19,108,
Ca1_391435,GTTTTTTTTT/GTTTTTTTTT,./.,GTTTTTTTTT/GTTTTTTTT,
 ,139,43,39,
Ca1_401639,A/A,C/A,./.,C/C,
 ,46,124,24,27,
Ca1_426088,T/TC,./.,T/T,
 ,58,41,122,
Ca1_466258,ATTTTTTT/ATTTTTTT,./.,ATTTTTTT/ATTTTTT,
 ,154,16,51,
Ca1_466446,GAAAAA/GAAAAA,./.,GAAAAA/GAAAA,
 ,35,4,182,
Ca1_476223,GTTTTTT/GTTTTTT,./.,GTTTTTT/GTTTTTTT,
 ,157,19,45,
Ca1_526705,GAAA/GAA,GAAA/GAAA,./.,
 ,70,146,5,
Ca1_537285,GA/GA,./.,GA/GTA,
 ,166,7,48,
Ca1_538896,TAAA/TAAA,TAAA/TAAAA,./.,
 ,45,174,2,
Ca1_554250,ATTT/ATT,./.,ATT/ATT,ATTT/ATTT,
 ,132,34,1,54,
Ca1_585332,./.,ATTT/ATTTT,ATTT/ATTT,
 ,25,50,146,
Ca1_585340,GTTTT/GTTTTT,./.,GTTTT/GTTTT,
 ,79,21,121,
Ca1_585364,./.,CAAAA/CAAA,CAAA/CAAA,CAAAA/CAAAA,
 ,16,163,1,41,
Ca1_602472,AGGGG/AGGGG,AGGGG/AGGGGG,./.,
 ,122,63,36,
Ca1_623246,ATTTTT/ATTTTT,ATTTTT/ATTTT,./.,
 ,141,74,6,
Ca1_628253,CAAA/CAA,CAAA/CAAA,./.,
 ,151,60,10,
Ca1_642519,TAAA/TAAA,TAAA/TAAAA,./.,
 ,151,53,17,
Ca1_642601,CTTT/CTTTT,./.,CTTT/CTTT,
 ,119,3,99,
Ca1_642667,TCG/TCG,TG/TG,./.,TG/TCG,
 ,120,9,2,90,
Ca1_642668,G/GT,./.,G/G,GT/GT,
 ,90,2,9,120,
Ca1_642775,TAAAAA/TAAAAA,TAAAAA/TAAAA,./.,
 ,67,153,1,
Ca1_678067,C/A,./.,C/C,
 ,150,20,51,
Ca1_678068,A/A,./.,A/C,
 ,54,20,147,
Ca1_678174,./.,ATTT/ATTTT,ATTT/ATTT,
 ,1,82,138,
Ca1_686782,ATTTT/ATTT,ATTTT/ATTTT,./.,
 ,63,157,1,
Ca1_776277,./.,GAAAA/GAAAA,GAAAA/GAAA,
 ,4,138,79,
Ca1_776313,CAAAAA/CAAAAAA,./.,CAAAAA/CAAAAA,
 ,49,5,167,
Ca1_795155,GT/GTT,GT/GT,./.,
 ,110,91,20,
Ca1_798417,TAAA/TAAA,TAAA/TAA,./.,
 ,87,123,11,
Ca1_799866,TGGG/TGGG,./.,TGGG/TGGGG,
 ,90,1,130,
Ca1_828293,ATTTTTT/ATTTTT,ATTTTTT/ATTTTTT,./.,
 ,52,165,4,
Ca1_828301,ATT/ATTT,./.,ATT/ATT,
 ,213,1,7,
Ca1_861705,GTTTT/GTTTT,./.,GTTTT/GTTTTT,
 ,159,13,49,
Ca1_883696,CTTTT/CTTTT,./.,CTTTT/CTTT,
 ,128,3,90,
Ca1_913569,AG/A,./.,AG/AG,
 ,67,32,122,
Ca1_920388,GTTTT/GTTTT,GTTTT/GTTT,./.,GTTT/GTTT,
 ,40,155,25,1,
Ca1_931963,./.,ATTTT/ATTTT,ATTTT/ATTT,
 ,17,136,68,
Ca1_931983,CTTTTTTT/CTTTTTTT,CTTTTTTT/CTTTTTT,./.,
 ,98,104,19,
Ca1_931992,ATTTT/ATTTTT,ATTTT/ATTTT,./.,
 ,99,104,18,
Ca1_953894,GAAAAAA/GAAAAA,./.,GAAAAAA/GAAAAAA,
 ,175,7,39,
Ca1_989676,A/AC,./.,A/A,
 ,114,34,73,
Ca1_991795,TAAA/TAAA,TAAA/TAA,./.,TAA/TAA,
 ,111,88,20,2,
Ca1_991797,./.,AATT/AT,AATT/AATT,
 ,18,67,136,
Ca1_991798,ATTTTT/ATTTTT,ATTTTTT/ATTTTT,ATTTTTT/ATTTTTT,./.,
 ,40,167,6,8,
Ca1_1042645,./.,CAAAAA/CAAAAA,CAAAA/CAAAA,CAAAAA/CAAAA,
 ,7,17,2,195,
Ca1_1109703,GTTTT/GTTTT,./.,GTTTT/GTTTTT,
 ,163,14,44,
Ca1_1111106,TAAAA/TAAAAA,TAAAA/TAAAA,./.,
 ,91,101,29,
Ca1_1144981,ATC/AC,./.,ATC/ATC,
 ,57,39,125,
Ca1_1162304,C/C,A/A,C/A,
 ,125,93,3,
Ca1_1226932,ATT/ATTT,./.,ATT/ATT,
 ,50,2,169,
Ca1_1272138,GAA/GAAA,GAA/GAA,./.,
 ,45,169,7,
Ca1_1302092,CAAAA/CAAA,./.,CAAAA/CAAAA,
 ,66,13,142,
Ca1_1312158,TAAA/TAAA,TAAA/TAAAA,./.,
 ,143,65,13,
Ca1_1312175,CAAA/CAA,CAAA/CAAA,./.,
 ,64,144,13,
Ca1_1312876,GAAAAA/GAAAAA,./.,GAAAAA/GAAAA,
 ,147,6,68,
Ca1_1328444,G/GAGAT,GAGAT/GAGAT,./.,G/G,
 ,133,22,39,27,
Ca1_1328468,CCG/C,./.,CCG/CCG,
 ,119,2,100,
Ca1_1328469,CGG/CGG,./.,CGG/CG,
 ,164,2,55,
Ca1_1419163,ATTTT/ATTT,ATTTT/ATTTT,./.,
 ,92,127,2,
Ca1_1429183,./.,GTTTTT/GTTTT,GTTTTT/GTTTTT,
 ,39,85,97,
Ca1_1429320,GAAAAAAA/GAAAAAAA,./.,GAAAAAAA/GAAAAAA,GAAAAAA/GAAAAAA,
 ,88,42,89,2,
Ca1_1439201,CTT/CTT,CTT/CTTT,./.,
 ,59,122,40,
Ca1_1439204,A/A,A/AT,./.,
 ,135,46,40,
Ca1_1519676,A/A,A/T,./.,T/T,
 ,157,54,9,1,
Ca1_1548660,TAAAAAAAA/TAAAAAAA,./.,TAAAAAAAA/TAAAAAAAA,
 ,61,5,155,
Ca1_1617625,TAAAA/TAAAA,TAAAA/TAAA,./.,
 ,125,91,5,
Ca1_1627558,ATTT/ATT,./.,ATT/ATT,ATTT/ATTT,
 ,174,37,4,6,
Ca1_1782194,GTTTT/GTTTT,./.,GTTTT/GTTTTT,
 ,140,38,43,
Ca1_1788372,GAAAAAA/GAAAAA,./.,GAAAAAA/GAAAAAA,
 ,101,6,114,
Ca1_1820995,CTTTTTTTT/CTTTTTTT,CTTTTTTT/CTTTTTTT,./.,CTTTTTTTT/CTTTTTTTT,
 ,109,2,14,96,
Ca1_1837118,GTTTT/GTTTT,GTTTT/GTTT,./.,
 ,162,44,15,
Ca1_1869500,A/A,A/T,
 ,91,130,
Ca1_1906887,TCC/TCC,./.,TCCC/TCC,TCCC/TCCC,
 ,3,1,209,8,
Ca1_1939525,CAA/CAA,./.,CAA/CAAA,
 ,137,3,81,
Ca1_1940833,GAAAA/GAAAAA,./.,GAAAA/GAAAA,
 ,72,8,141,
Ca1_1951806,TAA/TAA,./.,TAA/TAAA,
 ,164,13,44,
Ca1_1994434,GAA/GAAA,GAA/GAA,./.,
 ,48,150,23,
Ca1_1994455,./.,TAAAA/TAAAA,TAAAA/TAAA,TAAA/TAAA,
 ,24,40,156,1,
Ca1_2044688,A/A,A/T,./.,T/T,
 ,9,205,5,2,
Ca1_2051333,TTG/TTG,TTG/T,./.,T/T,
 ,11,130,42,38,
Ca1_2051450,TAAAA/TAAAA,TAAAA/TAAA,./.,
 ,161,55,5,
Ca1_2063012,AGGGG/AGGGG,AGGGG/AGGGGG,./.,
 ,145,74,2,
Ca1_2104731,CAAAAA/CAAAAAA,./.,CAAAAA/CAAAAA,
 ,69,3,149,
Ca1_2126911,G/GT,./.,G/G,
 ,84,42,95,
Ca1_2205991,TAAAA/TAAAA,TAAAA/TAAA,./.,
 ,141,77,3,
Ca1_2352054,CTT/CTT,CTT/CTTT,./.,
 ,15,198,8,
Ca1_2362483,ATTTTT/ATTTTT,ATTTTT/ATTTT,./.,
 ,63,156,2,
Ca1_2368919,CGG/CGG,./.,CGG/CG,
 ,142,6,73,
Ca1_2368992,./.,CAG/CAGAG,CAG/CAG,
 ,41,96,84,
Ca1_2368994,GC/GC,GC/GAC,./.,GAC/GAC,
 ,50,157,11,3,
Ca1_2368995,CG/CG,C/CG,./.,C/C,
 ,3,157,11,50,
Ca1_2368996,T/TA,./.,TA/TA,T/T,
 ,157,11,3,50,
Ca1_2369886,ATTTTTTTT/ATTTTTTTT,ATTTTTTTT/ATTTTTTTTT,./.,ATTTTTTTTT/ATTTTTTTTT,
 ,104,76,39,2,
Ca1_2407997,./.,GAAAA/GAAAA,GAAAA/GAAA,
 ,27,19,175,
Ca1_2452000,CTTTT/CTTTT,CTTT/CTTT,./.,CTTTT/CTTT,
 ,27,4,23,167,
Ca1_2459397,GAAAAAA/GAAAAA,./.,GAAAAAA/GAAAAAA,
 ,61,4,156,
Ca1_2495653,GAA/GAA,./.,GAA/GA,
 ,25,21,175,
Ca1_2534826,CTTTT/CTTTTT,CTTTT/CTTTT,./.,
 ,75,137,9,
Ca1_2535047,TAA/TAA,TAA/TA,
 ,25,196,
Ca1_2554345,TAAAAA/TAAAAA,./.,TAAAAA/TAAAAAA,TAAAAAA/TAAAAAA,
 ,11,11,195,4,
Ca1_2554350,ATTTT/ATTTT,./.,ATTT/ATTTT,ATTT/ATTT,
 ,2,14,188,17,
Ca1_2583542,CAAA/CAA,CAAA/CAAA,
 ,142,79,
Ca1_2583895,CAAAAAA/CAAAAA,CAAAAAA/CAAAAAA,./.,
 ,51,167,3,
Ca1_2583909,CAAAA/CAAA,./.,CAAAA/CAAAA,
 ,44,4,173,
Ca1_2583940,CAAAA/CAAA,./.,CAAAA/CAAAA,
 ,44,7,170,
Ca1_2632946,CAAA/CAA,CAAA/CAAA,./.,
 ,69,148,4,
Ca1_2648153,CTTTT/CTTTTT,CTTTT/CTTTT,./.,
 ,84,104,33,
Ca1_2687090,ATT/ATTT,./.,ATT/ATT,
 ,95,5,121,
Ca1_2687105,GTTTTTT/GTTTTTT,GTTTTTT/GTTTTT,./.,
 ,87,129,5,
Ca1_2689065,ATTTTT/ATTTTT,ATTTTT/ATTTT,./.,
 ,151,63,7,
Ca1_2825585,./.,CAAAA/CAAA,CAAA/CAAA,CAAAA/CAAAA,
 ,20,127,1,73,
Ca1_2835953,G/GT,./.,G/G,
 ,47,3,171,
Ca1_2930551,CTTTT/CTTTTT,CTTTT/CTTTT,./.,
 ,43,171,7,
Ca1_2930555,TCCCCC/TCCCCCC,./.,TCCCCC/TCCCCC,
 ,178,6,37,
Ca1_2930560,CTT/CTT,CTT/CTTT,./.,
 ,121,94,6,
Ca1_2931607,CAAAAAAAAA/CAAAAAAAAA,CAAAAAAAAAA/CAAAAAAAAAA,./.,CAAAAAAAAAA/CAAAAAAAAA,
 ,32,42,11,136,
Ca1_2964140,GAAAAA/GAAAAA,./.,GAAAAA/GAAAA,
 ,122,2,97,
Ca1_2980550,AT/AT,AT/A,
 ,79,142,
Ca1_3013051,TCCCCCC/TCCCCCCC,./.,TCCCCCCC/TCCCCCCC,TCCCCCC/TCCCCCC,
 ,185,20,5,11,
Ca1_3083587,CAAAAAA/CAAAAAA,./.,CAAAAAA/CAAAAAAA,
 ,138,4,79,
Ca1_3115268,CTTTT/CTTTTT,CTTTTT/CTTTTT,CTTTT/CTTTT,./.,
 ,98,1,120,2,
Ca1_3143750,ATTTTTT/ATTTTT,ATTTTTT/ATTTTTT,./.,
 ,117,95,9,
Ca1_3154413,GAAAA/GAAAAA,./.,GAAAA/GAAAA,
 ,43,34,144,
Ca1_3208818,G/GT,./.,G/G,
 ,75,31,115,
Ca1_3248863,ATTTTT/ATTTTT,./.,ATTTTT/ATTTTTT,
 ,160,13,48,
Ca1_3250391,CAAAAA/CAAAAAA,./.,CAAAAA/CAAAAA,
 ,58,18,145,
Ca1_3348632,TAA/TAA,./.,TAA/TAAA,
 ,147,17,57,
Ca1_3362948,ATTTTT/ATTTTT,ATTTTT/ATTTT,./.,
 ,54,124,43,
Ca1_3376209,ATTTTT/ATTTTT,./.,ATTTTT/ATTTTTT,
 ,87,18,116,
Ca1_3396276,TAAAA/TAAAA,TAAAA/TAAA,./.,
 ,54,163,4,
Ca1_3414092,./.,TAAAA/TAAAA,TAAAA/TAAA,TAAA/TAAA,
 ,2,41,176,2,
Ca1_3426240,TAAAAA/TAAAAA,./.,TAAAAA/TAAAAAA,
 ,164,15,42,
Ca1_3432428,./.,CAAAAA/CAAAAA,CAAAAA/CAAAA,
 ,26,127,68,
Ca1_3468854,CAAAAAA/CAAAAA,CAAAAAA/CAAAAAA,./.,
 ,48,131,42,
Ca1_3468986,TAAAAAAAA/TAAAAAAA,./.,TAAAAAAAA/TAAAAAAAA,
 ,41,41,139,
Ca1_3469034,./.,GAAAA/GAAAA,GAAAA/GAAA,
 ,7,165,49,
Ca1_3521694,TAAAAA/TAAAAA,TAAAAA/TAAAA,./.,
 ,106,77,38,
Ca1_3549779,GCC/GCC,./.,GCC/GC,
 ,127,2,92,
Ca1_3648369,ATTTTT/ATTTTT,ATTTTT/ATTTT,./.,ATTTT/ATTTT,
 ,10,199,10,2,
Ca1_3707989,TAAA/TAAA,TAAA/TAAAA,./.,
 ,158,44,19,
Ca1_3708006,TAAAAA/TAAAAA,./.,TAAAAA/TAAAAAA,
 ,153,25,43,
Ca1_3777204,CAAAA/CAAAAA,./.,CAAAA/CAAAA,
 ,90,26,105,
Ca1_3777217,./.,CTTTTTT/CTTTTTT,CTTTTTT/CTTTTT,
 ,33,95,93,
Ca1_3777323,C/C,./.,C/T,T/T,
 ,77,38,6,100,
Ca1_3825945,G/G,C/G,C/C,
 ,127,2,92,
Ca1_3832910,CAAA/CAAA,./.,CAAA/CAAAA,
 ,145,33,43,
Ca1_3832916,./.,CAAAA/CAAA,CAAA/CAAA,CAAAA/CAAAA,
 ,29,59,1,132,
Ca1_3832996,TAAAA/TAAAAA,TAAAA/TAAAA,./.,
 ,51,142,28,
Ca1_3833019,./.,TAAAA/TAAAA,TAAAA/TAAA,TAAA/TAAA,
 ,40,33,146,2,
Ca1_3878032,CAA/CAA,CAA/CA,./.,
 ,114,103,4,
Ca1_3908852,GAAA/GAA,GAAA/GAAA,./.,
 ,65,155,1,
Ca1_3908939,CT/CT,CT/CGT,./.,CGT/CGT,
 ,1,152,35,33,
Ca1_3909036,./.,CTTTTTT/CTTTTTTT,CTTTTTT/CTTTTTT,
 ,36,45,140,
Ca1_3909047,TTC/T,TTC/TTC,./.,
 ,48,133,40,
Ca1_3909138,TAAA/TAAA,TAAA/TAA,./.,
 ,91,96,34,
Ca1_3957775,CAAAAAAAA/CAAAAAAA,CAAAAAAAA/CAAAAAAAA,./.,CAAAAAAA/CAAAAAAA,
 ,111,84,19,7,
Ca1_3964397,A/AG,./.,A/A,
 ,72,11,138,
Ca1_3964410,GTTTT/GTTTTT,./.,GTTTT/GTTTT,
 ,167,11,43,
Ca1_3985727,GTTTT/GTTTT,GTTTT/GTTT,./.,
 ,67,122,32,
Ca1_3985791,GAAAAAA/GAAAAA,./.,GAAAAAA/GAAAAAA,
 ,110,23,88,
Ca1_3985872,CTTTTT/CTTTTT,CTTTTT/CTTTT,./.,
 ,83,130,8,
Ca1_3985946,TAAAA/TAAAAA,TAAAA/TAAAA,./.,
 ,51,167,3,
Ca1_3985950,ATTTTT/ATTTTT,./.,ATTTTT/ATTTTTT,
 ,162,2,57,
Ca1_3986012,CTTTTT/CTTTTT,CTTTTT/CTTTT,./.,
 ,167,50,4,
Ca1_3990314,ATT/AT,./.,ATT/ATT,
 ,69,30,122,
Ca1_3990326,./.,GTTTTT/GTTTTTT,GTTTTT/GTTTTT,
 ,33,52,136,
Ca1_3990348,GTTTT/GTTTT,GTTTT/GTTT,./.,GTTT/GTTT,
 ,11,173,30,7,
Ca1_3990355,ATTTTT/ATTTTT,ATTTTTT/ATTTTTT,./.,ATTTTT/ATTTTTT,
 ,103,1,35,82,
Ca1_3990412,GAAAAAA/GAAAAA,GAAAAA/GAAAAA,./.,GAAAAAA/GAAAAAA,
 ,159,2,25,35,
Ca1_4034786,TGG/TGGG,./.,TGG/TGG,
 ,42,25,154,
Ca1_4059137,GAAAAA/GAAAAA,./.,GAAAAA/GAAAA,
 ,155,25,41,
Ca1_4059165,ATTTTT/ATTTTT,ATTTTT/ATTTT,./.,ATTTT/ATTTT,
 ,1,181,34,5,
Ca1_4090659,ATT/AT,./.,ATT/ATT,
 ,55,4,162,
Ca1_4092748,./.,TA/TA,TA/TAA,
 ,22,112,87,
Ca1_4092763,CAA/CAA,./.,CAA/CAAA,
 ,61,25,135,
Ca1_4092792,GC/GC,GC/G,./.,
 ,3,194,24,
Ca1_4129451,GCC/GCC,./.,GCC/GCCC,
 ,145,15,61,
Ca1_4129505,CAAA/CAA,CAAA/CAAA,./.,
 ,39,149,33,
Ca1_4130312,A/AG,./.,A/A,
 ,157,8,56,
Ca1_4173578,GCC/GCC,./.,GCC/GC,
 ,155,5,61,
Ca1_4174206,TAAA/TAAA,TAAA/TAAAA,./.,
 ,110,110,1,
Ca1_4209222,ATTTTT/ATTTTT,ATTTTT/ATTTT,./.,
 ,161,47,13,
Ca1_4270687,CAAAA/CAAA,./.,CAAAA/CAAAA,
 ,79,10,132,
Ca1_4310179,ATTT/ATTTT,ATTT/ATTT,
 ,204,17,
Ca1_4310321,./.,G/G,G/T,T/T,
 ,2,126,2,91,
Ca1_4311620,CTTTTT/CTTTTT,CTTTTT/CTTTT,./.,
 ,63,156,2,
Ca1_4420477,./.,CTTTTTT/CTTTTTT,CTTTTTT/CTTTTT,
 ,3,161,57,
Ca1_4427397,C/C,C/A,
 ,101,120,
Ca1_4427434,T/G,T/T,
 ,120,101,
Ca1_4427435,T/C,T/T,
 ,120,101,
Ca1_4427451,A/A,G/G,A/G,
 ,176,1,44,
Ca1_4467950,ATTTTTT/ATTTTTTT,ATTTTTT/ATTTTTT,./.,
 ,72,135,14,
Ca1_4468106,./.,TAAAA/TAAAA,TAAAA/TAAA,TAAA/TAAA,
 ,6,26,188,1,
Ca1_4468165,CAAAA/CAAA,./.,CAAAA/CAAAA,
 ,54,15,152,
Ca1_4468199,./.,ACCCCC/ACCCCCC,ACCCCC/ACCCCC,
 ,17,57,147,
Ca1_4468996,CTTTTT/CTTTTT,CTTTTT/CTTTT,./.,
 ,132,77,12,
Ca1_4469771,CTTT/CTTTT,./.,CTTT/CTTT,
 ,82,2,137,
Ca1_4470061,./.,TAAAA/TAAAA,TAAAA/TAAA,TAAA/TAAA,
 ,36,3,157,25,
Ca1_4512739,GAAAAA/GAAAAA,./.,GAAAAA/GAAAA,
 ,123,38,60,
Ca1_4578886,./.,ATTT/ATTTT,ATTT/ATTT,
 ,19,63,139,
Ca1_4593515,TAAAA/TAAAA,TAAAA/TAAA,./.,
 ,128,59,34,
Ca1_4593524,GAAAAA/GAAAAA,./.,GAAAAA/GAAAA,
 ,43,29,149,
Ca1_4594809,CTTTT/CTTTT,./.,CTTTT/CTTT,
 ,146,26,49,
Ca1_4599548,TAAA/TAAA,TAAA/TAA,./.,TAA/TAA,
 ,14,195,10,2,
Ca1_4628253,ATT/AT,./.,ATT/ATT,
 ,101,1,119,
Ca1_4635569,ATTTT/ATTT,ATTTT/ATTTT,./.,
 ,112,94,15,
Ca1_4688290,ATTTT/ATTTTT,ATTTT/ATTTT,./.,
 ,81,111,29,
Ca1_4732668,A/A,./.,G/G,A/G,
 ,93,1,125,2,
Ca1_4766682,ATTT/ATT,./.,ATT/ATT,ATTT/ATTT,
 ,209,6,1,5,
Ca1_4798007,ATTT/ATT,./.,ATT/ATT,ATTT/ATTT,
 ,207,3,1,10,
Ca1_4804431,CAAAAAAAA/CAAAAAAA,CAAAAAAAA/CAAAAAAAA,./.,CAAAAAAA/CAAAAAAA,
 ,111,67,36,7,
Ca1_4804454,CAA/CAA,./.,CAA/CAAA,
 ,64,24,133,
Ca1_4944779,CAAA/CAAA,CAAA/CAAAA,
 ,173,48,
Ca1_4944790,CAAA/CAAA,./.,CAAA/CAAAA,
 ,161,1,59,
Ca1_4944800,TGG/TTGGG,./.,TGG/TGG,
 ,60,3,158,
Ca1_4944804,./.,CTTTTTT/CTTTTTTT,CTTTTTT/CTTTTTT,
 ,3,165,53,
Ca1_4944817,G/GT,./.,G/G,
 ,80,7,134,
Ca1_4946799,GAA/GAA,./.,GAA/GA,
 ,129,3,89,
Ca1_4946890,GTTTTTT/GTTTTTT,GTTTTTTT/GTTTTTTT,./.,GTTTTTT/GTTTTTTT,
 ,58,2,31,130,
Ca1_4954104,GTTT/GTTT,GTTT/GTTTT,./.,
 ,152,50,19,
Ca1_5110917,TAAA/TAAA,TAAA/TAAAA,./.,
 ,171,42,8,
Ca1_5147421,CAAAA/CAAA,./.,CAAAA/CAAAA,
 ,108,10,103,
Ca1_5147928,CTTTTTTTT/CTTTTTTT,CTTTTTTT/CTTTTTTT,./.,CTTTTTTTT/CTTTTTTTT,
 ,113,2,13,93,
Ca1_5162024,TAAAAA/TAAAAA,./.,TAAAAA/TAAAAAA,
 ,93,22,106,
Ca1_5241744,CAAA/CAA,./.,CAAA/CAAA,CAA/CAA,
 ,165,18,34,4,
Ca1_5254921,CAAA/CAAA,./.,CAAA/CAAAA,
 ,157,12,52,
Ca1_5254950,TAAAAAA/TAAAAAAA,./.,TAAAAAA/TAAAAAA,
 ,123,9,89,
Ca1_5377042,CAAAA/CAAAAA,./.,CAAAA/CAAAA,
 ,66,11,144,
Ca1_5377077,ATTT/ATT,./.,ATTT/ATTT,
 ,102,18,101,
Ca1_5415125,ATTT/ATT,./.,ATTT/ATTT,
 ,91,8,122,
Ca1_5415132,TAAAAAA/TAAAAAAA,./.,TAAAAAA/TAAAAAA,
 ,45,4,172,
Ca1_5510613,GTT/GTTT,GTT/GTT,./.,
 ,123,71,27,
Ca1_5510644,A/A,./.,G/G,A/G,
 ,114,18,82,7,
Ca1_5568480,C/C,./.,G/G,G/C,
 ,86,10,119,6,
Ca1_5568485,C/C,T/C,./.,T/T,
 ,87,6,9,119,
Ca1_5568485_1,AAAT/AAT,AAT/AAT,
 ,172,49,
Ca1_5601530,C/C,./.,G/G,G/C,
 ,92,2,122,5,
Ca1_5601589,T/A,T/T,./.,A/A,
 ,6,122,1,92,
Ca1_5606168,G/A,A/A,./.,G/G,
 ,11,94,43,73,
Ca1_5606284,G/A,A/A,./.,G/G,
 ,8,92,20,101,
Ca1_5616463,ATAATT/ATAATT,ATAATTAATT/ATAATT,./.,ATAATTAATT/ATAATTAATT,
 ,122,4,13,82,
Ca1_5616479,T/T,./.,C/T,C/C,
 ,90,3,4,124,
Ca1_5641505,./.,G/G,C/G,C/C,
 ,23,104,6,88,
Ca1_5641507,T/G,./.,G/G,T/T,
 ,6,23,105,87,
Ca1_5653773,GTTTT/GTTTTT,./.,GTTTT/GTTTT,
 ,85,39,97,
Ca1_5654605,A/A,./.,G/G,A/G,
 ,91,3,124,3,
Ca1_5670145,GTT/GTTT,GTT/GTT,./.,
 ,42,156,23,
Ca1_5670172,CAAA/CAAA,./.,CAAA/CAAAA,CAAAA/CAAAA,
 ,72,24,14,111,
Ca1_5751450,C/C,./.,C/T,T/T,
 ,90,11,6,114,
Ca1_5751522,CAAAA/CAAA,./.,CAAAA/CAAAA,
 ,60,13,148,
Ca1_5751546,A/A,T/T,./.,T/A,
 ,114,93,12,2,
Ca1_5804466,ATTTTTT/ATTTTTTT,ATTTTTT/ATTTTTT,./.,
 ,77,129,15,
Ca1_5831973,GAAAAAA/GAAAAA,GAAAAA/GAAAAA,./.,GAAAAAA/GAAAAAA,
 ,166,3,14,38,
Ca1_5871121,CTTTTT/CTTTTT,CTTTTT/CTTTT,./.,
 ,140,73,8,
Ca1_5871231,CTT/CTT,./.,CTT/CT,
 ,98,19,104,
Ca1_5895625,./.,CAAAAA/CAAAAA,CAAAAA/CAAAA,
 ,12,135,74,
Ca1_6085919,TAAAA/TAAAAA,TAAAA/TAAAA,./.,
 ,40,160,21,
Ca1_6085929,TAAAA/TAAAAA,TAAAA/TAAAA,./.,TAAAAA/TAAAAA,
 ,93,111,16,1,
Ca1_6085990,TAAAAA/TAAAAA,./.,TAAAAA/TAAAAAA,TAAAAAA/TAAAAAA,
 ,104,17,98,2,
Ca1_6086074,CAAA/CAA,CAAA/CAAA,./.,
 ,78,135,8,
Ca1_6130861,./.,G/G,C/G,C/C,
 ,4,122,6,89,
Ca1_6159460,ATTT/ATT,./.,ATTT/ATTT,
 ,68,4,149,
Ca1_6159535,T/TA,./.,T/T,
 ,96,5,120,
Ca1_6160440,./.,AC/AC,AC/ACC,
 ,5,169,47,
Ca1_6160441,CAA/CAA,./.,CAA/CAAA,
 ,173,4,44,
Ca1_6186484,ATTT/ATT,./.,ATTT/ATTT,
 ,131,4,86,
Ca1_6312290,G/A,A/A,G/G,
 ,4,131,86,
Ca1_6380684,ATT/ATTT,./.,ATT/ATT,
 ,38,35,148,
Ca1_6380707,ATTTT/ATTT,ATTTT/ATTTT,./.,
 ,56,131,34,
Ca1_6403697,GAA/GAA,./.,GAA/GA,
 ,125,43,53,
Ca1_6443493,ATTTTT/ATTTTT,./.,ATTTTT/ATTTTTT,
 ,139,38,44,
Ca1_6443501,GTTTT/GTTTT,./.,GTTTT/GTTTTT,
 ,136,34,51,
Ca1_6552304,CTTT/CTT,CTTT/CTTT,./.,
 ,129,57,35,
Ca1_6554613,CAAAAAA/CAAAAAA,./.,CAAAAAA/CAAAAAAA,
 ,158,1,62,
Ca1_6650781,GCC/GCC,./.,GCC/GC,
 ,122,39,60,
Ca1_6694657,T/T,./.,C/T,C/C,
 ,81,1,5,134,
Ca1_6705767,A/A,C/C,./.,C/A,
 ,74,123,15,9,
Ca1_6705773,./.,GTTTTT/GTTTTTT,GTTTTT/GTTTTT,
 ,28,45,148,
Ca1_6705782,GTTTT/GTTTTT,./.,GTTTT/GTTTT,
 ,105,18,98,
Ca1_6705790,CTTT/CTTTT,./.,CTTT/CTTT,
 ,51,15,155,
Ca1_6705795,C/C,T/C,./.,T/T,
 ,78,6,11,126,
Ca1_6708957,C/C,T/C,T/T,
 ,86,1,134,
Ca1_6714297,A/A,T/T,./.,A/T,
 ,128,74,10,9,
Ca1_6738650,TAAAAAA/TAAAAA,./.,TAAAAAA/TAAAAAA,
 ,154,10,57,
Ca1_6774685,ATTTT/ATTT,ATTTT/ATTTT,./.,
 ,47,157,17,
Ca1_6774742,GAAA/GAA,GAAA/GAAA,./.,
 ,74,127,20,
Ca1_6774750,./.,GAAAA/GAAAA,GAAAA/GAAA,
 ,15,159,47,
Ca1_6947239,GAAA/GAA,GAAA/GAAA,./.,
 ,157,55,9,
Ca1_6947262,./.,GAAAA/GAAAA,GAAAA/GAAA,
 ,15,110,96,
Ca1_6947280,C/C,T/C,./.,T/T,
 ,81,2,13,125,
Ca1_7000817,GAAAAA/GAAAAA,./.,GAAAAA/GAAAA,
 ,88,16,117,
Ca1_7079109,C/C,T/C,./.,T/T,
 ,87,10,6,118,
Ca1_7079149,G/A,A/A,G/G,
 ,1,86,134,
Ca1_7079273,TAAAAAAA/TAAAAAAA,./.,TAAAAAAA/TAAAAAAAA,
 ,98,11,112,
Ca1_7079346,A/A,T/T,./.,T/A,
 ,82,128,5,6,
Ca1_7079360,./.,G/G,G/T,T/T,
 ,5,128,8,80,
Ca1_7119235,C/C,T/C,T/T,
 ,85,2,134,
Ca1_7123545,CAA/CAA,./.,CAA/CAAA,
 ,158,16,47,
Ca1_7123547,ATTTT/ATTTTT,ATTTT/ATTTT,./.,
 ,88,116,17,
Ca1_7123564,C/C,T/C,./.,T/T,
 ,64,7,24,126,
Ca1_7124619,C/C,./.,G/G,G/C,
 ,79,3,133,6,
Ca1_7124624,T/A,T/T,./.,A/A,
 ,8,132,3,78,
Ca1_7124670,A/A,T/T,./.,A/T,
 ,128,69,17,7,
Ca1_7124777,ATTTTTT/ATTTTTTT,ATTTTTT/ATTTTTT,./.,
 ,51,167,3,
Ca1_7557019,CAAA/CAA,CAAA/CAAA,./.,
 ,126,91,4,
Ca1_7596063,CTTTT/CTTTT,CTTT/CTTT,./.,CTTTT/CTTT,
 ,1,2,8,210,
Ca1_7596080,ACC/ACCC,./.,ACC/ACC,
 ,135,3,83,
Ca1_7596142,GCATTTTCATTTTCATTTTCATTTTCATTTTC/GTCATTTTCATTTTCATTTTCATTTTCATTTTC,GCATTTTCATTTTCATTTTCATTTTCATTTTC/GCATTTTCATTTTCATTTTCATTTTCATTTTC,./.,
 ,86,130,5,
Ca1_7612504,ACC/AC,./.,ACC/ACC,
 ,109,35,77,
Ca1_7612551,./.,CAAAAA/CAAAAA,CAAAAA/CAAAA,
 ,34,63,124,
Ca1_7663952,./.,ATTT/ATTTT,ATTT/ATTT,
 ,25,88,108,
Ca1_7667322,T/TA,./.,T/T,
 ,89,8,124,
Ca1_7667358,CAA/CAA,CAA/CA,./.,
 ,32,185,4,
Ca1_7725127,./.,CTTTTTT/CTTTTTT,CTTTTTT/CTTTTTTT,
 ,6,163,52,
Ca1_7725243,ATTTTT/ATTTTT,ATTTTT/ATTTT,./.,ATTTT/ATTTT,
 ,46,166,8,1,
Ca1_7732680,ATTTTTT/ATTTTTTT,ATTTTTT/ATTTTTT,./.,
 ,85,132,4,
Ca1_7732716,CTTTT/CTTTTT,CTTTT/CTTTT,./.,
 ,45,172,4,
Ca1_7734659,CTT/CTT,CTT/CTTT,./.,
 ,167,43,11,
Ca1_7734677,ATTTT/ATTT,ATTTT/ATTTT,./.,
 ,76,137,8,
Ca1_7734868,CTTT/CTTTT,./.,CTTT/CTTT,
 ,95,11,115,
Ca1_7741278,CTTTT/CTTTT,CTTT/CTTT,./.,CTTTT/CTTT,
 ,28,11,39,143,
Ca1_7741338,TAAAAAAAAA/TAAAAAAAAA,TAAAAAAAAAA/TAAAAAAAAAA,./.,TAAAAAAAAAA/TAAAAAAAAA,
 ,24,24,45,128,
Ca1_7750192,./.,CAAAAA/CAAAAA,CAAAAA/CAAAA,
 ,3,68,150,
Ca1_7773094,ATTTTTTTTTT/ATTTTTTTTT,./.,ATTTTTTTTTT/ATTTTTTTTTT,ATTTTTTTTT/ATTTTTTTTT,
 ,96,16,106,3,
Ca1_7790873,ATTT/ATT,./.,ATTT/ATTT,
 ,128,3,90,
Ca1_7808544,T/G,./.,G/G,T/T,
 ,76,24,119,2,
Ca1_7808547,C/C,T/C,./.,T/T,
 ,105,94,17,5,
Ca1_7810960,ATT/ATTT,./.,ATT/ATT,ATTT/ATTT,
 ,81,18,121,1,
Ca1_7855771,CTTTT/CTTTT,./.,CTTTT/CTTT,
 ,102,9,110,
Ca1_7855799,ATTT/ATT,./.,ATTT/ATTT,
 ,125,10,86,
Ca1_7882883,CAAAA/CAAA,./.,CAAAA/CAAAA,
 ,38,37,146,
Ca1_7882891,GTTT/GTTT,GTTT/GTTTT,./.,
 ,145,44,32,
Ca1_7883407,AG/A,./.,AG/AG,
 ,60,7,154,
Ca1_7886448,TCCCCC/TCCCCCC,./.,TCCCCC/TCCCCC,
 ,128,6,87,
Ca1_7891729,GTTT/GTTT,GTTT/GTTTT,./.,
 ,172,48,1,
Ca1_7905965,CTTT/CTTTT,./.,CTTT/CTTT,
 ,110,35,76,
Ca1_7906017,./.,CTTTTTT/CTTTTTT,CTTTTTT/CTTTTT,
 ,30,64,127,
Ca1_7928438,GTTTTTT/GTTTTTT,GTTTTTT/GTTTTT,./.,
 ,135,81,5,
Ca1_7940168,CTTTT/CTTTTT,CTTTT/CTTTT,./.,
 ,121,86,14,
Ca1_7940252,A/A,C/A,./.,C/C,
 ,16,178,16,11,
Ca1_7940321,GAAAAAA/GAAAAAAA,./.,GAAAAAA/GAAAAAA,
 ,52,3,166,
Ca1_7972425,ATTTT/ATTT,ATTTT/ATTTT,./.,ATTT/ATTT,
 ,161,28,28,4,
Ca1_7972434,GAAAAAAAAAA/GAAAAAAAAA,GAAAAAAAAA/GAAAAAAAAA,./.,GAAAAAAAAAA/GAAAAAAAAAA,
 ,93,8,32,88,
Ca1_7980155,TCCCC/TCCCCC,TCCCC/TCCCC,./.,
 ,60,132,29,
Ca1_7980159,CAAA/CAA,CAAA/CAAA,./.,
 ,73,121,27,
Ca1_7989041,TAAAAA/TAAAAA,./.,TAAAAA/TAAAAAA,TAAAAAA/TAAAAAA,
 ,28,17,175,1,
Ca1_7989047,GAAAAA/GGAAAAAA,GAAAAA/GAAAAA,./.,GGAAAAAA/GGAAAAAA,
 ,148,44,28,1,
Ca1_7989061,./.,GAAAAAAA/GAAAAAAA,GAAAAAAA/GAAAAAA,
 ,28,149,44,
Ca1_7989073,GAAAA/GAAAAA,./.,GAAAA/GAAAA,
 ,60,33,128,
Ca1_7999604,TAAAAA/TAAAAA,./.,TAAAAA/TAAAAAA,
 ,155,22,44,
Ca1_7999644,./.,GAAA/GAAAA,GAAA/GAAA,
 ,9,58,154,
Ca1_7999665,GAA/GAAA,GAAA/GAAA,./.,GAA/GAA,
 ,144,3,26,48,
Ca1_7999668,TAAAAAAA/TAAAAAA,TAAAAAAA/TAAAAAAA,./.,
 ,54,146,21,
Ca1_8154785,ATTTTTT/ATTTTT,ATTTTTT/ATTTTTT,./.,
 ,180,39,2,
Ca1_8160083,./.,TGGGG/TGGG,TGGGG/TGGGG,
 ,17,42,162,
Ca1_8270428,TCC/TCCC,TCC/TCC,./.,
 ,124,93,4,
Ca1_8270479,CAA/CAA,./.,CAA/CAAA,
 ,159,8,54,
Ca1_8423517,CAAAA/CAAA,./.,CAAAA/CAAAA,
 ,94,10,117,
Ca1_8433322,CACG/CACG,./.,CACG/CGACG,
 ,83,4,134,
Ca1_8433354,TGAA/TAA,TGAA/TGAA,./.,TAA/TAA,
 ,204,3,5,9,
Ca1_8561667,CGGG/CGGGG,CGGG/CGGG,
 ,118,103,
Ca1_8563454,ATTTTT/ATTTTT,./.,ATTTTT/ATTTTTT,
 ,159,1,61,
Ca1_8592081,ATTTTTTTT/ATTTTTTTTT,ATTTTTTTT/ATTTTTTTT,./.,
 ,56,164,1,
Ca1_8600227,CAAA/CAA,CAAA/CAAA,./.,
 ,67,142,12,
Ca1_8600361,CAAA/CAA,CAA/CAA,./.,CAAA/CAAA,
 ,174,9,21,17,
Ca1_8600364,AGGG/AGGG,AGGG/AGG,./.,AGG/AGG,
 ,121,59,38,3,
Ca1_8611946,TG/TG,./.,TG/T,T/T,
 ,31,10,179,1,
Ca1_8648813,ATTT/ATT,./.,ATT/ATT,
 ,137,34,50,
Ca1_8665800,ATTTT/ATTT,ATTTT/ATTTT,./.,
 ,139,67,15,
Ca1_8684223,TG/TG,./.,TGG/TG,TGG/TGG,
 ,11,28,180,2,
Ca1_8740824,CAAAA/CAAA,./.,CAAAA/CAAAA,
 ,65,6,150,
Ca1_8759213,G/GT,./.,G/G,
 ,120,14,87,
Ca1_8759390,./.,GCCCCC/GCCCCCC,GCCCCC/GCCCCC,
 ,1,48,172,
Ca1_8759552,GAAAAA/GAAAAA,./.,GAAAAA/GGAAAAAA,
 ,154,22,45,
Ca1_8759560,TAAAAA/TAAAAA,TAAAAA/TAAAA,./.,
 ,98,103,20,
Ca1_8769737,TAAA/TAAA,TAAA/TAAAA,./.,
 ,120,94,7,
Ca1_8791919,TAAAAAA/TAAAAAAA,./.,TAAAAAA/TAAAAAA,
 ,123,16,82,
Ca1_8791925,ATT/ATTT,./.,ATT/ATT,
 ,134,17,70,
Ca1_8791940,TAA/TAA,./.,TAA/TAAA,
 ,94,3,124,
Ca1_8791975,ATTTT/ATTTTT,ATTTT/ATTTT,./.,
 ,74,141,6,
Ca1_8791991,ATTTTT/ATTTTT,ATTTTT/ATTTT,./.,
 ,171,44,6,
Ca1_8837423,TAAAAA/TAAAAA,./.,TAAAAA/TAAAAAA,
 ,124,28,69,
Ca1_8863806,./.,G/G,G/T,
 ,3,27,191,
Ca1_8865123,./.,CAAAAAA/CAAAAAA,CAAAAAAA/CAAAAAA,CAAAAAAA/CAAAAAAA,
 ,17,1,60,143,
Ca1_8972156,TCCCC/TCCCCC,TCCCC/TCCCC,./.,
 ,82,137,2,
Ca1_8972166,TCCC/TCCC,TCCC/TCCCC,./.,
 ,44,176,1,
Ca1_8999479,GTTTT/GTTTT,GTTTT/GTTT,
 ,139,82,
Ca1_9089729,CGG/CGG,./.,CGG/CG,
 ,172,2,47,
Ca1_9122889,CAAAAA/CAAAAAA,./.,CAAAAA/CAAAAA,
 ,51,20,150,
Ca1_9161643,CAAAAAA/CAAAAA,CAAAAAA/CAAAAAA,./.,CAAAAA/CAAAAA,
 ,172,37,9,3,
Ca1_9230835,CTTTTTTTTTT/CTTTTTTTTTT,CTTTTTTTTTT/CTTTTTTTTT,CTTTTTTTTT/CTTTTTTTTT,./.,
 ,115,83,4,19,
Ca1_9230846,./.,C/CT,C/C,
 ,8,69,144,
Ca1_9249670,A/ATC,./.,ATC/ATC,A/A,
 ,145,14,59,3,
Ca1_9249671,GC/GC,GC/GCTC,./.,GCTC/GCTC,
 ,3,145,14,59,
Ca1_9277077,TAAAAA/TAAAAA,./.,TAAAAA/TAAAAAA,
 ,50,11,160,
Ca1_9332117,TAAAAA/TAAAAA,TAAAAA/TAAAA,./.,
 ,129,91,1,
Ca1_9364959,GCCC/GCCC,./.,GCCC/G,
 ,112,25,84,
Ca1_9401596,CAAAAAA/CAAAAAA,./.,CAAAAAA/CAAAAAAA,
 ,114,12,95,
Ca1_9401602,AT/AT,./.,AT/AGT,
 ,137,14,70,
Ca1_9419641,CTTTT/CTTTTT,CTTTT/CTTTT,./.,
 ,130,89,2,
Ca1_9420527,CAAA/CAAA,./.,CAAA/CAAAA,
 ,168,3,50,
Ca1_9426629,TAAA/TAAA,TAAA/TAAAA,./.,
 ,124,82,15,
Ca1_9441784,./.,GAAAA/GAAAA,GAAAA/GAAA,
 ,20,116,85,
Ca1_9441862,TAAAA/TAAAAA,TAAAA/TAAAA,./.,
 ,53,146,22,
Ca1_9479142,CTT/CTT,CTT/CTTT,./.,
 ,146,64,11,
Ca1_9522859,G/G,G/T,T/T,
 ,102,4,115,
Ca1_9573899,CAAAAAA/CAAAAA,CAAAAAA/CAAAAAA,./.,
 ,53,165,3,
Ca1_9594391,T/T,./.,C/T,C/C,
 ,118,2,3,98,
Ca1_9651116,CTTT/CTT,CTTT/CTTT,./.,
 ,78,136,7,
Ca1_9651209,TAAA/TAAA,TAAA/TAA,./.,
 ,126,83,12,
Ca1_9707329,CAA/CAA,CAA/CA,./.,
 ,121,75,25,
Ca1_9782264,./.,GAAA/GAAA,GAAAA/GAAAA,GAAAA/GAAA,
 ,4,1,22,194,
Ca1_9800019,CTT/CTT,CTT/CTTT,./.,
 ,109,111,1,
Ca1_9817885,./.,CTTTTTT/CTTTTTT,CTTTTTT/CTTTTTTT,
 ,3,167,51,
Ca1_9817891,TA/TTAA,./.,TA/TA,
 ,169,3,49,
Ca1_9817892,ATTTTTTTT/ATTTTTTTT,AATTTTTTTTT/AATTTTTTTTT,ATTTTTTTT/AATTTTTTTTT,./.,
 ,102,2,114,3,
Ca1_9835284,CAA/CAA,CAA/CA,
 ,74,147,
Ca1_9837328,AGGGGG/AGGGGGG,./.,AGGGGG/AGGGGG,
 ,61,4,156,
Ca1_9850481,CAAAAA/CAAAAAA,./.,CAAAAA/CAAAAA,
 ,49,9,163,
Ca1_9850543,CAAAA/CAAA,./.,CAAAA/CAAAA,
 ,128,19,74,
Ca1_9850565,CAAAA/CAAAAA,./.,CAAAA/CAAAA,
 ,50,10,161,
Ca1_9858008,CTTTT/CTTTTT,CTTTT/CTTTT,./.,
 ,147,62,12,
Ca1_9858153,A/AG,./.,A/A,
 ,194,1,26,
Ca1_9911183,GTTTTTT/GTTTTTT,GTTTTTT/GTTTTT,./.,GTTTTT/GTTTTT,
 ,76,139,5,1,
Ca1_9993384,CAAAA/CAAAAA,./.,CAAAA/CAAAA,
 ,46,3,172,
Ca1_9993880,GTTTTTTT/GTTTTTTTT,GTTTTTTT/GTTTTTTT,./.,
 ,74,132,15,
Ca1_9999825,AG/ACG,./.,ACG/ACG,AG/AG,
 ,118,41,2,60,
Ca1_9999829,CTT/CTT,CTT/CTTT,CTTT/CTTT,./.,
 ,26,147,12,36,
Ca1_9999833,G/A,A/A,./.,G/G,
 ,6,87,4,124,
Ca1_9999888,T/C,./.,T/T,C/C,
 ,4,1,124,92,
Ca1_10024112,C/C,./.,G/G,G/C,
 ,92,1,125,3,
Ca1_10024158,TAAAA/TAAAAA,TAAAA/TAAAA,./.,
 ,56,163,2,
Ca1_10024204,CAA/CAA,./.,CAA/CAAA,
 ,141,11,69,
Ca1_10041921,CTTTT/CTTTT,./.,CTTTT/CTTT,
 ,61,15,145,
Ca1_10044606,TAAA/TAAA,TAAA/TAA,./.,
 ,108,74,39,
Ca1_10346954,CAAAAAA/CAAAAAA,./.,CAAAAAA/CAAAAAAA,
 ,145,6,70,
Ca1_10357324,TGGGGGG/TGGGGGG,TGGGGG/TGGGGG,./.,TGGGGG/TGGGGGG,
 ,1,10,43,167,
Ca1_10375288,CTTT/CTT,CTTT/CTTT,./.,
 ,131,84,6,
Ca1_10377938,GC/GC,GCC/GCC,./.,GCC/GC,
 ,1,49,38,133,
Ca1_10429509,CGGGG/CGGGG,./.,CGGGG/CGGGGG,
 ,112,42,67,
Ca1_10482574,./.,C/CT,C/C,
 ,35,55,131,
Ca1_10544345,TAAAAA/TAAAAA,TAAAA/TAAAA,TAAAAA/TAAAA,./.,
 ,9,13,158,41,
Ca1_10546291,C/CA,./.,C/C,
 ,42,18,161,
Ca1_10567558,ATTTTT/ATTTTT,./.,ATTTTT/ATTTTTT,
 ,124,39,58,
Ca1_10567615,GA/GA,./.,GA/GAA,
 ,126,37,58,
Ca1_10567616,ATTTTTT/ATTTTTTT,ATTTTTT/ATTTTTT,./.,
 ,57,128,36,
Ca1_10575488,GAAAAAAAA/GAAAAAAAA,GAAAAAAAA/GAAAAAAA,./.,GAAAAAAA/GAAAAAAA,
 ,21,129,32,39,
Ca1_10649825,CTTT/CTTTT,./.,CTTT/CTTT,
 ,89,13,119,
Ca1_10656523,ATTTTTTTT/ATTTTTTTT,ATTTTTTTTT/ATTTTTTTTT,./.,ATTTTTTTTT/ATTTTTTTT,
 ,16,33,17,155,
Ca1_10656545,CTTTTT/CTTTTT,CTTTTT/CTTTT,./.,
 ,101,99,21,
Ca1_10656585,GTTTT/GTTTTT,./.,GTTTT/GTTTT,
 ,52,26,143,
Ca1_10743889,ATTTT/ATTTTT,ATTTT/ATTTT,./.,
 ,75,140,6,
Ca1_10743967,ATTTTT/ATTTTT,./.,ATTTTT/ATTTTTT,
 ,144,3,74,
Ca1_10754225,GAA/GAA,./.,GAA/GA,
 ,7,2,212,
Ca1_10754372,CAAAA/CAAAAA,./.,CAAAA/CAAAA,
 ,66,8,147,
Ca1_10775365,CAAAA/CAAAAA,./.,CAAAAA/CAAAAA,CAAAA/CAAAA,
 ,84,43,1,93,
Ca1_10788473,CTT/CTT,./.,CTT/CGTT,
 ,161,13,47,
Ca1_10792340,CAAAA/CAAAAA,./.,CAAAA/CAAAA,
 ,60,6,155,
Ca1_10806169,TCCCCC/TCCCCCC,./.,TCCCCC/TCCCCC,
 ,48,10,163,
Ca1_10813879,TAA/TAA,./.,TAA/TAAA,
 ,122,9,90,
Ca1_10814076,ATTTT/ATTT,ATTTT/ATTTT,./.,ATTT/ATTT,
 ,168,42,9,2,
Ca1_10849444,TAAAA/TAAAA,TAAAA/TAAA,./.,
 ,124,91,6,
Ca1_10981597,TAAA/TAAA,TAAA/TAAAA,./.,
 ,148,66,7,
Ca1_11011034,CTTTTT/CTTTT,CTTTTT/CTTTTT,CTTTT/CTTTT,./.,
 ,183,11,13,14,
Ca1_11072185,C/CG,./.,C/C,
 ,108,26,87,
Ca1_11072189,TGGGG/TGGGGG,./.,TGGGG/TGGGG,
 ,138,33,50,
Ca1_11072193,GA/GA,./.,GA/GAA,
 ,83,33,105,
Ca1_11072240,CAAAAAA/CAAAAA,CAAAAAA/CAAAAAA,./.,CAAAAA/CAAAAA,
 ,150,29,39,3,
Ca1_11106320,GAAAAA/GAAAAA,./.,GAAAAA/GAAAA,
 ,136,16,69,
Ca1_11113611,CTTTTTTT/CTTTTTTT,./.,CTTTTTT/CTTTTTTT,CTTTTTT/CTTTTTT,
 ,8,18,171,24,
Ca1_11113671,ATT/ATTT,./.,ATT/ATT,
 ,46,14,161,
Ca1_11166096,CTTTT/CTTTT,./.,CTTTT/CTTT,
 ,92,1,128,
Ca1_11166177,A/A,A/AT,./.,
 ,122,65,34,
Ca1_11219550,TAA/TAA,./.,TAA/TA,
 ,30,1,190,
Ca1_11261577,ATTT/ATT,./.,ATTT/ATTT,
 ,191,8,22,
Ca1_11261594,ATTTTT/ATTTTT,ATTTTT/ATTTT,./.,
 ,146,65,10,
Ca1_11262464,ATTTT/ATTTT,ATTTT/ATTT,
 ,109,112,
Ca1_11262475,C/C,A/A,A/C,
 ,102,112,7,
Ca1_11262554,CTTT/CTTT,./.,CTTTT/CTTT,
 ,19,25,177,
Ca1_11288432,CTTTT/CTTTTT,CTTTT/CTTTT,./.,
 ,100,95,26,
Ca1_11288814,CTT/CTT,CTT/CTTT,./.,
 ,38,178,5,
Ca1_11291581,ATTTTTTT/ATTTTTTT,ATTTTTT/ATTTTTT,./.,ATTTTTTT/ATTTTTT,
 ,88,1,19,113,
Ca1_11291657,ATTTT/ATTTTT,ATTTT/ATTTT,./.,
 ,83,124,14,
Ca1_11309579,ACC/AC,./.,ACC/ACC,
 ,80,3,138,
Ca1_11361195,TAAAAA/TAAAAA,TAAAAA/TAAAA,./.,
 ,158,50,13,
Ca1_11361217,TG/TAG,TG/TG,./.,
 ,87,132,2,
Ca1_11361299,TGG/TGGG,./.,TGG/TGG,
 ,52,10,159,
Ca1_11367304,TAAAAAAA/TAAAAAAA,./.,TAAAAAAA/TAAAAAAAA,TAAAAAAAA/TAAAAAAAA,
 ,130,1,89,1,
Ca1_11539408,AAG/AAG,AAG/A,./.,
 ,148,66,7,
Ca1_11539410,GTTTT/GTTTT,GTTTT/GTTT,./.,
 ,160,55,6,
Ca1_11539446,GTTTT/GTTTT,GTTTT/GTTT,./.,
 ,128,85,8,
Ca1_11541328,./.,CAAA/CAAA,CAAA/CAAAA,
 ,41,124,56,
Ca1_11543193,TAAAAA/TAAAAA,TAAAAA/TAAAAAA,
 ,154,67,
Ca1_11543348,CAAAA/CAAAAA,./.,CAAAA/CAAAA,
 ,72,14,135,
Ca1_11543506,CAGAG/CAGAG,./.,CAG/CAGAG,CAG/CAG,
 ,21,21,156,23,
Ca1_11543608,TAAAA/TAAAAA,TAAAA/TAAAA,./.,
 ,57,144,20,
Ca1_11571571,CGG/CGG,CGG/CG,
 ,166,55,
Ca1_11609694,./.,TA/TA,TA/TAA,
 ,17,142,62,
Ca1_11609704,GAAAAA/GAAAAA,./.,GAAAAA/GAAAA,
 ,155,21,45,
Ca1_11700179,CTTTTT/CTTTTTT,CTTTTT/CTTTTT,./.,
 ,100,119,2,
Ca1_11700954,CTTTT/CTTTT,CTTT/CTTT,./.,CTTTT/CTTT,
 ,31,1,37,152,
Ca1_11721135,ATTTTT/ATTTTT,./.,ATTTTT/ATTTTTT,
 ,84,11,126,
Ca1_11721167,CAAAA/CAAAAA,CAAAA/CAAAA,
 ,61,160,
Ca1_11724483,GTTTTTT/GTTTTTT,./.,GTTTTTT/GTTTTTTT,
 ,168,7,46,
Ca1_11724489,T/TTG,./.,T/T,
 ,43,8,170,
Ca1_11724560,ATTTT/ATTTTT,ATTTT/ATTTT,./.,
 ,144,71,6,
Ca1_11858012,ATTTT/ATTT,ATTTT/ATTTT,./.,
 ,190,5,26,
Ca1_11858105,T/TA,./.,T/T,
 ,65,12,144,
Ca1_11858125,GAAAAAA/GAAAAA,GAAAAA/GAAAAA,./.,GAAAAAA/GAAAAAA,
 ,174,1,23,23,
Ca1_11869189,GTT/GTTT,GTT/GTT,./.,
 ,50,147,24,
Ca1_11907467,CAA/CAA,CAA/CA,./.,CA/CA,
 ,103,116,1,1,
Ca1_11972323,GA/GA,./.,GA/GTA,
 ,118,9,94,
Ca1_11972333,./.,CTTTTTT/CTTTTTTT,CTTTTTT/CTTTTTT,
 ,11,66,144,
Ca1_11984835,./.,GAAAA/GAAAA,GAAAA/GAAA,
 ,6,159,56,
Ca1_12037950,CAAA/CAA,CAAA/CAAA,./.,
 ,98,115,8,
Ca1_12037978,CAAAA/CAAA,./.,CAAAA/CAAAA,
 ,99,8,114,
Ca1_12083490,CTTT/CTTTT,./.,CTTT/CTTT,
 ,114,19,88,
Ca1_12083556,./.,GAAAA/GAAAA,GAAAA/GAAA,
 ,25,104,92,
Ca1_12083620,ATTTT/ATTTTT,ATTTT/ATTTT,./.,
 ,61,138,22,
Ca1_12133565,C/C,./.,G/G,G/C,
 ,114,1,103,3,
Ca1_12247985,AT/A,./.,AT/AT,
 ,110,3,108,
Ca1_12271752,CAAA/CAAA,./.,CAAA/CAAAA,
 ,133,35,53,
Ca1_12294258,ATTTTTTT/ATTTTTTT,./.,ATTTTTTT/ATTTTTT,
 ,153,8,60,
Ca1_12294272,./.,CGA/CA,CGA/CGA,
 ,4,187,30,
Ca1_12405554,CGG/CGG,./.,CGG/CGGG,
 ,149,30,42,
Ca1_12426844,T/C,./.,T/T,C/C,
 ,4,5,98,114,
Ca1_12452687,TCCCC/TCCCCC,TCCCC/TCCCC,./.,
 ,59,155,7,
Ca1_12454043,AGGGG/AGGGG,AGGGG/AGGGGG,./.,
 ,149,41,31,
Ca1_12454081,C/CA,./.,C/C,
 ,45,22,154,
Ca1_12454731,CAAA/CAAA,./.,CAAA/CAAAA,
 ,147,21,53,
Ca1_12454746,ATT/ATTT,./.,ATT/ATT,
 ,58,1,162,
Ca1_12556637,./.,AGG/AG,AGG/AGG,
 ,7,156,58,
Ca1_12557681,ATTT/ATT,./.,ATT/ATT,ATTT/ATTT,
 ,211,1,7,2,
Ca1_12557721,ATTTT/ATTTTT,ATTTT/ATTTT,
 ,152,69,
Ca1_12573038,CTTTT/CTTTT,./.,CTTTT/CTTT,
 ,67,9,145,
Ca1_12620789,CAAAA/CAAAAA,./.,CAAAA/CAAAA,
 ,46,7,168,
Ca1_12642641,GAAA/GAA,GAAA/GAAA,./.,
 ,168,30,23,
Ca1_12642684,TAAAAA/TAAAAA,TAAAA/TAAAA,TAAAAA/TAAAA,./.,
 ,3,65,111,42,
Ca1_12665594,AGGGG/AGGGG,AGGGG/AGGGGG,./.,
 ,156,54,11,
Ca1_12742727,./.,CAAAAA/CAAAAA,CAAAAA/CAAAA,
 ,35,144,42,
Ca1_12768850,TG/TG,./.,TG/TCCGATCG,
 ,120,18,83,
Ca1_12785212,GAAAAAA/GAAAAA,./.,GAAAAAA/GAAAAAA,
 ,73,4,144,
Ca1_12785355,./.,GAAAA/GAAAA,GAAAA/GAAA,
 ,11,108,102,
Ca1_12787867,CTTTTT/CTTTT,CTTTT/CTTTT,./.,CTTTTT/CTTTTT,
 ,205,4,10,2,
Ca1_12787871,./.,TTGGT/TGT,TTGGT/TTGGT,
 ,35,128,58,
Ca1_12836595,TG/TG,./.,TG/TGG,
 ,134,34,53,
Ca1_12836596,GTT/GTTT,GTT/GTT,./.,
 ,47,139,35,
Ca1_12857882,CTTTT/CTTTT,CTTTT/CTTT,
 ,18,203,
Ca1_12857982,GT/GTT,GT/GT,./.,
 ,126,93,2,
Ca1_12857993,TC/T,./.,TC/TC,
 ,56,1,164,
Ca1_12979393,CAAA/CAA,CAA/CAA,./.,CAAA/CAAA,
 ,208,2,6,5,
Ca1_13149115,A/A,A/AT,./.,
 ,133,55,33,
Ca1_13149136,ATT/ATTT,./.,ATT/ATT,
 ,114,31,76,
Ca1_13321804,ATTTT/ATTTTT,ATTTT/ATTTT,./.,
 ,51,155,15,
Ca1_13321813,TAAAAAAA/TAAAAAA,TAAAAAAA/TAAAAAAA,./.,TAAAAAA/TAAAAAA,
 ,166,37,16,2,
Ca1_13321832,GTTTT/GTTTTT,./.,GTTTT/GTTTT,
 ,74,18,129,
Ca1_13435744,TAAAAAA/TAAAAAAA,./.,TAAAAAA/TAAAAAA,
 ,91,8,122,
Ca1_13435750,./.,ATTT/ATTTT,ATTT/ATTT,
 ,8,83,130,
Ca1_13439418,ATTTTTT/ATTTTT,ATTTTTT/ATTTTTT,./.,
 ,62,149,10,
Ca1_13524090,CAA/CAA,./.,CAA/CAAA,
 ,158,13,50,
Ca1_13539537,GC/GC,GCC/GCC,./.,GCC/GC,
 ,2,21,3,195,
Ca1_13539608,TGGGGGG/TGGGGGG,./.,TGGGGGG/TGGGGGGG,
 ,120,16,85,
Ca1_13603679,ATTTTTTTT/ATTTTTTTT,ATTTTTTTTT/ATTTTTTTTT,./.,ATTTTTTTTT/ATTTTTTTT,
 ,2,107,8,104,
Ca1_13603700,CTTTTTTT/CTTTTTTT,./.,CTTTTTT/CTTTTTTT,CTTTTTT/CTTTTTT,
 ,1,6,126,88,
Ca1_13663922,CTTT/CTTTT,./.,CTTT/CTTT,
 ,65,3,153,
Ca1_13756282,./.,TA/TA,TA/TAA,
 ,20,148,53,
Ca1_13756283,ATTTTTT/ATTTTTTT,ATTTTTT/ATTTTTT,./.,
 ,50,157,14,
Ca1_13988042,CAAA/CAA,CAAA/CAAA,./.,CAA/CAA,
 ,153,50,17,1,
Ca1_13988062,ATT/ATTT,./.,ATT/ATT,
 ,43,15,163,
Ca1_14008211,TG/TG,TG/T,
 ,50,171,
Ca1_14023207,TAAAAAAA/TAAAAAA,TAAAAAAA/TAAAAAAA,./.,
 ,86,106,29,
Ca1_14023253,TAAA/TAAA,TAAA/TAAAA,./.,
 ,97,81,43,
Ca1_14148708,GAAAAA/GAAAAA,./.,GAAAAA/GAAAA,
 ,174,1,46,
Ca1_14174024,ATT/AT,./.,ATT/ATT,
 ,74,17,130,
Ca1_14177099,A/A,./.,G/G,A/G,
 ,106,2,108,5,
Ca1_14262996,AT/AT,./.,AT/ATT,
 ,160,11,50,
Ca1_14263026,ATTT/ATT,./.,ATTT/ATTT,
 ,52,12,157,
Ca1_14359078,ATTTT/ATTTTT,ATTTT/ATTTT,./.,
 ,69,146,6,
Ca1_14493370,C/C,./.,C/T,T/T,
 ,106,1,3,111,
Ca1_14493534,ACCC/ACCC,ACCC/ACCCC,
 ,160,61,
Ca1_14493537,CTTTTT/CTTTTT,CTTTTT/CTTTT,
 ,79,142,
Ca1_14512735,./.,CAAAAA/CAAAAA,CAAAAA/CAAAA,
 ,6,113,102,
Ca1_14609559,TCCCCC/TCCCCCC,./.,TCCCCC/TCCCCC,TCCCCCC/TCCCCCC,
 ,93,17,110,1,
Ca1_14611857,GAAA/GAA,GAAA/GAAA,./.,
 ,102,115,4,
Ca1_14611871,CTTTTT/CTTTTT,CTTTTT/CTTTT,./.,
 ,170,47,4,
Ca1_14612700,ATTT/ATT,./.,ATT/ATT,ATTT/ATTT,
 ,172,13,2,34,
Ca1_14627576,./.,T/TTC,T/T,
 ,13,131,77,
Ca1_14627577,CTTTTT/CTTTTTT,CTTTTT/CTTTTT,./.,
 ,134,74,13,
Ca1_14667756,GAAAA/GAAAAA,./.,GAAAA/GAAAA,
 ,106,3,112,
Ca1_14670875,ATTTT/ATTT,ATTTT/ATTTT,./.,
 ,77,140,4,
Ca1_14670892,./.,GAAAA/GAAAA,GAAAA/GAAA,
 ,40,141,40,
Ca1_14810233,CAAAA/CAAAAA,./.,CAAAA/CAAAA,
 ,44,12,165,
Ca1_14810240,CAA/CAA,./.,CAA/CAAA,
 ,142,12,67,
Ca1_14866245,GAAAA/GAAAA,GAAAA/GAAA,
 ,101,120,
Ca1_14866309,TGG/TAGG,./.,TGG/TGG,
 ,88,1,132,
Ca1_14958162,./.,CTTTTTT/CTTTTTT,CTTTTTT/CTTTTT,
 ,1,155,65,
Ca1_14958472,CAAA/CAA,CAAA/CAAA,./.,
 ,131,71,19,
Ca1_14958544,A/AC,./.,A/A,
 ,101,9,111,
Ca1_14964933,A/AC,./.,A/A,
 ,46,1,174,
Ca1_14981831,CAAA/CAA,CAAA/CAAA,./.,
 ,149,64,8,
Ca1_14981912,./.,GAAAA/GAAAA,GAAAA/GAAA,
 ,11,158,52,
Ca1_15059342,./.,GTTTTT/GTTTTTT,GTTTTT/GTTTTT,
 ,4,145,72,
Ca1_15075729,GTTTTTT/GTTTTTT,GTTTTTT/GTTTTT,
 ,123,98,
Ca1_15129344,GTTT/GTTT,GTTT/GTTTT,./.,
 ,112,65,44,
Ca1_15129348,CTTTTT/CTTTTTT,CTTTTT/CTTTTT,./.,
 ,74,106,41,
Ca1_15129458,CAAAA/CAAAAA,./.,CAAAA/CAAAA,
 ,53,8,160,
Ca1_15130651,CAAAA/CAAA,./.,CAAAA/CAAAA,
 ,48,1,172,
Ca1_15193278,ATTTT/ATTT,ATTTT/ATTTT,./.,
 ,91,111,19,
Ca1_15199050,CAA/CAA,./.,CAA/CAAA,
 ,123,12,86,
Ca1_15273189,CTTTT/CTTTTT,CTTTT/CTTTT,./.,
 ,50,149,22,
Ca1_15305724,GTTTTTT/GTTTTTT,./.,GTTTTT/GTTTTTT,GTTTTT/GTTTTT,
 ,1,25,65,130,
Ca1_15305745,./.,GTTTTT/GTTTT,GTTTTT/GTTTTT,
 ,30,50,141,
Ca1_15311088,ACCCC/ACCCC,ACCCC/ACCCCC,./.,
 ,142,38,41,
Ca1_15311429,TCCC/TCCC,TCCC/TCCCC,./.,
 ,101,91,29,
Ca1_15311445,ATTTTT/ATTTTT,ATTTTT/ATTTT,./.,
 ,84,95,42,
Ca1_15331027,./.,GAAAA/GAAAA,GAAAA/GAAA,
 ,9,126,86,
Ca1_15331064,TGGG/TGGGG,./.,TGGG/TGGG,
 ,111,9,101,
Ca1_15331131,GT/GT,./.,GT/G,G/G,
 ,3,5,210,3,
Ca1_15349288,CAAAAAAA/CAAAAAA,./.,CAAAAAAA/CAAAAAAA,
 ,84,20,117,
Ca1_15349713,A/AC,./.,A/A,
 ,68,41,112,
Ca1_15376192,TA/T,./.,TA/TA,
 ,100,1,120,
Ca1_15377183,CTTTT/CTTTT,./.,CTTTT/CTTT,
 ,148,6,67,
Ca1_15381043,ATT/ATTT,./.,ATT/ATT,
 ,51,13,157,
Ca1_15392247,TAAAAA/TAAAAA,./.,TAAAAA/TAAAAAA,
 ,135,5,81,
Ca1_15438348,G/A,A/A,./.,G/G,
 ,64,2,10,145,
Ca1_15608636,AGGGG/AGGGG,AGGGG/AGGGGG,./.,
 ,111,99,11,
Ca1_15693174,TAAA/TAAA,TAAA/TAA,./.,TAA/TAA,
 ,84,117,16,4,
Ca1_15693190,AG/AG,./.,AGG/AG,AGG/AGG,
 ,9,9,200,3,
Ca1_15694974,TCA/TCA,./.,TCA/TA,
 ,137,5,79,
Ca1_15710224,ATTT/ATTTT,ATTT/ATTT,
 ,98,123,
Ca1_15747074,GAAAAA/GAAAAA,./.,GAAAAA/GAAAA,
 ,140,3,78,
Ca1_15747168,TAA/TAA,./.,TAA/TAAA,
 ,117,8,96,
Ca1_15747170,ATTTTTT/ATTTTTTT,ATTTTTT/ATTTTTT,./.,
 ,89,123,9,
Ca1_15804850,GTT/GTTT,GTT/GTT,./.,
 ,48,146,27,
Ca1_15872426,GTTTTTTTTT/GTTTTTTTTT,GTTTTTTTTTT/GTTTTTTTTTT,GTTTTTTTTTT/GTTTTTTTTT,
 ,3,124,94,
Ca1_15872491,ACCCC/ACCCC,ACCCC/ACCCCC,./.,
 ,87,105,29,
Ca1_15916276,ATTTTT/ATTTTT,ATTTTT/ATTTT,./.,
 ,133,79,9,
Ca1_15922290,GCA/GA,./.,GCA/GCA,
 ,69,10,142,
Ca1_15922386,./.,GAAAA/GAAAA,GAAAA/GAAA,
 ,4,163,54,
Ca1_15940169,ATTTTTTT/ATTTTTTT,./.,ATTTTTTT/ATTTTTT,
 ,136,6,79,
Ca1_15944874,GTT/GTTT,GTT/GTT,
 ,147,74,
Ca1_15944882,./.,GTTTTT/GTTTTTT,GTTTTT/GTTTTT,
 ,1,130,90,
Ca1_15953881,CAAAAAAA/CAAAAAA,./.,CAAAAAAA/CAAAAAAA,
 ,61,14,146,
Ca1_15954000,TAAAA/TAAAAA,TAAAA/TAAAA,./.,
 ,54,164,3,
Ca1_15971599,./.,ATTT/ATTTT,ATTT/ATTT,
 ,6,67,148,
Ca1_15971759,ATT/ATTT,./.,ATT/ATT,
 ,65,45,111,
Ca1_15973358,TCCCC/TCCCCC,TCCCC/TCCCC,./.,
 ,59,161,1,
Ca1_16000268,TCCCC/TCCCCC,TCCCC/TCCCC,./.,
 ,50,150,21,
Ca1_16001149,GATCTCT/GATCTCT,GCT/GCT,./.,GCT/GATCTCT,
 ,42,8,20,151,
Ca1_16034705,CAAAA/CAAAAA,./.,CAAAA/CAAAA,
 ,165,1,55,
Ca1_16034709,./.,ATTT/ATTTT,ATTT/ATTT,
 ,1,108,112,
Ca1_16044685,./.,TA/TA,TA/TAA,
 ,3,152,66,
Ca1_16044686,ATT/ATTT,./.,ATT/ATT,ATTT/ATTT,
 ,173,2,45,1,
Ca1_16044720,ATTTTT/ATTTTT,ATTTTT/ATTTT,./.,
 ,107,110,4,
Ca1_16044754,GAA/GAAA,GAA/GAA,./.,
 ,69,148,4,
Ca1_16054419,CAAA/CAA,CAAA/CAAA,./.,
 ,186,27,8,
Ca1_16056728,CTTT/CTT,CTTT/CTTT,./.,
 ,73,123,25,
Ca1_16056747,A/A,./.,G/G,A/G,
 ,117,24,76,4,
Ca1_16071694,./.,G/G,G/T,T/T,
 ,9,126,7,79,
Ca1_16535016,CTTTTT/CTTTTT,CTTTTTT/CTTTTTT,CTTTTTT/CTTTTT,
 ,8,4,209,
Ca1_16564094,GC/GC,GC/GAC,./.,
 ,114,89,18,
Ca1_16564121,AGGG/AGGG,./.,AGGG/AGGGG,
 ,130,30,61,
Ca1_16564124,GTTTTTTT/GTTTTTTTT,GTTTTTTT/GTTTTTTT,./.,
 ,51,140,30,
Ca1_16564211,ATTTTTT/ATTTTT,ATTTTTT/ATTTTTT,./.,
 ,45,165,11,
Ca1_16580853,GTTT/GTTT,GTTT/GTTTT,./.,
 ,158,43,20,
Ca1_16810466,CTTT/CTT,CTTT/CTTT,./.,
 ,72,105,44,
Ca1_16889462,ATTTTTTTT/ATTTTTTTT,./.,ATTTTTTTT/ATTTTTTT,
 ,158,9,54,
Ca1_16891643,./.,GTTTTT/GTTTT,GTTTTT/GTTTTT,
 ,18,125,78,
Ca1_16891713,./.,CAAA/CAAA,CAAA/CAAAA,
 ,42,62,117,
Ca1_16891720,TAAAAA/TAAAAA,TAAAA/TAAAA,TAAAAA/TAAAA,./.,
 ,20,7,167,27,
Ca1_16891741,TAAAA/TAAAA,TAAAA/TAAA,./.,
 ,33,157,31,
Ca1_16893313,AGGGG/AGGGG,AGGGG/AGGGGG,./.,
 ,161,42,18,
Ca1_16942165,A/C,A/A,C/C,
 ,120,93,8,
Ca1_16942209,C/C,T/C,T/T,
 ,99,93,29,
Ca1_16942223,A/A,C/C,./.,A/C,
 ,101,77,1,42,
Ca1_16973725,CAAAA/CAAA,./.,CAAAA/CAAAA,
 ,76,1,144,
Ca1_16975290,CTTT/CTTTT,./.,CTTT/CTTT,
 ,37,32,152,
Ca1_16993752,ATTTTTT/ATTTTTTT,ATTTTTT/ATTTTTT,./.,
 ,68,147,6,
Ca1_17102182,CAAA/CAA,CAAA/CAAA,./.,CAA/CAA,
 ,163,40,16,2,
Ca1_17215823,T/TA,./.,T/T,
 ,107,5,109,
Ca1_17240943,GAAAAAA/GAAAAA,GAAAAA/GAAAAA,./.,GAAAAAA/GAAAAAA,
 ,172,8,33,8,
Ca1_17241009,GAAAA/GAAAAA,./.,GAAAA/GAAAA,
 ,44,33,144,
Ca1_17258182,ATTTTTT/ATTTTT,ATTTTTT/ATTTTTT,./.,
 ,45,157,19,
Ca1_17396781,TAAA/TAAA,TAAA/TAAAA,./.,
 ,170,46,5,
Ca1_17396784,ATTTTT/ATTTTT,./.,ATTTTT/ATTTTTT,
 ,174,4,43,
Ca1_17396808,ATTTTTTTT/ATTTTTTTT,ATTTTTTT/ATTTTTTT,./.,ATTTTTTTT/ATTTTTTT,
 ,60,3,2,156,
Ca1_17469528,CAAAA/CAAA,./.,CAAAA/CAAAA,
 ,49,9,163,
Ca1_17472854,./.,CAAA/CAAA,CAAA/CAAAA,
 ,38,145,38,
Ca1_17495502,G/GAGAT,GAGAT/GAGAT,./.,G/G,
 ,209,1,1,10,
Ca1_17581603,TAAAAAAAAA/TAAAAAAAA,./.,TAAAAAAAA/TAAAAAAAA,TAAAAAAAAA/TAAAAAAAAA,
 ,161,5,13,42,
Ca1_17581635,TAAA/TAAA,TAAA/TAAAA,./.,
 ,164,54,3,
Ca1_17581638,ATTTTT/ATTTTT,./.,ATTTTT/ATTTTTT,
 ,157,3,61,
Ca1_17592561,GC/GC,GC/GAC,./.,
 ,116,99,6,
Ca1_17608507,CTTTTTTT/CTTTTTTT,CTTTTTTT/CTTTTTT,./.,
 ,135,52,34,
Ca1_17608518,CTTT/CTT,CTTT/CTTT,./.,
 ,46,139,36,
Ca1_17650432,TAAA/TAAA,TAAA/TAAAA,./.,
 ,121,61,39,
Ca1_17650480,ATTTTTT/ATTTTT,ATTTTTT/ATTTTTT,./.,
 ,50,147,24,
Ca1_17650535,./.,TAAAA/TAAAA,TAAAA/TAAA,TAAA/TAAA,
 ,33,16,171,1,
Ca1_17664792,AGGG/AGGG,./.,AGGG/AGGGG,
 ,146,31,44,
Ca1_17664858,GTTT/GTTT,GTTT/GTTTT,./.,
 ,141,61,19,
Ca1_17666124,GTTTT/GTTTTT,./.,GTTTT/GTTTT,
 ,189,11,21,
Ca1_17666128,TA/TTAA,./.,TA/TA,
 ,137,12,72,
Ca1_17666129,./.,ATTT/ATTTT,ATTT/ATTT,
 ,13,165,43,
Ca1_17936462,CTTTT/CTTTTT,CTTTT/CTTTT,./.,
 ,78,117,26,
Ca1_18017124,TAAAA/TAAAA,TAAAA/TAAA,./.,
 ,157,62,2,
Ca1_18017195,TAAAAA/TAAAAA,TAAAAA/TAAAA,./.,
 ,35,181,5,
Ca1_18904620,ATTTT/ATTT,ATTTT/ATTTT,./.,
 ,158,59,4,
Ca1_19019502,GAAAAA/GAAAAAA,GAAAAA/GAAAAA,./.,
 ,47,132,42,
Ca1_19028464,CAAA/CAAA,./.,CAAA/CAAAA,
 ,95,19,107,
Ca1_19028495,GAAAAAA/GAAAAA,./.,GAAAAAA/GAAAAAA,
 ,61,12,148,
Ca1_19043955,TAAAAAA/TAAAAA,./.,TAAAAAA/TAAAAAA,
 ,59,3,159,
Ca1_19044206,TAAA/TAAA,TAAA/TAAAA,./.,
 ,133,67,21,
Ca1_19225953,TCC/TCC,./.,TCC/TC,
 ,71,16,134,
Ca1_19715710,ATTTTTT/ATTTTTTT,ATTTTTT/ATTTTTT,./.,
 ,48,162,11,
Ca1_19854270,GA/GA,GA/G,./.,
 ,142,61,18,
Ca1_19946324,./.,GAAAAAAA/GAAAAAAA,GAAAAAAA/GAAAAAA,
 ,12,162,47,
Ca1_20210828,ATT/AT,./.,ATT/ATT,
 ,168,4,49,
Ca1_20210832,./.,ATTT/ATTTT,ATTT/ATTT,
 ,5,165,51,
Ca1_20333194,A/A,./.,G/G,A/G,
 ,169,5,13,34,
Ca1_20333198,A/A,./.,G/G,A/G,
 ,165,2,30,24,
Ca1_20333199,T/C,./.,T/T,C/C,
 ,20,2,182,17,
Ca1_20489833,./.,TC/TGC,TC/TC,
 ,1,196,24,
Ca1_20527765,G/GT,./.,G/G,
 ,80,34,107,
Ca1_20527766,CTTTTT/CTTTTTT,CTTTTT/CTTTTT,./.,
 ,68,118,35,
Ca1_20531933,AGC/AGC,./.,AGC/AC,
 ,167,7,47,
Ca1_20537661,ATTTT/ATTTTT,ATTTT/ATTTT,./.,
 ,63,156,2,
Ca1_20633317,AGC/AGC,./.,AC/AC,AGC/AC,
 ,20,33,3,165,
Ca1_20803414,GT/GTT,GT/GT,./.,
 ,88,107,26,
Ca1_21377473,CAAAA/CAAA,./.,CAAAA/CAAAA,
 ,75,39,107,
Ca1_21539247,ATTTTTT/ATTTTT,ATTTTTT/ATTTTTT,./.,
 ,54,164,3,
Ca1_21539299,GTTTT/GTTTTT,GTTTT/GTTTT,
 ,133,88,
Ca1_21655932,./.,GAAAA/GAAAA,GAAAA/GAAA,
 ,1,98,122,
Ca1_21658432,ATT/AT,./.,ATT/ATT,
 ,123,11,87,
Ca1_21836547,./.,G/G,G/T,T/T,
 ,4,169,47,1,
Ca1_21836553,C/C,./.,C/T,T/T,
 ,134,4,79,4,
Ca1_21836593,C/A,A/A,C/C,
 ,155,9,57,
Ca1_21836604,G/G,G/T,T/T,
 ,75,142,4,
Ca1_21846859,GTTTT/GTTTT,GTTTTT/GTTTT,GTTTTT/GTTTTT,
 ,16,168,37,
Ca1_21959196,TAA/TAA,./.,TAA/TAAA,
 ,108,18,95,
Ca1_21959260,./.,ATTT/ATTTT,ATTT/ATTT,
 ,24,49,148,
Ca1_21962264,CAAAA/CAAA,./.,CAAAA/CAAAA,
 ,124,1,96,
Ca1_22153744,CAAAA/CAAA,CAAAA/CAAAA,
 ,51,170,
Ca1_22201992,CTTTT/CTTTT,./.,CTTTT/CTTT,
 ,83,1,137,
Ca1_22282538,GAA/GAA,./.,GA/GA,GAA/GA,
 ,36,6,1,178,
Ca1_22282641,GAAAAAAA/GAAAAAAA,./.,GAAAAAAA/GAAAAAA,GAAAAAA/GAAAAAA,
 ,114,43,63,1,
Ca1_22282793,G/A,A/A,./.,G/G,
 ,5,77,20,119,
Ca1_22335962,T/T,./.,C/T,C/C,
 ,86,8,6,121,
Ca1_22337118,TCCCC/TCCCCC,TCCCC/TCCCC,./.,
 ,50,127,44,
Ca1_22337190,CAAAA/CAAAAA,./.,CAAAA/CAAAA,
 ,43,38,140,
Ca1_22362867,GAAAA/GAAAAA,./.,GAAAA/GAAAA,
 ,130,12,79,
Ca1_22362889,T/T,./.,C/T,C/C,
 ,74,12,9,126,
Ca1_22363000,TAAA/TAAA,TAAA/TAAAA,./.,
 ,149,67,5,
Ca1_22382100,CAAA/CAAA,CAAA/CAAAA,
 ,155,66,
Ca1_22382146,TC/T,TC/TC,
 ,67,154,
Ca1_22382258,CAAAA/CAAA,./.,CAAAA/CAAAA,
 ,50,7,164,
Ca1_22417179,ATT/AT,AT/AT,./.,
 ,166,33,22,
Ca1_22417209,T/G,./.,G/G,T/T,
 ,9,21,73,118,
Ca1_22417265,A/A,C/C,./.,A/C,
 ,104,71,36,10,
Ca1_22417295,A/A,./.,G/G,A/G,
 ,124,6,84,7,
Ca1_22422244,A/A,C/C,./.,C/A,
 ,76,113,27,5,
Ca1_23043627,CTTTT/CTTTT,./.,CTTTT/CTTT,
 ,108,33,80,
Ca1_23274510,CTTTTT/CTTTTTT,CTTTTT/CTTTTT,./.,
 ,125,93,3,
Ca1_23282912,./.,CTTTTTT/CTTTTTT,CTTTTTT/CTTTTT,
 ,11,158,52,
Ca1_23311930,CAA/CAA,./.,CAA/CAAA,
 ,158,5,58,
Ca1_23349551,G/GA,./.,G/G,
 ,64,4,153,
Ca1_23349561,CAAA/CAAA,./.,CAAA/CAAAA,
 ,156,2,63,
Ca1_23414002,CAAAAA/CAAAAA,CAAAAA/CAAAA,
 ,135,86,
Ca1_23414015,GCCC/GCCC,./.,GCCC/GCC,
 ,96,1,124,
Ca1_23543674,AGGGGG/AGGGGGG,./.,AGGGGG/AGGGGG,
 ,45,2,174,
Ca1_23582458,GTTTTTT/GTTTTTT,GTTTTTT/GTTTTT,./.,
 ,51,150,20,
Ca1_23654118,ATT/AT,./.,AT/AT,ATT/ATT,
 ,157,29,2,33,
Ca1_23942142,CAA/CAA,CAA/CA,./.,CA/CA,
 ,1,215,3,2,
Ca1_23943599,TAAAA/TAAAAA,TAAAA/TAAAA,./.,
 ,96,112,13,
Ca1_23972599,CAAAA/CAAA,./.,CAAAA/CAAAA,
 ,100,35,86,
Ca1_24131373,ATTTT/ATTT,ATTTT/ATTTT,./.,
 ,46,159,16,
Ca1_24150490,ATTTT/ATTT,ATTTT/ATTTT,./.,
 ,205,14,2,
Ca1_24227233,GTTTT/GTTTT,./.,GTTTT/GTTTTT,
 ,148,12,61,
Ca1_24288216,CTTTTT/CTTTTT,CTTTTT/CTTTT,
 ,6,215,
Ca1_24364224,CTTTT/CTTTT,./.,CTTTT/CTTT,
 ,119,6,96,
Ca1_24364307,GT/GTT,GT/GT,./.,
 ,56,162,3,
Ca1_24650029,G/A,A/A,./.,G/G,
 ,60,21,6,134,
Ca1_24668062,C/C,T/C,./.,T/T,
 ,111,55,26,29,
Ca1_25051706,ATTTTT/ATTTTT,ATTTTTT/ATTTTT,ATTTTTT/ATTTTTT,./.,
 ,1,77,130,13,
Ca1_25119590,A/A,./.,G/G,A/G,
 ,80,35,101,5,
Ca1_25455970,CTTTT/CTTTT,./.,CTTTT/CTTT,
 ,148,35,38,
Ca1_25587825,TAAAA/TAAAAA,TAAAA/TAAAA,./.,
 ,37,143,41,
Ca1_25835787,TAAAA/TAAAA,TAAAA/TAAA,
 ,91,130,
Ca1_25836084,GTT/GTTT,GTT/GTT,./.,
 ,145,75,1,
Ca1_25846427,ACCCC/ACCCC,ACCCC/ACCCCC,./.,
 ,150,65,6,
Ca1_25986740,A/AC,./.,A/A,
 ,129,40,52,
Ca1_25986745,CAAAAA/CAAAAAA,./.,CAAAAA/CAAAAA,
 ,45,18,158,
Ca1_25986766,CAA/CAA,./.,CAA/CAAA,
 ,139,2,80,
Ca1_26102295,A/A,T/T,./.,A/T,
 ,81,110,24,6,
Ca1_26228028,CAAAAAA/CAAAAA,CAAAAAA/CAAAAAA,./.,
 ,91,122,8,
Ca1_26233806,CAAAA/CAAAAA,./.,CAAAA/CAAAA,
 ,92,43,86,
Ca1_26233862,GTT/GTTT,GTT/GTT,./.,
 ,97,118,6,
Ca1_26233887,T/TA,./.,T/T,
 ,125,23,73,
Ca1_26235744,CTTTTT/CTTTTT,CTTTTT/CTTTT,./.,
 ,75,144,2,
Ca1_26235750,ATT/ATTT,./.,ATT/ATT,
 ,64,3,154,
Ca1_26235759,CTTTTTTTTT/CTTTTTTTTT,./.,CTTTTTTTTT/CTTTTTTTTTT,
 ,164,2,55,
Ca1_26235842,AGGGG/AGGGG,AGGGG/AGGGGG,./.,
 ,174,45,2,
Ca1_26235860,./.,GAAAA/GAAAA,GAAAA/GAAA,
 ,20,154,47,
Ca1_26283063,./.,G/G,C/G,C/C,
 ,12,115,3,91,
Ca1_26868694,./.,CTTTTTT/CTTTTTTT,CTTTTTT/CTTTTTT,
 ,11,114,96,
Ca1_26869334,GTT/GTTT,GTT/GTT,./.,
 ,40,153,28,
Ca1_26869353,CAAAA/CAAA,./.,CAAAA/CAAAA,
 ,91,28,102,
Ca1_26998838,A/A,A/C,./.,C/C,
 ,172,38,5,6,
Ca1_27504215,ATTTT/ATTT,ATTTT/ATTTT,./.,
 ,142,47,32,
Ca1_27504331,TAAA/TAAA,TAAA/TAAAA,./.,
 ,131,55,35,
Ca1_27504334,ATTTTTT/ATTTTTTT,ATTTTTT/ATTTTTT,./.,
 ,37,150,34,
Ca1_27523031,CAAAAAA/CAAAAAA,./.,CAAAAAA/CAAAAAAA,
 ,165,13,43,
Ca1_27523241,TAAAAA/TAAAAA,TAAAA/TAAAA,TAAAAA/TAAAA,./.,
 ,65,1,146,9,
Ca1_27646927,CTTTT/CTTTT,CTTTT/CTTTTT,
 ,150,71,
Ca1_28144404,A/AC,./.,A/A,
 ,66,35,120,
Ca1_28423933,./.,GAAA/GAAA,GAAA/GAAAA,
 ,4,162,55,
Ca1_28435887,ATTTT/ATTT,ATTTT/ATTTT,./.,
 ,43,154,24,
Ca1_28601121,TAA/TAA,./.,TAA/TAAA,
 ,92,4,125,
Ca1_28601169,A/A,./.,A/T,
 ,164,15,42,
Ca1_28601219,CAA/CAA,./.,CAA/CAAA,
 ,103,10,108,
Ca1_28601222,./.,CAAAAAAA/CAAAAAA,CAAAAAAA/CAAAAAAA,
 ,11,52,158,
Ca1_28601255,TAA/TAA,./.,TAA/TAAA,
 ,143,19,59,
Ca1_28601264,CAAA/CAA,CAAA/CAAA,./.,CAA/CAA,
 ,150,50,20,1,
Ca1_28699542,GTTTTTTT/GTTTTTTTT,GTTTTTTT/GTTTTTTT,./.,GTTTTTTTT/GTTTTTTTT,
 ,57,135,28,1,
Ca1_28699554,CTT/CTT,CTT/CTTT,./.,
 ,66,128,27,
Ca1_28741086,CTTTT/CTTTT,./.,CTTTT/CTTT,
 ,105,10,106,
Ca1_28818671,T/G,./.,G/G,T/T,
 ,7,2,122,90,
Ca1_28819288,ATTTT/ATTT,ATTTT/ATTTT,./.,
 ,81,105,35,
Ca1_28947298,CTTTT/CTTTT,CTTT/CTTT,./.,CTTTT/CTTT,
 ,92,1,26,102,
Ca1_29015223,ATTT/ATT,./.,ATT/ATT,ATTT/ATTT,
 ,184,22,4,11,
Ca1_29015589,TAAAA/TAAAAA,TAAAA/TAAAA,./.,
 ,44,172,5,
Ca1_29015657,TAAAAA/TAAAAA,./.,TAAAAA/TAAAAAA,
 ,113,11,97,
Ca1_29042073,GAAA/GAA,GAAA/GAAA,
 ,46,175,
Ca1_29114207,CTT/CTT,CTT/CTTT,CTTT/CTTT,./.,
 ,29,156,2,34,
Ca1_29114245,ATTTTT/ATTTTT,ATTTTTT/ATTTTTT,./.,ATTTTT/ATTTTTT,
 ,82,1,37,101,
Ca1_30191064,CTTT/CTTTT,./.,CTTT/CTTT,
 ,158,9,54,
Ca1_30223191,CAAAA/CAAA,./.,CAAAA/CAAAA,
 ,55,17,149,
Ca1_30384308,TGGG/TGGG,./.,TGGG/TGGGG,
 ,174,2,45,
Ca1_30529444,CAAAAA/CAAAAAA,./.,CAAAAA/CAAAAA,
 ,53,6,162,
Ca1_30529494,CTTTT/CTTTT,CTTT/CTTT,./.,CTTTT/CTTT,
 ,4,10,6,201,
Ca1_30577743,C/C,T/C,./.,T/T,
 ,88,102,19,12,
Ca1_30577817,G/A,./.,A/A,G/G,
 ,63,42,35,81,
Ca1_31218563,GAAA/GAA,GAAA/GAAA,./.,
 ,58,141,22,
Ca1_31221609,CAAAA/CAAA,./.,CAAAA/CAAAA,
 ,82,4,135,
Ca1_31221643,CAG/CAGAGAG,./.,CAG/CAG,CAGAGAG/CAGAGAG,
 ,119,18,82,2,
Ca1_31221644,./.,AGCTG/AGAGAGGCTG,AGCTG/AGCTG,
 ,28,49,144,
Ca1_31221645,GC/GC,GC/GAGATC,./.,GAGATC/GAGATC,
 ,27,174,18,2,
Ca1_31259852,G/A,A/A,./.,G/G,
 ,11,107,13,90,
Ca1_31259901,T/C,./.,T/T,C/C,
 ,8,11,92,110,
Ca1_31289078,G/A,A/A,G/G,
 ,2,124,95,
Ca1_31289126,C/C,G/G,G/C,
 ,124,95,2,
Ca1_31289145,TCCCC/TCCCCC,TCCCC/TCCCC,./.,
 ,45,166,10,
Ca1_31327006,A/A,T/T,./.,T/A,
 ,117,94,7,3,
Ca1_31327065,ACCC/ACCCC,./.,ACCC/ACCC,
 ,64,3,154,
Ca1_31327126,A/A,./.,G/G,A/G,
 ,94,3,120,4,
Ca1_31327160,C/C,./.,C/T,T/T,
 ,94,5,4,118,
Ca1_31421464,GTT/GTT,./.,GTT/GT,
 ,15,1,205,
Ca1_31424055,ATTTT/ATTTTT,ATTTT/ATTTT,./.,
 ,60,145,16,
Ca1_31424088,T/C,./.,T/T,C/C,
 ,8,12,84,117,
Ca1_31516648,AGGG/AGGG,./.,AGGG/AGGGG,
 ,12,24,185,
Ca1_31516657,AC/A,./.,AC/AC,
 ,114,40,67,
Ca1_31516805,TGGGGG/TGGGGG,./.,TGGGGG/TGGGGGG,
 ,102,7,112,
Ca1_31557656,A/A,C/A,./.,C/C,
 ,14,199,3,5,
Ca1_32255764,T/C,./.,T/T,C/C,
 ,1,1,94,125,
Ca1_32255805,AATATA/AATATA,./.,AATA/AATATA,AATA/AATA,
 ,123,1,6,91,
Ca1_32749481,T/C,./.,T/T,C/C,
 ,6,13,89,113,
Ca1_32912054,./.,GTTTTT/GTTTTTT,GTTTTT/GTTTTT,
 ,14,65,142,
Ca1_32951077,./.,G/G,C/G,C/C,
 ,7,121,6,87,
Ca1_32951096,TAAAAA/TAAAAA,./.,TAAAAA/TAAAAAA,
 ,128,10,83,
Ca1_33019583,TAAAA/TAAAAA,TAAAA/TAAAA,./.,
 ,49,154,18,
Ca1_33019621,CAAAAAA/CAAAAA,CAAAAAA/CAAAAAA,./.,CAAAAA/CAAAAA,
 ,156,12,38,15,
Ca1_33029364,C/C,./.,C/T,T/T,
 ,77,21,100,23,
Ca1_33029388,G/A,./.,A/A,G/G,
 ,84,19,10,108,
Ca1_33029422,C/C,./.,C/T,T/T,
 ,90,19,88,24,
Ca1_33029438,C/C,T/C,./.,T/T,
 ,147,53,19,2,
Ca1_33283412,ATTTT/ATTT,ATTTT/ATTTT,./.,
 ,194,18,9,
Ca1_33283518,TAA/TAA,TAAA/TAA,./.,
 ,57,147,17,
Ca1_33289422,CAAAA/CAAAAA,./.,CAAAA/CAAAA,
 ,50,18,153,
Ca1_33289458,./.,AGG/AG,AGG/AGG,
 ,31,81,109,
Ca1_33289501,CTT/CTT,CTT/CTTT,./.,
 ,148,47,26,
Ca1_33289519,GTT/GTT,./.,GTT/GT,
 ,62,26,133,
Ca1_33430048,A/A,./.,G/G,A/G,
 ,36,13,127,45,
Ca1_33549969,./.,G/G,G/T,T/T,
 ,1,95,4,121,
Ca1_33552947,TAAAA/TAAAAA,TAAAA/TAAAA,./.,
 ,44,173,4,
Ca1_33553033,A/A,C/C,./.,A/C,
 ,88,115,11,7,
Ca1_33553721,CTTTT/CTTTTT,CTTTT/CTTTT,./.,
 ,42,142,37,
Ca1_33565446,C/C,C/T,T/T,
 ,92,8,121,
Ca1_33565500,T/G,G/G,T/T,
 ,8,121,92,
Ca1_33574495,G/A,A/A,./.,G/G,
 ,8,115,8,90,
Ca1_33687153,./.,CTTTTTT/CTTTTTT,CTTTTTT/CTTTTT,
 ,5,164,52,
Ca1_33687159,TAAA/TAAA,TAAA/TAA,./.,
 ,113,104,4,
Ca1_33751901,GAA/GAA,./.,GAA/GA,
 ,78,9,134,
Ca1_33807356,A/A,A/AT,./.,AT/AT,
 ,109,86,25,1,
Ca1_33807408,./.,GAAAA/GAAAA,GAAAA/GAAA,
 ,39,129,53,
Ca1_33837450,CTTTTT/CTTTTT,CTTTTT/CTTTT,./.,
 ,150,53,18,
Ca1_33837560,CAAAA/CAAA,./.,CAAAA/CAAAA,
 ,116,4,101,
Ca1_33914314,TAA/TAA,./.,TAAA/TAAA,TAA/TAAA,
 ,24,2,1,194,
Ca1_34139843,GAAAAA/GAAAAAA,GAAAAA/GAAAAA,./.,GAAAAAA/GAAAAAA,
 ,79,97,43,2,
Ca1_34267164,CAAA/CAAA,./.,CAAA/CAAAA,
 ,142,43,36,
Ca1_34323544,./.,C/CAT,C/C,
 ,25,69,127,
Ca1_34431057,GAAAAA/GAAAAA,./.,GAAAA/GAAAA,GAAAAA/GAAAA,
 ,15,6,3,197,
Ca1_34512939,GAAAAAAAA/GAAAAAAAA,GAAAAAAAA/GAAAAAAA,./.,
 ,169,51,1,
Ca1_34513113,CAAAAAAAAA/CAAAAAAAAA,CAAAAAAAAA/CAAAAAAAA,./.,
 ,104,108,9,
Ca1_34840186,ATTTTT/ATTTTT,ATTTTT/ATTTT,./.,
 ,120,99,2,
Ca1_34880036,T/T,./.,C/T,C/C,
 ,97,5,5,114,
Ca1_34909176,CAAAAAAAAAAAA/CAAAAAAAAAAAA,CAAAAAAAAAAAA/CAAAAAAAAAAA,./.,CAAAAAAAAAAA/CAAAAAAAAAAA,
 ,74,84,43,20,
Ca1_34953183,GT/GT,./.,GT/G,
 ,79,9,133,
Ca1_35162290,ACC/AC,./.,ACC/ACC,
 ,67,5,149,
Ca1_35162431,TAAAA/TAAAA,TAAAA/TAAA,./.,
 ,62,153,6,
Ca1_35214497,GTTTTTT/GTTTTTT,GTTTTTT/GTTTTT,./.,
 ,60,144,17,
Ca1_35214658,AGGGGG/AGGGGGG,./.,AGGGGG/AGGGGG,
 ,79,8,134,
Ca1_35229302,CAAAA/CAAAAA,./.,CAAAA/CAAAA,
 ,100,6,115,
Ca1_35229400,TAAA/TAAA,TAAA/TAA,./.,TAA/TAA,
 ,8,203,9,1,
Ca1_35229418,CAA/CAA,./.,CAA/CAAA,
 ,160,7,54,
Ca1_35264774,A/A,./.,G/G,A/G,
 ,73,38,102,8,
Ca1_35384821,./.,G/G,G/T,T/T,
 ,1,153,58,9,
Ca1_35385691,CTTTTT/CTTTT,CTTTTT/CTTTTT,CTTTT/CTTTT,./.,
 ,113,68,1,39,
Ca1_35385916,ATTT/ATT,./.,ATTT/ATTT,
 ,170,1,50,
Ca1_35386584,ATTTT/ATTT,ATTTT/ATTTT,./.,
 ,116,86,19,
Ca1_35387122,ATTT/ATT,./.,ATTT/ATTT,
 ,42,13,166,
Ca1_35387728,ATTT/ATT,./.,ATTT/ATTT,
 ,132,7,82,
Ca1_35388118,ATTT/ATT,./.,ATTT/ATTT,
 ,187,3,31,
Ca1_35441389,G/GT,./.,G/G,
 ,45,2,174,
Ca1_35445539,CAAAA/CAAA,./.,CAAAA/CAAAA,
 ,45,12,164,
Ca1_35445560,./.,GTTTTT/GTTTTTT,GTTTTT/GTTTTT,
 ,4,52,165,
Ca1_35662106,ATTTTT/ATTTTT,ATTTTT/ATTTT,./.,
 ,168,49,4,
Ca1_35745878,TAAA/TAAA,TAAA/TAA,./.,
 ,66,146,9,
Ca1_35745886,ATTTT/ATTT,ATTTT/ATTTT,./.,
 ,141,68,12,
Ca1_35745889,TTGG/TTGG,TTGG/TG,./.,
 ,159,52,10,
Ca1_35893014,A/AG,./.,A/A,
 ,149,17,55,
Ca1_36074232,G/C,./.,G/G,C/C,
 ,184,10,25,2,
Ca1_36074233,./.,G/G,G/T,T/T,
 ,10,25,184,2,
Ca1_36074292,ATTTTT/ATTTTT,ATTTTT/ATTTT,./.,
 ,96,117,8,
Ca1_36074298,CTT/CTT,CTT/CTTT,CTTT/CTTT,./.,
 ,24,188,1,8,
Ca1_36074708,CAA/CAA,./.,CAA/CAAA,
 ,112,37,72,
Ca1_36074744,TAA/TAA,./.,TAA/TAAA,
 ,112,36,73,
Ca1_36074747,TAAAA/TAAAA,TAAAA/TAAA,./.,
 ,90,95,36,
Ca1_36250325,./.,GAAAA/GAAAA,GAAAA/GAAA,
 ,12,136,73,
Ca1_36307499,./.,CAAAA/CAAA,CAAA/CAAA,CAAAA/CAAAA,
 ,34,125,2,60,
Ca1_36321275,C/CA,./.,C/C,
 ,49,1,171,
Ca1_36321368,CAAA/CAAA,./.,CAAA/CAAAA,
 ,155,13,53,
Ca1_36465979,TCC/TCC,./.,TCC/TC,TC/TC,
 ,17,23,180,1,
Ca1_36466033,TCCCC/TCCCCC,TCCCC/TCCCC,./.,
 ,91,98,32,
Ca1_36466051,./.,TGG/TGG,TGG/TG,
 ,36,140,45,
Ca1_36466097,./.,CAAAAA/CAAAAA,CAAAAA/CAAAA,
 ,30,106,85,
Ca1_36467047,TG/TG,./.,TG/TGG,
 ,140,20,61,
Ca1_36467179,CTTT/CTTTT,CTTT/CTTT,
 ,83,138,
Ca1_36493320,GTTTTTT/GTTTTTT,./.,GTTTTTT/GTTTTTTT,
 ,139,15,67,
Ca1_36493499,TAAAA/TAAAA,TAAAA/TAAA,./.,
 ,19,187,15,
Ca1_36494984,ATTT/ATT,./.,ATTT/ATTT,
 ,79,1,141,
Ca1_36495093,CTTT/CTTTT,./.,CTTT/CTTT,
 ,79,2,140,
Ca1_36511604,ATTTT/ATTT,ATTTT/ATTTT,./.,
 ,52,165,4,
Ca1_36634287,ATTTT/ATTTT,./.,ATTTTT/ATTTT,
 ,55,32,134,
Ca1_36690753,CAAA/CAA,./.,CAAA/CAAA,CAA/CAA,
 ,177,18,25,1,
Ca1_36734172,ATTTT/ATTTTT,ATTTT/ATTTT,./.,
 ,41,140,40,
Ca1_36763311,CG/CG,CG/C,
 ,130,91,
Ca1_36763506,CTTTTT/CTTTTTT,CTTTTT/CTTTTT,./.,
 ,64,129,28,
Ca1_36763526,TAAAA/TAAAAA,TAAAA/TAAAA,./.,
 ,80,110,31,
Ca1_36907643,./.,GAAA/GAAA,GAAA/GAAAA,
 ,17,148,56,
Ca1_36907648,GAAAAA/GAAAAAA,GAAAAA/GAAAAA,./.,
 ,74,134,13,
Ca1_36907653,AG/AG,./.,AG/AGG,
 ,163,11,47,
Ca1_38088282,A/A,T/T,./.,A/T,
 ,53,63,32,73,
Ca1_38171837,GAAAAAAAAAAA/GAAAAAAAAAAA,GAAAAAAAAAAA/GAAAAAAAAAA,./.,GAAAAAAAAAA/GAAAAAAAAAA,
 ,115,62,39,5,
Ca1_38171855,GAAA/GAAA,GAAA/GAAAA,./.,GAAAA/GAAAA,
 ,12,165,42,2,
Ca1_38226620,TAAA/TAAA,TAAA/TAAAA,./.,
 ,133,61,27,
Ca1_38228994,CAAA/CAAA,./.,CAAA/CAAAA,
 ,100,13,108,
Ca1_38229025,GTT/GTTT,GTT/GTT,./.,
 ,56,156,9,
Ca1_38229096,CA/CAA,./.,CA/CA,
 ,146,14,61,
Ca1_38229097,ATTTT/ATTTTT,ATTTT/ATTTT,./.,
 ,196,13,12,
Ca1_38868252,CTTTT/CTTTTT,CTTTT/CTTTT,./.,
 ,67,143,11,
Ca1_38891271,TCCC/TCCC,TCCC/TCCCC,./.,
 ,165,54,2,
Ca1_38954176,TAAA/TAAA,TAAA/TAAAA,./.,
 ,153,55,13,
Ca1_38993360,CTTTTT/CTTTTTT,CTTTTT/CTTTTT,./.,CTTTTTT/CTTTTTT,
 ,93,120,7,1,
Ca1_38993391,AGGG/AGGG,./.,AGGG/AGGGG,
 ,144,8,69,
Ca1_39035303,CG/CG,./.,CG/C,
 ,124,2,95,
Ca1_39328544,CTTTT/CTTTTT,CTTTT/CTTTT,./.,
 ,96,122,3,
Ca1_39330643,GTTT/GTTT,GTTT/GTTTT,./.,
 ,91,97,33,
Ca1_39331342,GTT/GTTT,GTT/GTT,./.,
 ,61,155,5,
Ca1_39367273,ATTTT/ATTT,ATTTT/ATTTT,./.,
 ,205,15,1,
Ca1_39367323,ATTTTT/ATTTTT,ATTTTT/ATTTT,./.,
 ,150,63,8,
Ca1_39388303,CAAAA/CAAA,./.,CAAAA/CAAAA,
 ,138,6,77,
Ca1_39587147,ATTT/ATT,ATTT/ATTT,
 ,53,168,
Ca1_39592592,A/AG,./.,A/A,
 ,143,7,71,
Ca1_39592623,TAAA/TAAA,TAAA/TAAAA,./.,
 ,152,48,21,
Ca1_40242600,ATT/AT,./.,ATT/ATT,
 ,56,17,148,
Ca1_40242709,./.,TAAAA/TAAAA,TAAAA/TAAA,TAAA/TAAA,
 ,27,81,112,1,
Ca1_40337808,GCC/GCC,./.,GCC/GCCC,
 ,141,25,55,
Ca1_40337810,./.,CTTTTTT/CTTTTTTT,CTTTTTT/CTTTTTT,
 ,25,62,134,
Ca1_40337818,T/G,./.,G/G,T/T,
 ,44,7,2,168,
Ca1_40337982,G/G,G/T,
 ,131,90,
Ca1_40337986,C/T,C/C,
 ,81,140,
Ca1_40337991,C/T,C/C,
 ,78,143,
Ca1_40337996,T/A,A/A,T/T,
 ,59,1,161,
Ca1_40338011,C/C,T/C,T/T,
 ,33,176,12,
Ca1_40338056,C/C,C/T,T/T,
 ,177,43,1,
Ca1_40338064,C/C,T/C,T/T,
 ,16,198,7,
Ca1_40338065,C/A,A/A,C/C,
 ,46,1,174,
Ca1_40338066,G/A,A/A,G/G,
 ,161,1,59,
Ca1_40338068,T/T,C/T,C/C,
 ,26,179,16,
Ca1_40473598,TGG/TGGG,./.,TGG/TGG,
 ,69,9,143,
Ca1_40555314,./.,GAAAA/GAAAA,GAAAA/GAAA,
 ,30,153,38,
Ca1_41003246,CTTT/CTTTT,./.,CTTT/CTTT,
 ,55,40,126,
Ca1_41003249,./.,TA/TA,TA/TAA,
 ,25,88,108,
Ca1_41003250,ATTTT/ATTTTT,ATTTT/ATTTT,./.,ATTTTT/ATTTTT,
 ,149,47,24,1,
Ca1_41525689,TAAA/TAAA,TAAA/TAAAA,./.,
 ,143,38,40,
Ca1_41525699,CAAAAAAA/CAAAAAA,CAAAAAA/CAAAAAA,./.,CAAAAAAA/CAAAAAAA,
 ,74,1,40,106,
Ca1_41623384,GCCCCCC/GCCCCCCC,./.,GCCCCCC/GCCCCCC,
 ,63,14,144,
Ca1_41623390,./.,CAAAAA/CAAAAA,CAAAAA/CCAAAAAA,
 ,11,124,86,
Ca1_41623465,./.,GAAA/GAAA,GAAA/GAAAA,
 ,43,120,58,
Ca1_41717681,GCC/GCC,./.,GCC/GC,
 ,107,30,84,
Ca1_41758668,CAAAAA/CAAAAAA,./.,CAAAAA/CAAAAA,
 ,92,7,122,
Ca1_41879174,TAAAA/TAAAA,TAAAA/TAAA,./.,
 ,94,125,2,
Ca1_42075399,T/C,./.,T/T,C/C,
 ,38,13,141,29,
Ca1_42075496,A/A,C/A,./.,C/C,
 ,12,53,2,154,
Ca1_42142942,./.,GAAAA/GAAAA,GAAAA/GAAA,
 ,38,125,58,
Ca1_42550211,ATTTT/ATTTTT,ATTTT/ATTTT,./.,
 ,78,124,19,
Ca1_43283864,CTTTTT/CTTTTT,./.,CTTTTT/CTTTT,
 ,137,43,41,
Ca1_43283913,ATTTT/ATTTTT,ATTTT/ATTTT,./.,
 ,37,148,36,
Ca1_43285491,./.,GAAAAAAA/GAAAAAAA,GAAAAAAA/GAAAAAA,
 ,17,86,118,
Ca1_43656665,TAAAA/TAAAA,TAAAA/TAAA,./.,
 ,93,112,16,
Ca1_43692897,G/GT,./.,G/G,
 ,84,5,132,
Ca1_43830879,ATTTT/ATTTTT,ATTTT/ATTTT,./.,
 ,90,111,20,
Ca1_43851072,ATTTTT/ATTTTT,ATTTTT/ATTTT,./.,
 ,120,65,36,
Ca1_43986345,CAA/CAA,CAA/CAAA,
 ,145,76,
Ca1_43986374,GA/GA,G/GA,./.,G/G,
 ,4,180,4,33,
Ca1_43986376,A/ATC,./.,A/A,
 ,61,16,144,
Ca1_43986377,GCT/GCTCT,GCT/GCT,./.,
 ,62,140,19,
Ca1_43986510,./.,C/CT,C/C,
 ,4,130,87,
Ca1_43987866,G/GT,./.,G/G,
 ,167,5,49,
Ca1_43999579,ATTT/ATT,./.,ATT/ATT,ATTT/ATTT,
 ,196,11,4,10,
Ca1_44021440,CAAA/CAA,CAAA/CAAA,./.,CAA/CAA,
 ,183,33,3,2,
Ca1_44021450,GTTT/GTTT,GTTT/GTT,./.,
 ,69,148,4,
Ca1_44053745,CTTT/CTTTT,./.,CTTT/CTTT,
 ,59,24,138,
Ca1_44139895,TAAAAA/TAAAAA,TAAAAAA/TAAAAA,./.,TAAAAAA/TAAAAAA,
 ,78,133,6,4,
Ca1_44142872,ATTTT/ATTTTT,ATTTT/ATTTT,./.,
 ,72,141,8,
Ca1_44142876,./.,T/TTC,T/T,
 ,8,85,128,
Ca1_44142877,CTTTT/CTTTTT,CTTTT/CTTTT,./.,
 ,127,87,7,
Ca1_44325271,CTT/CTT,CTT/CTTT,./.,
 ,142,54,25,
Ca1_44325306,CAAAA/CAAA,./.,CAAAA/CAAAA,
 ,67,17,137,
Ca1_44572073,ATTTTT/ATTTTT,./.,ATTTTT/ATTTTTT,
 ,76,6,139,
Ca1_44572088,./.,ATTT/ATTTT,ATTT/ATTT,
 ,4,122,95,
Ca1_44572091,TAAAA/TAAAAA,TAAAA/TAAAA,./.,
 ,62,153,6,
Ca1_44576169,GTTTT/GTTTT,GTTTT/GTTT,./.,
 ,105,91,25,
Ca1_44576217,GAT/GTAT,GAT/GAT,./.,
 ,118,69,34,
Ca1_44576221,GTTTTTTTTTT/GTTTTTTTTT,GTTTTTTTTTT/GTTTTTTTTTT,./.,GTTTTTTTTT/GTTTTTTTTT,
 ,84,94,42,1,
Ca1_44576236,GTTTT/GTTTT,GTTT/GTTTT,./.,GTTT/GTTT,
 ,2,190,19,10,
Ca1_44850581,./.,GAAA/GAAA,GAAA/GAAAA,
 ,5,167,49,
Ca1_44934373,CG/CG,./.,CG/C,
 ,39,3,179,
Ca1_44974351,GTTTTTT/GTTTTTT,GTTTTTT/GTTTTT,./.,
 ,113,64,44,
Ca1_44974369,CTTTT/CTTTT,./.,CTTTT/CTTT,
 ,114,40,67,
Ca1_44974420,ATT/ATTT,./.,ATT/ATT,
 ,52,44,125,
Ca1_44985317,CTTTT/CTTTTT,CTTTT/CTTTT,./.,
 ,79,129,13,
Ca1_45058008,GAAAAA/GAAAAAA,GAAAAA/GAAAAA,./.,
 ,116,72,33,
Ca1_45059279,./.,AGG/AG,AGG/AGG,
 ,6,202,13,
Ca1_45059733,CAAAA/CAAA,./.,CAAAA/CAAAA,
 ,55,1,165,
Ca1_45059737,ACC/AC,ACC/ACC,
 ,160,61,
Ca1_45061568,CTTTTT/CTTTTTT,CTTTTT/CTTTTT,./.,
 ,99,116,6,
Ca1_45061592,GTTTTTTTT/GTTTTTTTT,GTTTTTTTT/GTTTTTTT,./.,
 ,145,71,5,
Ca1_45061679,TGGGGG/TGGGGG,./.,TGGGGG/TGGGGGG,
 ,142,39,40,
Ca1_45072930,CAAAA/CAAAAA,./.,CAAAA/CAAAA,
 ,104,27,90,
Ca1_45072949,GTTTT/GTTTT,GTTTT/GTTT,./.,GTTT/GTTT,
 ,19,160,30,12,
Ca1_45089001,AGGGGG/AGGGGGG,./.,AGGGGG/AGGGGG,AGGGGGG/AGGGGGG,
 ,114,35,71,1,
Ca1_45089071,ATTTT/ATTTTT,ATTTT/ATTTT,./.,
 ,45,136,40,
Ca1_45198943,CTTT/CTTTT,./.,CTTT/CTTT,
 ,70,6,145,
Ca1_45218552,CAAAAAAAAA/CAAAAAAAAA,CAAAAAAAAA/CAAAAAAAA,./.,
 ,117,70,34,
Ca1_45339610,CAAAA/CAAA,./.,CAAAA/CAAAA,
 ,45,2,174,
Ca1_45381644,AGGG/AGGG,./.,AGGG/AGGGG,
 ,161,3,57,
Ca1_45381670,TAAAAAAA/TAAAAAA,TAAAAAAA/TAAAAAAA,./.,
 ,59,161,1,
Ca1_45388951,CGGGGGG/CGGGGGG,CGGGGGG/CGGGGGGG,./.,
 ,106,114,1,
Ca1_45389066,./.,GAAA/GAAA,GAAA/GAAAA,
 ,19,150,52,
Ca1_45389092,ATTTTTTT/ATTTTTTT,./.,ATTTTTTT/ATTTTTT,
 ,127,21,73,
Ca1_45397715,./.,G/G,G/T,T/T,
 ,37,91,5,88,
Ca1_45411563,T/C,./.,T/T,C/C,
 ,3,1,93,124,
