Ca1_150,A/T,A/A,
 ,41,147,
Ca1_228,C/G,C/C,
 ,35,162,
Ca1_80241,ATTTTT/ATTTT,ATTTT/ATTTT,
 ,186,20,
Ca1_80294,TAAA/TAAAA,TAAA/TAAA,
 ,134,55,
Ca1_80298,TAAAA/TAAAAA,TAAAA/TAAAA,
 ,96,83,
Ca1_80330,AT/AT,AT/ATT,
 ,101,84,
Ca1_137981,CAAAA/CAAAAA,CAAAA/CAAAA,
 ,78,130,
Ca1_138099,ATTT/ATT,ATTT/ATTT,
 ,58,157,
Ca1_152199,CAAAA/CAAA,CAAAA/CAAAA,
 ,81,110,
Ca1_179509,TAAA/TAAAA,TAAA/TAAA,
 ,133,77,
Ca1_186117,CTTTT/CTTTT,CTTTT/CTTT,
 ,145,54,
Ca1_254607,CAA/CAA,CAA/CAAA,
 ,104,93,
Ca1_275454,ATTTT/ATTTT,ATTTT/ATTT,
 ,148,71,
Ca1_281586,CAAA/CAAA,CAAA/CAAAA,
 ,17,169,
Ca1_281589,ATTT/ATTTT,ATTT/ATTT,
 ,150,33,
Ca1_333974,A/A,G/G,
 ,91,127,
Ca1_363821,A/A,G/G,
 ,85,119,
Ca1_363863,ATTT/ATT,ATTT/ATTT,
 ,179,22,
Ca1_373028,TAAAAA/TAAAAA,TAAAAA/TAAAA,
 ,70,139,
Ca1_382123,CAAAA/CAAA,CAAAA/CAAAA,
 ,94,108,
Ca1_391435,GTTTTTTTTT/GTTTTTTTTT,GTTTTTTTTT/GTTTTTTTT,
 ,139,39,
Ca1_401639,A/A,C/A,
 ,46,124,
Ca1_426088,T/TC,T/T,
 ,58,122,
Ca1_466258,ATTTTTTT/ATTTTTTT,ATTTTTTT/ATTTTTT,
 ,154,51,
Ca1_466446,GAAAAA/GAAAAA,GAAAAA/GAAAA,
 ,35,182,
Ca1_476223,GTTTTTT/GTTTTTT,GTTTTTT/GTTTTTTT,
 ,157,45,
Ca1_526705,GAAA/GAA,GAAA/GAAA,
 ,70,146,
Ca1_537285,GA/GA,GA/GTA,
 ,166,48,
Ca1_538896,TAAA/TAAAA,TAAA/TAAA,
 ,174,45,
Ca1_554250,ATTT/ATT,ATTT/ATTT,
 ,132,54,
Ca1_585332,ATTT/ATTTT,ATTT/ATTT,
 ,50,146,
Ca1_585340,GTTTT/GTTTTT,GTTTT/GTTTT,
 ,79,121,
Ca1_585364,CAAAA/CAAA,CAAAA/CAAAA,
 ,163,41,
Ca1_602472,AGGGG/AGGGG,AGGGG/AGGGGG,
 ,122,63,
Ca1_623246,ATTTTT/ATTTTT,ATTTTT/ATTTT,
 ,141,74,
Ca1_628253,CAAA/CAA,CAAA/CAAA,
 ,151,60,
Ca1_642519,TAAA/TAAAA,TAAA/TAAA,
 ,53,151,
Ca1_642601,CTTT/CTTTT,CTTT/CTTT,
 ,119,99,
Ca1_642667,TCG/TCG,TG/TCG,
 ,120,90,
Ca1_642668,G/GT,GT/GT,
 ,90,120,
Ca1_642775,TAAAAA/TAAAAA,TAAAAA/TAAAA,
 ,67,153,
Ca1_678067,C/C,C/A,
 ,51,150,
Ca1_678068,A/A,A/C,
 ,54,147,
Ca1_678174,ATTT/ATTTT,ATTT/ATTT,
 ,82,138,
Ca1_686782,ATTTT/ATTTT,ATTTT/ATTT,
 ,157,63,
Ca1_776277,GAAAA/GAAAA,GAAAA/GAAA,
 ,138,79,
Ca1_776313,CAAAAA/CAAAAAA,CAAAAA/CAAAAA,
 ,49,167,
Ca1_795155,GT/GT,GT/GTT,
 ,91,110,
Ca1_798417,TAAA/TAA,TAAA/TAAA,
 ,123,87,
Ca1_799866,TGGG/TGGG,TGGG/TGGGG,
 ,90,130,
Ca1_828293,ATTTTTT/ATTTTT,ATTTTTT/ATTTTTT,
 ,52,165,
Ca1_828301,ATT/ATTT,ATT/ATT,
 ,213,7,
Ca1_861705,GTTTT/GTTTT,GTTTT/GTTTTT,
 ,159,49,
Ca1_883696,CTTTT/CTTTT,CTTTT/CTTT,
 ,128,90,
Ca1_913569,AG/A,AG/AG,
 ,67,122,
Ca1_920388,GTTTT/GTTTT,GTTTT/GTTT,
 ,40,155,
Ca1_931963,ATTTT/ATTTT,ATTTT/ATTT,
 ,136,68,
Ca1_931983,CTTTTTTT/CTTTTTTT,CTTTTTTT/CTTTTTT,
 ,98,104,
Ca1_931992,ATTTT/ATTTTT,ATTTT/ATTTT,
 ,99,104,
Ca1_953894,GAAAAAA/GAAAAA,GAAAAAA/GAAAAAA,
 ,175,39,
Ca1_989676,A/AC,A/A,
 ,114,73,
Ca1_991795,TAAA/TAA,TAAA/TAAA,
 ,88,111,
Ca1_991797,AATT/AT,AATT/AATT,
 ,67,136,
Ca1_991798,ATTTTT/ATTTTT,ATTTTTT/ATTTTT,
 ,40,167,
Ca1_1042645,CAAAAA/CAAAAA,CAAAAA/CAAAA,
 ,17,195,
Ca1_1109703,GTTTT/GTTTT,GTTTT/GTTTTT,
 ,163,44,
Ca1_1111106,TAAAA/TAAAAA,TAAAA/TAAAA,
 ,91,101,
Ca1_1144981,ATC/AC,ATC/ATC,
 ,57,125,
Ca1_1162304,A/A,C/C,
 ,93,125,
Ca1_1226932,ATT/ATTT,ATT/ATT,
 ,50,169,
Ca1_1272138,GAA/GAAA,GAA/GAA,
 ,45,169,
Ca1_1302092,CAAAA/CAAA,CAAAA/CAAAA,
 ,66,142,
Ca1_1312158,TAAA/TAAAA,TAAA/TAAA,
 ,65,143,
Ca1_1312175,CAAA/CAA,CAAA/CAAA,
 ,64,144,
Ca1_1312876,GAAAAA/GAAAAA,GAAAAA/GAAAA,
 ,147,68,
Ca1_1328444,G/GAGAT,G/G,
 ,133,27,
Ca1_1328468,CCG/C,CCG/CCG,
 ,119,100,
Ca1_1328469,CGG/CGG,CGG/CG,
 ,164,55,
Ca1_1419163,ATTTT/ATTTT,ATTTT/ATTT,
 ,127,92,
Ca1_1429183,GTTTTT/GTTTT,GTTTTT/GTTTTT,
 ,85,97,
Ca1_1429320,GAAAAAAA/GAAAAAA,GAAAAAAA/GAAAAAAA,
 ,89,88,
Ca1_1439201,CTT/CTT,CTT/CTTT,
 ,59,122,
Ca1_1439204,A/AT,A/A,
 ,46,135,
Ca1_1519676,A/A,A/T,
 ,157,54,
Ca1_1548660,TAAAAAAAA/TAAAAAAA,TAAAAAAAA/TAAAAAAAA,
 ,61,155,
Ca1_1617625,TAAAA/TAAAA,TAAAA/TAAA,
 ,125,91,
Ca1_1627558,ATTT/ATT,ATTT/ATTT,
 ,174,6,
Ca1_1782194,GTTTT/GTTTT,GTTTT/GTTTTT,
 ,140,43,
Ca1_1788372,GAAAAAA/GAAAAA,GAAAAAA/GAAAAAA,
 ,101,114,
Ca1_1820995,CTTTTTTTT/CTTTTTTT,CTTTTTTTT/CTTTTTTTT,
 ,109,96,
Ca1_1837118,GTTTT/GTTTT,GTTTT/GTTT,
 ,162,44,
Ca1_1869500,A/A,A/T,
 ,91,130,
Ca1_1906887,TCCC/TCC,TCCC/TCCC,
 ,209,8,
Ca1_1939525,CAA/CAA,CAA/CAAA,
 ,137,81,
Ca1_1940833,GAAAA/GAAAAA,GAAAA/GAAAA,
 ,72,141,
Ca1_1951806,TAA/TAA,TAA/TAAA,
 ,164,44,
Ca1_1994434,GAA/GAAA,GAA/GAA,
 ,48,150,
Ca1_1994455,TAAAA/TAAAA,TAAAA/TAAA,
 ,40,156,
Ca1_2044688,A/A,A/T,
 ,9,205,
Ca1_2051333,TTG/T,T/T,
 ,130,38,
Ca1_2051450,TAAAA/TAAAA,TAAAA/TAAA,
 ,161,55,
Ca1_2063012,AGGGG/AGGGG,AGGGG/AGGGGG,
 ,145,74,
Ca1_2104731,CAAAAA/CAAAAAA,CAAAAA/CAAAAA,
 ,69,149,
Ca1_2126911,G/GT,G/G,
 ,84,95,
Ca1_2205991,TAAAA/TAAAA,TAAAA/TAAA,
 ,141,77,
Ca1_2352054,CTT/CTT,CTT/CTTT,
 ,15,198,
Ca1_2362483,ATTTTT/ATTTTT,ATTTTT/ATTTT,
 ,63,156,
Ca1_2368919,CGG/CGG,CGG/CG,
 ,142,73,
Ca1_2368992,CAG/CAGAG,CAG/CAG,
 ,96,84,
Ca1_2368994,GC/GC,GC/GAC,
 ,50,157,
Ca1_2368995,C/CG,C/C,
 ,157,50,
Ca1_2368996,T/TA,T/T,
 ,157,50,
Ca1_2369886,ATTTTTTTT/ATTTTTTTT,ATTTTTTTT/ATTTTTTTTT,
 ,104,76,
Ca1_2407997,GAAAA/GAAAA,GAAAA/GAAA,
 ,19,175,
Ca1_2452000,CTTTT/CTTTT,CTTTT/CTTT,
 ,27,167,
Ca1_2459397,GAAAAAA/GAAAAA,GAAAAAA/GAAAAAA,
 ,61,156,
Ca1_2495653,GAA/GAA,GAA/GA,
 ,25,175,
Ca1_2534826,CTTTT/CTTTT,CTTTT/CTTTTT,
 ,137,75,
Ca1_2535047,TAA/TAA,TAA/TA,
 ,25,196,
Ca1_2554345,TAAAAA/TAAAAA,TAAAAA/TAAAAAA,
 ,11,195,
Ca1_2554350,ATTT/ATTTT,ATTT/ATTT,
 ,188,17,
Ca1_2583542,CAAA/CAA,CAAA/CAAA,
 ,142,79,
Ca1_2583895,CAAAAAA/CAAAAA,CAAAAAA/CAAAAAA,
 ,51,167,
Ca1_2583909,CAAAA/CAAA,CAAAA/CAAAA,
 ,44,173,
Ca1_2583940,CAAAA/CAAA,CAAAA/CAAAA,
 ,44,170,
Ca1_2632946,CAAA/CAA,CAAA/CAAA,
 ,69,148,
Ca1_2648153,CTTTT/CTTTT,CTTTT/CTTTTT,
 ,104,84,
Ca1_2687090,ATT/ATTT,ATT/ATT,
 ,95,121,
Ca1_2687105,GTTTTTT/GTTTTTT,GTTTTTT/GTTTTT,
 ,87,129,
Ca1_2689065,ATTTTT/ATTTTT,ATTTTT/ATTTT,
 ,151,63,
Ca1_2825585,CAAAA/CAAA,CAAAA/CAAAA,
 ,127,73,
Ca1_2835953,G/GT,G/G,
 ,47,171,
Ca1_2930551,CTTTT/CTTTT,CTTTT/CTTTTT,
 ,171,43,
Ca1_2930555,TCCCCC/TCCCCCC,TCCCCC/TCCCCC,
 ,178,37,
Ca1_2930560,CTT/CTT,CTT/CTTT,
 ,121,94,
Ca1_2931607,CAAAAAAAAAA/CAAAAAAAAAA,CAAAAAAAAAA/CAAAAAAAAA,
 ,42,136,
Ca1_2964140,GAAAAA/GAAAAA,GAAAAA/GAAAA,
 ,122,97,
Ca1_2980550,AT/A,AT/AT,
 ,142,79,
Ca1_3013051,TCCCCCC/TCCCCCCC,TCCCCCC/TCCCCCC,
 ,185,11,
Ca1_3083587,CAAAAAA/CAAAAAA,CAAAAAA/CAAAAAAA,
 ,138,79,
Ca1_3115268,CTTTT/CTTTT,CTTTT/CTTTTT,
 ,120,98,
Ca1_3143750,ATTTTTT/ATTTTT,ATTTTTT/ATTTTTT,
 ,117,95,
Ca1_3154413,GAAAA/GAAAAA,GAAAA/GAAAA,
 ,43,144,
Ca1_3208818,G/GT,G/G,
 ,75,115,
Ca1_3248863,ATTTTT/ATTTTT,ATTTTT/ATTTTTT,
 ,160,48,
Ca1_3250391,CAAAAA/CAAAAAA,CAAAAA/CAAAAA,
 ,58,145,
Ca1_3348632,TAA/TAA,TAA/TAAA,
 ,147,57,
Ca1_3362948,ATTTTT/ATTTTT,ATTTTT/ATTTT,
 ,54,124,
Ca1_3376209,ATTTTT/ATTTTT,ATTTTT/ATTTTTT,
 ,87,116,
Ca1_3396276,TAAAA/TAAAA,TAAAA/TAAA,
 ,54,163,
Ca1_3414092,TAAAA/TAAAA,TAAAA/TAAA,
 ,41,176,
Ca1_3426240,TAAAAA/TAAAAA,TAAAAA/TAAAAAA,
 ,164,42,
Ca1_3432428,CAAAAA/CAAAAA,CAAAAA/CAAAA,
 ,127,68,
Ca1_3468854,CAAAAAA/CAAAAA,CAAAAAA/CAAAAAA,
 ,48,131,
Ca1_3468986,TAAAAAAAA/TAAAAAAA,TAAAAAAAA/TAAAAAAAA,
 ,41,139,
Ca1_3469034,GAAAA/GAAAA,GAAAA/GAAA,
 ,165,49,
Ca1_3521694,TAAAAA/TAAAAA,TAAAAA/TAAAA,
 ,106,77,
Ca1_3549779,GCC/GCC,GCC/GC,
 ,127,92,
Ca1_3648369,ATTTTT/ATTTTT,ATTTTT/ATTTT,
 ,10,199,
Ca1_3707989,TAAA/TAAAA,TAAA/TAAA,
 ,44,158,
Ca1_3708006,TAAAAA/TAAAAA,TAAAAA/TAAAAAA,
 ,153,43,
Ca1_3777204,CAAAA/CAAAAA,CAAAA/CAAAA,
 ,90,105,
Ca1_3777217,CTTTTTT/CTTTTTT,CTTTTTT/CTTTTT,
 ,95,93,
Ca1_3777323,T/T,C/C,
 ,100,77,
Ca1_3825945,G/G,C/C,
 ,127,92,
Ca1_3832910,CAAA/CAAA,CAAA/CAAAA,
 ,145,43,
Ca1_3832916,CAAAA/CAAA,CAAAA/CAAAA,
 ,59,132,
Ca1_3832996,TAAAA/TAAAAA,TAAAA/TAAAA,
 ,51,142,
Ca1_3833019,TAAAA/TAAAA,TAAAA/TAAA,
 ,33,146,
Ca1_3878032,CAA/CAA,CAA/CA,
 ,114,103,
Ca1_3908852,GAAA/GAA,GAAA/GAAA,
 ,65,155,
Ca1_3908939,CT/CGT,CGT/CGT,
 ,152,33,
Ca1_3909036,CTTTTTT/CTTTTTTT,CTTTTTT/CTTTTTT,
 ,45,140,
Ca1_3909047,TTC/T,TTC/TTC,
 ,48,133,
Ca1_3909138,TAAA/TAA,TAAA/TAAA,
 ,96,91,
Ca1_3957775,CAAAAAAAA/CAAAAAAAA,CAAAAAAAA/CAAAAAAA,
 ,84,111,
Ca1_3964397,A/AG,A/A,
 ,72,138,
Ca1_3964410,GTTTT/GTTTTT,GTTTT/GTTTT,
 ,167,43,
Ca1_3985727,GTTTT/GTTTT,GTTTT/GTTT,
 ,67,122,
Ca1_3985791,GAAAAAA/GAAAAA,GAAAAAA/GAAAAAA,
 ,110,88,
Ca1_3985872,CTTTTT/CTTTTT,CTTTTT/CTTTT,
 ,83,130,
Ca1_3985946,TAAAA/TAAAAA,TAAAA/TAAAA,
 ,51,167,
Ca1_3985950,ATTTTT/ATTTTT,ATTTTT/ATTTTTT,
 ,162,57,
Ca1_3986012,CTTTTT/CTTTTT,CTTTTT/CTTTT,
 ,167,50,
Ca1_3990314,ATT/AT,ATT/ATT,
 ,69,122,
Ca1_3990326,GTTTTT/GTTTTTT,GTTTTT/GTTTTT,
 ,52,136,
Ca1_3990348,GTTTT/GTTTT,GTTTT/GTTT,
 ,11,173,
Ca1_3990355,ATTTTT/ATTTTT,ATTTTT/ATTTTTT,
 ,103,82,
Ca1_3990412,GAAAAAA/GAAAAA,GAAAAAA/GAAAAAA,
 ,159,35,
Ca1_4034786,TGG/TGGG,TGG/TGG,
 ,42,154,
Ca1_4059137,GAAAAA/GAAAAA,GAAAAA/GAAAA,
 ,155,41,
Ca1_4059165,ATTTTT/ATTTT,ATTTT/ATTTT,
 ,181,5,
Ca1_4090659,ATT/AT,ATT/ATT,
 ,55,162,
Ca1_4092748,TA/TA,TA/TAA,
 ,112,87,
Ca1_4092763,CAA/CAA,CAA/CAAA,
 ,61,135,
Ca1_4092792,GC/GC,GC/G,
 ,3,194,
Ca1_4129451,GCC/GCC,GCC/GCCC,
 ,145,61,
Ca1_4129505,CAAA/CAA,CAAA/CAAA,
 ,39,149,
Ca1_4130312,A/AG,A/A,
 ,157,56,
Ca1_4173578,GCC/GCC,GCC/GC,
 ,155,61,
Ca1_4174206,TAAA/TAAAA,TAAA/TAAA,
 ,110,110,
Ca1_4209222,ATTTTT/ATTTTT,ATTTTT/ATTTT,
 ,161,47,
Ca1_4270687,CAAAA/CAAA,CAAAA/CAAAA,
 ,79,132,
Ca1_4310179,ATTT/ATTTT,ATTT/ATTT,
 ,204,17,
Ca1_4310321,G/G,T/T,
 ,126,91,
Ca1_4311620,CTTTTT/CTTTTT,CTTTTT/CTTTT,
 ,63,156,
Ca1_4420477,CTTTTTT/CTTTTTT,CTTTTTT/CTTTTT,
 ,161,57,
Ca1_4427397,C/A,C/C,
 ,120,101,
Ca1_4427434,T/G,T/T,
 ,120,101,
Ca1_4427435,T/C,T/T,
 ,120,101,
Ca1_4427451,A/A,A/G,
 ,176,44,
Ca1_4467950,ATTTTTT/ATTTTTTT,ATTTTTT/ATTTTTT,
 ,72,135,
Ca1_4468106,TAAAA/TAAAA,TAAAA/TAAA,
 ,26,188,
Ca1_4468165,CAAAA/CAAA,CAAAA/CAAAA,
 ,54,152,
Ca1_4468199,ACCCCC/ACCCCCC,ACCCCC/ACCCCC,
 ,57,147,
Ca1_4468996,CTTTTT/CTTTTT,CTTTTT/CTTTT,
 ,132,77,
Ca1_4469771,CTTT/CTTTT,CTTT/CTTT,
 ,82,137,
Ca1_4470061,TAAAA/TAAA,TAAA/TAAA,
 ,157,25,
Ca1_4512739,GAAAAA/GAAAAA,GAAAAA/GAAAA,
 ,123,60,
Ca1_4578886,ATTT/ATTTT,ATTT/ATTT,
 ,63,139,
Ca1_4593515,TAAAA/TAAAA,TAAAA/TAAA,
 ,128,59,
Ca1_4593524,GAAAAA/GAAAAA,GAAAAA/GAAAA,
 ,43,149,
Ca1_4594809,CTTTT/CTTTT,CTTTT/CTTT,
 ,146,49,
Ca1_4599548,TAAA/TAA,TAAA/TAAA,
 ,195,14,
Ca1_4628253,ATT/AT,ATT/ATT,
 ,101,119,
Ca1_4635569,ATTTT/ATTTT,ATTTT/ATTT,
 ,94,112,
Ca1_4688290,ATTTT/ATTTTT,ATTTT/ATTTT,
 ,81,111,
Ca1_4732668,A/A,G/G,
 ,93,125,
Ca1_4766682,ATTT/ATT,ATTT/ATTT,
 ,209,5,
Ca1_4798007,ATTT/ATT,ATTT/ATTT,
 ,207,10,
Ca1_4804431,CAAAAAAAA/CAAAAAAAA,CAAAAAAAA/CAAAAAAA,
 ,67,111,
Ca1_4804454,CAA/CAA,CAA/CAAA,
 ,64,133,
Ca1_4944779,CAAA/CAAA,CAAA/CAAAA,
 ,173,48,
Ca1_4944790,CAAA/CAAA,CAAA/CAAAA,
 ,161,59,
Ca1_4944800,TGG/TTGGG,TGG/TGG,
 ,60,158,
Ca1_4944804,CTTTTTT/CTTTTTTT,CTTTTTT/CTTTTTT,
 ,165,53,
Ca1_4944817,G/GT,G/G,
 ,80,134,
Ca1_4946799,GAA/GAA,GAA/GA,
 ,129,89,
Ca1_4946890,GTTTTTT/GTTTTTT,GTTTTTT/GTTTTTTT,
 ,58,130,
Ca1_4954104,GTTT/GTTT,GTTT/GTTTT,
 ,152,50,
Ca1_5110917,TAAA/TAAAA,TAAA/TAAA,
 ,42,171,
Ca1_5147421,CAAAA/CAAA,CAAAA/CAAAA,
 ,108,103,
Ca1_5147928,CTTTTTTTT/CTTTTTTT,CTTTTTTTT/CTTTTTTTT,
 ,113,93,
Ca1_5162024,TAAAAA/TAAAAA,TAAAAA/TAAAAAA,
 ,93,106,
Ca1_5241744,CAAA/CAA,CAAA/CAAA,
 ,165,34,
Ca1_5254921,CAAA/CAAA,CAAA/CAAAA,
 ,157,52,
Ca1_5254950,TAAAAAA/TAAAAAAA,TAAAAAA/TAAAAAA,
 ,123,89,
Ca1_5377042,CAAAA/CAAAAA,CAAAA/CAAAA,
 ,66,144,
Ca1_5377077,ATTT/ATT,ATTT/ATTT,
 ,102,101,
Ca1_5415125,ATTT/ATT,ATTT/ATTT,
 ,91,122,
Ca1_5415132,TAAAAAA/TAAAAAAA,TAAAAAA/TAAAAAA,
 ,45,172,
Ca1_5510613,GTT/GTTT,GTT/GTT,
 ,123,71,
Ca1_5510644,A/A,G/G,
 ,114,82,
Ca1_5568480,G/G,C/C,
 ,119,86,
Ca1_5568485,T/T,C/C,
 ,119,87,
Ca1_5568485_1,AAAT/AAT,AAT/AAT,
 ,172,49,
Ca1_5601530,G/G,C/C,
 ,122,92,
Ca1_5601589,A/A,T/T,
 ,92,122,
Ca1_5606168,A/A,G/G,
 ,94,73,
Ca1_5606284,A/A,G/G,
 ,92,101,
Ca1_5616463,ATAATT/ATAATT,ATAATTAATT/ATAATTAATT,
 ,122,82,
Ca1_5616479,C/C,T/T,
 ,124,90,
Ca1_5641505,G/G,C/C,
 ,104,88,
Ca1_5641507,G/G,T/T,
 ,105,87,
Ca1_5653773,GTTTT/GTTTTT,GTTTT/GTTTT,
 ,85,97,
Ca1_5654605,A/A,G/G,
 ,91,124,
Ca1_5670145,GTT/GTTT,GTT/GTT,
 ,42,156,
Ca1_5670172,CAAA/CAAA,CAAAA/CAAAA,
 ,72,111,
Ca1_5751450,T/T,C/C,
 ,114,90,
Ca1_5751522,CAAAA/CAAA,CAAAA/CAAAA,
 ,60,148,
Ca1_5751546,A/A,T/T,
 ,114,93,
Ca1_5804466,ATTTTTT/ATTTTTTT,ATTTTTT/ATTTTTT,
 ,77,129,
Ca1_5831973,GAAAAAA/GAAAAA,GAAAAAA/GAAAAAA,
 ,166,38,
Ca1_5871121,CTTTTT/CTTTTT,CTTTTT/CTTTT,
 ,140,73,
Ca1_5871231,CTT/CTT,CTT/CT,
 ,98,104,
Ca1_5895625,CAAAAA/CAAAAA,CAAAAA/CAAAA,
 ,135,74,
Ca1_6085919,TAAAA/TAAAAA,TAAAA/TAAAA,
 ,40,160,
Ca1_6085929,TAAAA/TAAAAA,TAAAA/TAAAA,
 ,93,111,
Ca1_6085990,TAAAAA/TAAAAA,TAAAAA/TAAAAAA,
 ,104,98,
Ca1_6086074,CAAA/CAA,CAAA/CAAA,
 ,78,135,
Ca1_6130861,G/G,C/C,
 ,122,89,
Ca1_6159460,ATTT/ATT,ATTT/ATTT,
 ,68,149,
Ca1_6159535,T/TA,T/T,
 ,96,120,
Ca1_6160440,AC/AC,AC/ACC,
 ,169,47,
Ca1_6160441,CAA/CAA,CAA/CAAA,
 ,173,44,
Ca1_6186484,ATTT/ATT,ATTT/ATTT,
 ,131,86,
Ca1_6312290,A/A,G/G,
 ,131,86,
Ca1_6380684,ATT/ATTT,ATT/ATT,
 ,38,148,
Ca1_6380707,ATTTT/ATTTT,ATTTT/ATTT,
 ,131,56,
Ca1_6403697,GAA/GAA,GAA/GA,
 ,125,53,
Ca1_6443493,ATTTTT/ATTTTT,ATTTTT/ATTTTTT,
 ,139,44,
Ca1_6443501,GTTTT/GTTTT,GTTTT/GTTTTT,
 ,136,51,
Ca1_6552304,CTTT/CTT,CTTT/CTTT,
 ,129,57,
Ca1_6554613,CAAAAAA/CAAAAAA,CAAAAAA/CAAAAAAA,
 ,158,62,
Ca1_6650781,GCC/GCC,GCC/GC,
 ,122,60,
Ca1_6694657,C/C,T/T,
 ,134,81,
Ca1_6705767,A/A,C/C,
 ,74,123,
Ca1_6705773,GTTTTT/GTTTTTT,GTTTTT/GTTTTT,
 ,45,148,
Ca1_6705782,GTTTT/GTTTTT,GTTTT/GTTTT,
 ,105,98,
Ca1_6705790,CTTT/CTTTT,CTTT/CTTT,
 ,51,155,
Ca1_6705795,T/T,C/C,
 ,126,78,
Ca1_6708957,T/T,C/C,
 ,134,86,
Ca1_6714297,A/A,T/T,
 ,128,74,
Ca1_6738650,TAAAAAA/TAAAAA,TAAAAAA/TAAAAAA,
 ,154,57,
Ca1_6774685,ATTTT/ATTTT,ATTTT/ATTT,
 ,157,47,
Ca1_6774742,GAAA/GAA,GAAA/GAAA,
 ,74,127,
Ca1_6774750,GAAAA/GAAAA,GAAAA/GAAA,
 ,159,47,
Ca1_6947239,GAAA/GAA,GAAA/GAAA,
 ,157,55,
Ca1_6947262,GAAAA/GAAAA,GAAAA/GAAA,
 ,110,96,
Ca1_6947280,T/T,C/C,
 ,125,81,
Ca1_7000817,GAAAAA/GAAAAA,GAAAAA/GAAAA,
 ,88,117,
Ca1_7079109,T/T,C/C,
 ,118,87,
Ca1_7079149,A/A,G/G,
 ,86,134,
Ca1_7079273,TAAAAAAA/TAAAAAAA,TAAAAAAA/TAAAAAAAA,
 ,98,112,
Ca1_7079346,A/A,T/T,
 ,82,128,
Ca1_7079360,G/G,T/T,
 ,128,80,
Ca1_7119235,T/T,C/C,
 ,134,85,
Ca1_7123545,CAA/CAA,CAA/CAAA,
 ,158,47,
Ca1_7123547,ATTTT/ATTTTT,ATTTT/ATTTT,
 ,88,116,
Ca1_7123564,T/T,C/C,
 ,126,64,
Ca1_7124619,G/G,C/C,
 ,133,79,
Ca1_7124624,A/A,T/T,
 ,78,132,
Ca1_7124670,A/A,T/T,
 ,128,69,
Ca1_7124777,ATTTTTT/ATTTTTTT,ATTTTTT/ATTTTTT,
 ,51,167,
Ca1_7557019,CAAA/CAA,CAAA/CAAA,
 ,126,91,
Ca1_7596063,CTTT/CTTT,CTTTT/CTTT,
 ,2,210,
Ca1_7596080,ACC/ACCC,ACC/ACC,
 ,135,83,
Ca1_7596142,GCATTTTCATTTTCATTTTCATTTTCATTTTC/GTCATTTTCATTTTCATTTTCATTTTCATTTTC,GCATTTTCATTTTCATTTTCATTTTCATTTTC/GCATTTTCATTTTCATTTTCATTTTCATTTTC,
 ,86,130,
Ca1_7612504,ACC/AC,ACC/ACC,
 ,109,77,
Ca1_7612551,CAAAAA/CAAAAA,CAAAAA/CAAAA,
 ,63,124,
Ca1_7663952,ATTT/ATTTT,ATTT/ATTT,
 ,88,108,
Ca1_7667322,T/TA,T/T,
 ,89,124,
Ca1_7667358,CAA/CAA,CAA/CA,
 ,32,185,
Ca1_7725127,CTTTTTT/CTTTTTT,CTTTTTT/CTTTTTTT,
 ,163,52,
Ca1_7725243,ATTTTT/ATTTTT,ATTTTT/ATTTT,
 ,46,166,
Ca1_7732680,ATTTTTT/ATTTTTTT,ATTTTTT/ATTTTTT,
 ,85,132,
Ca1_7732716,CTTTT/CTTTT,CTTTT/CTTTTT,
 ,172,45,
Ca1_7734659,CTT/CTT,CTT/CTTT,
 ,167,43,
Ca1_7734677,ATTTT/ATTTT,ATTTT/ATTT,
 ,137,76,
Ca1_7734868,CTTT/CTTTT,CTTT/CTTT,
 ,95,115,
Ca1_7741278,CTTTT/CTTTT,CTTTT/CTTT,
 ,28,143,
Ca1_7741338,TAAAAAAAAAA/TAAAAAAAAAA,TAAAAAAAAAA/TAAAAAAAAA,
 ,24,128,
Ca1_7750192,CAAAAA/CAAAAA,CAAAAA/CAAAA,
 ,68,150,
Ca1_7773094,ATTTTTTTTTT/ATTTTTTTTT,ATTTTTTTTTT/ATTTTTTTTTT,
 ,96,106,
Ca1_7790873,ATTT/ATT,ATTT/ATTT,
 ,128,90,
Ca1_7808544,T/G,G/G,
 ,76,119,
Ca1_7808547,T/C,C/C,
 ,94,105,
Ca1_7810960,ATT/ATTT,ATT/ATT,
 ,81,121,
Ca1_7855771,CTTTT/CTTTT,CTTTT/CTTT,
 ,102,110,
Ca1_7855799,ATTT/ATT,ATTT/ATTT,
 ,125,86,
Ca1_7882883,CAAAA/CAAA,CAAAA/CAAAA,
 ,38,146,
Ca1_7882891,GTTT/GTTT,GTTT/GTTTT,
 ,145,44,
Ca1_7883407,AG/A,AG/AG,
 ,60,154,
Ca1_7886448,TCCCCC/TCCCCCC,TCCCCC/TCCCCC,
 ,128,87,
Ca1_7891729,GTTT/GTTT,GTTT/GTTTT,
 ,172,48,
Ca1_7905965,CTTT/CTTTT,CTTT/CTTT,
 ,110,76,
Ca1_7906017,CTTTTTT/CTTTTTT,CTTTTTT/CTTTTT,
 ,64,127,
Ca1_7928438,GTTTTTT/GTTTTTT,GTTTTTT/GTTTTT,
 ,135,81,
Ca1_7940168,CTTTT/CTTTT,CTTTT/CTTTTT,
 ,86,121,
Ca1_7940252,A/A,C/A,
 ,16,178,
Ca1_7940321,GAAAAAA/GAAAAAAA,GAAAAAA/GAAAAAA,
 ,52,166,
Ca1_7972425,ATTTT/ATTTT,ATTTT/ATTT,
 ,28,161,
Ca1_7972434,GAAAAAAAAAA/GAAAAAAAAA,GAAAAAAAAAA/GAAAAAAAAAA,
 ,93,88,
Ca1_7980155,TCCCC/TCCCCC,TCCCC/TCCCC,
 ,60,132,
Ca1_7980159,CAAA/CAA,CAAA/CAAA,
 ,73,121,
Ca1_7989041,TAAAAA/TAAAAA,TAAAAA/TAAAAAA,
 ,28,175,
Ca1_7989047,GAAAAA/GAAAAA,GAAAAA/GGAAAAAA,
 ,44,148,
Ca1_7989061,GAAAAAAA/GAAAAAA,GAAAAAAA/GAAAAAAA,
 ,44,149,
Ca1_7989073,GAAAA/GAAAAA,GAAAA/GAAAA,
 ,60,128,
Ca1_7999604,TAAAAA/TAAAAA,TAAAAA/TAAAAAA,
 ,155,44,
Ca1_7999644,GAAA/GAAA,GAAA/GAAAA,
 ,154,58,
Ca1_7999665,GAA/GAAA,GAA/GAA,
 ,144,48,
Ca1_7999668,TAAAAAAA/TAAAAAA,TAAAAAAA/TAAAAAAA,
 ,54,146,
Ca1_8154785,ATTTTTT/ATTTTT,ATTTTTT/ATTTTTT,
 ,180,39,
Ca1_8160083,TGGGG/TGGG,TGGGG/TGGGG,
 ,42,162,
Ca1_8270428,TCC/TCCC,TCC/TCC,
 ,124,93,
Ca1_8270479,CAA/CAA,CAA/CAAA,
 ,159,54,
Ca1_8423517,CAAAA/CAAA,CAAAA/CAAAA,
 ,94,117,
Ca1_8433322,CACG/CACG,CACG/CGACG,
 ,83,134,
Ca1_8433354,TGAA/TAA,TAA/TAA,
 ,204,9,
Ca1_8561667,CGGG/CGGGG,CGGG/CGGG,
 ,118,103,
Ca1_8563454,ATTTTT/ATTTTT,ATTTTT/ATTTTTT,
 ,159,61,
Ca1_8592081,ATTTTTTTT/ATTTTTTTTT,ATTTTTTTT/ATTTTTTTT,
 ,56,164,
Ca1_8600227,CAAA/CAA,CAAA/CAAA,
 ,67,142,
Ca1_8600361,CAAA/CAA,CAAA/CAAA,
 ,174,17,
Ca1_8600364,AGGG/AGGG,AGGG/AGG,
 ,121,59,
Ca1_8611946,TG/TG,TG/T,
 ,31,179,
Ca1_8648813,ATTT/ATT,ATT/ATT,
 ,137,50,
Ca1_8665800,ATTTT/ATTTT,ATTTT/ATTT,
 ,67,139,
Ca1_8684223,TG/TG,TGG/TG,
 ,11,180,
Ca1_8740824,CAAAA/CAAA,CAAAA/CAAAA,
 ,65,150,
Ca1_8759213,G/GT,G/G,
 ,120,87,
Ca1_8759390,GCCCCC/GCCCCCC,GCCCCC/GCCCCC,
 ,48,172,
Ca1_8759552,GAAAAA/GAAAAA,GAAAAA/GGAAAAAA,
 ,154,45,
Ca1_8759560,TAAAAA/TAAAAA,TAAAAA/TAAAA,
 ,98,103,
Ca1_8769737,TAAA/TAAAA,TAAA/TAAA,
 ,94,120,
Ca1_8791919,TAAAAAA/TAAAAAAA,TAAAAAA/TAAAAAA,
 ,123,82,
Ca1_8791925,ATT/ATTT,ATT/ATT,
 ,134,70,
Ca1_8791940,TAA/TAA,TAA/TAAA,
 ,94,124,
Ca1_8791975,ATTTT/ATTTTT,ATTTT/ATTTT,
 ,74,141,
Ca1_8791991,ATTTTT/ATTTTT,ATTTTT/ATTTT,
 ,171,44,
Ca1_8837423,TAAAAA/TAAAAA,TAAAAA/TAAAAAA,
 ,124,69,
Ca1_8863806,G/G,G/T,
 ,27,191,
Ca1_8865123,CAAAAAAA/CAAAAAA,CAAAAAAA/CAAAAAAA,
 ,60,143,
Ca1_8972156,TCCCC/TCCCCC,TCCCC/TCCCC,
 ,82,137,
Ca1_8972166,TCCC/TCCC,TCCC/TCCCC,
 ,44,176,
Ca1_8999479,GTTTT/GTTTT,GTTTT/GTTT,
 ,139,82,
Ca1_9089729,CGG/CGG,CGG/CG,
 ,172,47,
Ca1_9122889,CAAAAA/CAAAAAA,CAAAAA/CAAAAA,
 ,51,150,
Ca1_9161643,CAAAAAA/CAAAAA,CAAAAAA/CAAAAAA,
 ,172,37,
Ca1_9230835,CTTTTTTTTTT/CTTTTTTTTTT,CTTTTTTTTTT/CTTTTTTTTT,
 ,115,83,
Ca1_9230846,C/CT,C/C,
 ,69,144,
Ca1_9249670,A/ATC,ATC/ATC,
 ,145,59,
Ca1_9249671,GC/GCTC,GCTC/GCTC,
 ,145,59,
Ca1_9277077,TAAAAA/TAAAAA,TAAAAA/TAAAAAA,
 ,50,160,
Ca1_9332117,TAAAAA/TAAAAA,TAAAAA/TAAAA,
 ,129,91,
Ca1_9364959,GCCC/GCCC,GCCC/G,
 ,112,84,
Ca1_9401596,CAAAAAA/CAAAAAA,CAAAAAA/CAAAAAAA,
 ,114,95,
Ca1_9401602,AT/AT,AT/AGT,
 ,137,70,
Ca1_9419641,CTTTT/CTTTT,CTTTT/CTTTTT,
 ,89,130,
Ca1_9420527,CAAA/CAAA,CAAA/CAAAA,
 ,168,50,
Ca1_9426629,TAAA/TAAAA,TAAA/TAAA,
 ,82,124,
Ca1_9441784,GAAAA/GAAAA,GAAAA/GAAA,
 ,116,85,
Ca1_9441862,TAAAA/TAAAAA,TAAAA/TAAAA,
 ,53,146,
Ca1_9479142,CTT/CTT,CTT/CTTT,
 ,146,64,
Ca1_9522859,G/G,T/T,
 ,102,115,
Ca1_9573899,CAAAAAA/CAAAAA,CAAAAAA/CAAAAAA,
 ,53,165,
Ca1_9594391,C/C,T/T,
 ,98,118,
Ca1_9651116,CTTT/CTT,CTTT/CTTT,
 ,78,136,
Ca1_9651209,TAAA/TAA,TAAA/TAAA,
 ,83,126,
Ca1_9707329,CAA/CAA,CAA/CA,
 ,121,75,
Ca1_9782264,GAAAA/GAAAA,GAAAA/GAAA,
 ,22,194,
Ca1_9800019,CTT/CTT,CTT/CTTT,
 ,109,111,
Ca1_9817885,CTTTTTT/CTTTTTT,CTTTTTT/CTTTTTTT,
 ,167,51,
Ca1_9817891,TA/TTAA,TA/TA,
 ,169,49,
Ca1_9817892,ATTTTTTTT/ATTTTTTTT,ATTTTTTTT/AATTTTTTTTT,
 ,102,114,
Ca1_9835284,CAA/CAA,CAA/CA,
 ,74,147,
Ca1_9837328,AGGGGG/AGGGGGG,AGGGGG/AGGGGG,
 ,61,156,
Ca1_9850481,CAAAAA/CAAAAAA,CAAAAA/CAAAAA,
 ,49,163,
Ca1_9850543,CAAAA/CAAA,CAAAA/CAAAA,
 ,128,74,
Ca1_9850565,CAAAA/CAAAAA,CAAAA/CAAAA,
 ,50,161,
Ca1_9858008,CTTTT/CTTTT,CTTTT/CTTTTT,
 ,62,147,
Ca1_9858153,A/AG,A/A,
 ,194,26,
Ca1_9911183,GTTTTTT/GTTTTTT,GTTTTTT/GTTTTT,
 ,76,139,
Ca1_9993384,CAAAA/CAAAAA,CAAAA/CAAAA,
 ,46,172,
Ca1_9993880,GTTTTTTT/GTTTTTTT,GTTTTTTT/GTTTTTTTT,
 ,132,74,
Ca1_9999825,AG/ACG,AG/AG,
 ,118,60,
Ca1_9999829,CTT/CTT,CTT/CTTT,
 ,26,147,
Ca1_9999833,A/A,G/G,
 ,87,124,
Ca1_9999888,C/C,T/T,
 ,92,124,
Ca1_10024112,G/G,C/C,
 ,125,92,
Ca1_10024158,TAAAA/TAAAAA,TAAAA/TAAAA,
 ,56,163,
Ca1_10024204,CAA/CAA,CAA/CAAA,
 ,141,69,
Ca1_10041921,CTTTT/CTTTT,CTTTT/CTTT,
 ,61,145,
Ca1_10044606,TAAA/TAA,TAAA/TAAA,
 ,74,108,
Ca1_10346954,CAAAAAA/CAAAAAA,CAAAAAA/CAAAAAAA,
 ,145,70,
Ca1_10357324,TGGGGG/TGGGGG,TGGGGG/TGGGGGG,
 ,10,167,
Ca1_10375288,CTTT/CTT,CTTT/CTTT,
 ,131,84,
Ca1_10377938,GCC/GCC,GCC/GC,
 ,49,133,
Ca1_10429509,CGGGG/CGGGG,CGGGG/CGGGGG,
 ,112,67,
Ca1_10482574,C/CT,C/C,
 ,55,131,
Ca1_10544345,TAAAA/TAAAA,TAAAAA/TAAAA,
 ,13,158,
Ca1_10546291,C/CA,C/C,
 ,42,161,
Ca1_10567558,ATTTTT/ATTTTT,ATTTTT/ATTTTTT,
 ,124,58,
Ca1_10567615,GA/GAA,GA/GA,
 ,58,126,
Ca1_10567616,ATTTTTT/ATTTTTTT,ATTTTTT/ATTTTTT,
 ,57,128,
Ca1_10575488,GAAAAAAAA/GAAAAAAA,GAAAAAAA/GAAAAAAA,
 ,129,39,
Ca1_10649825,CTTT/CTTTT,CTTT/CTTT,
 ,89,119,
Ca1_10656523,ATTTTTTTTT/ATTTTTTTT,ATTTTTTTTT/ATTTTTTTTT,
 ,155,33,
Ca1_10656545,CTTTTT/CTTTTT,CTTTTT/CTTTT,
 ,101,99,
Ca1_10656585,GTTTT/GTTTTT,GTTTT/GTTTT,
 ,52,143,
Ca1_10743889,ATTTT/ATTTTT,ATTTT/ATTTT,
 ,75,140,
Ca1_10743967,ATTTTT/ATTTTT,ATTTTT/ATTTTTT,
 ,144,74,
Ca1_10754225,GAA/GAA,GAA/GA,
 ,7,212,
Ca1_10754372,CAAAA/CAAAAA,CAAAA/CAAAA,
 ,66,147,
Ca1_10775365,CAAAA/CAAAAA,CAAAA/CAAAA,
 ,84,93,
Ca1_10788473,CTT/CTT,CTT/CGTT,
 ,161,47,
Ca1_10792340,CAAAA/CAAAAA,CAAAA/CAAAA,
 ,60,155,
Ca1_10806169,TCCCCC/TCCCCCC,TCCCCC/TCCCCC,
 ,48,163,
Ca1_10813879,TAA/TAA,TAA/TAAA,
 ,122,90,
Ca1_10814076,ATTTT/ATTTT,ATTTT/ATTT,
 ,42,168,
Ca1_10849444,TAAAA/TAAAA,TAAAA/TAAA,
 ,124,91,
Ca1_10981597,TAAA/TAAAA,TAAA/TAAA,
 ,66,148,
Ca1_11011034,CTTTT/CTTTT,CTTTTT/CTTTT,
 ,13,183,
Ca1_11072185,C/CG,C/C,
 ,108,87,
Ca1_11072189,TGGGG/TGGGGG,TGGGG/TGGGG,
 ,138,50,
Ca1_11072193,GA/GAA,GA/GA,
 ,105,83,
Ca1_11072240,CAAAAAA/CAAAAA,CAAAAAA/CAAAAAA,
 ,150,29,
Ca1_11106320,GAAAAA/GAAAAA,GAAAAA/GAAAA,
 ,136,69,
Ca1_11113611,CTTTTTT/CTTTTTTT,CTTTTTT/CTTTTTT,
 ,171,24,
Ca1_11113671,ATT/ATTT,ATT/ATT,
 ,46,161,
Ca1_11166096,CTTTT/CTTTT,CTTTT/CTTT,
 ,92,128,
Ca1_11166177,A/AT,A/A,
 ,65,122,
Ca1_11219550,TAA/TAA,TAA/TA,
 ,30,190,
Ca1_11261577,ATTT/ATT,ATTT/ATTT,
 ,191,22,
Ca1_11261594,ATTTTT/ATTTTT,ATTTTT/ATTTT,
 ,146,65,
Ca1_11262464,ATTTT/ATTTT,ATTTT/ATTT,
 ,109,112,
Ca1_11262475,A/A,C/C,
 ,112,102,
Ca1_11262554,CTTT/CTTT,CTTTT/CTTT,
 ,19,177,
Ca1_11288432,CTTTT/CTTTT,CTTTT/CTTTTT,
 ,95,100,
Ca1_11288814,CTT/CTT,CTT/CTTT,
 ,38,178,
Ca1_11291581,ATTTTTTT/ATTTTTTT,ATTTTTTT/ATTTTTT,
 ,88,113,
Ca1_11291657,ATTTT/ATTTTT,ATTTT/ATTTT,
 ,83,124,
Ca1_11309579,ACC/AC,ACC/ACC,
 ,80,138,
Ca1_11361195,TAAAAA/TAAAAA,TAAAAA/TAAAA,
 ,158,50,
Ca1_11361217,TG/TAG,TG/TG,
 ,87,132,
Ca1_11361299,TGG/TGGG,TGG/TGG,
 ,52,159,
Ca1_11367304,TAAAAAAA/TAAAAAAA,TAAAAAAA/TAAAAAAAA,
 ,130,89,
Ca1_11539408,AAG/A,AAG/AAG,
 ,66,148,
Ca1_11539410,GTTTT/GTTTT,GTTTT/GTTT,
 ,160,55,
Ca1_11539446,GTTTT/GTTTT,GTTTT/GTTT,
 ,128,85,
Ca1_11541328,CAAA/CAAA,CAAA/CAAAA,
 ,124,56,
Ca1_11543193,TAAAAA/TAAAAA,TAAAAA/TAAAAAA,
 ,154,67,
Ca1_11543348,CAAAA/CAAAAA,CAAAA/CAAAA,
 ,72,135,
Ca1_11543506,CAG/CAGAG,CAG/CAG,
 ,156,23,
Ca1_11543608,TAAAA/TAAAAA,TAAAA/TAAAA,
 ,57,144,
Ca1_11571571,CGG/CGG,CGG/CG,
 ,166,55,
Ca1_11609694,TA/TA,TA/TAA,
 ,142,62,
Ca1_11609704,GAAAAA/GAAAAA,GAAAAA/GAAAA,
 ,155,45,
Ca1_11700179,CTTTTT/CTTTTT,CTTTTT/CTTTTTT,
 ,119,100,
Ca1_11700954,CTTTT/CTTTT,CTTTT/CTTT,
 ,31,152,
Ca1_11721135,ATTTTT/ATTTTT,ATTTTT/ATTTTTT,
 ,84,126,
Ca1_11721167,CAAAA/CAAAAA,CAAAA/CAAAA,
 ,61,160,
Ca1_11724483,GTTTTTT/GTTTTTT,GTTTTTT/GTTTTTTT,
 ,168,46,
Ca1_11724489,T/TTG,T/T,
 ,43,170,
Ca1_11724560,ATTTT/ATTTTT,ATTTT/ATTTT,
 ,144,71,
Ca1_11858012,ATTTT/ATTTT,ATTTT/ATTT,
 ,5,190,
Ca1_11858105,T/TA,T/T,
 ,65,144,
Ca1_11858125,GAAAAAA/GAAAAA,GAAAAAA/GAAAAAA,
 ,174,23,
Ca1_11869189,GTT/GTTT,GTT/GTT,
 ,50,147,
Ca1_11907467,CAA/CAA,CAA/CA,
 ,103,116,
Ca1_11972323,GA/GA,GA/GTA,
 ,118,94,
Ca1_11972333,CTTTTTT/CTTTTTTT,CTTTTTT/CTTTTTT,
 ,66,144,
Ca1_11984835,GAAAA/GAAAA,GAAAA/GAAA,
 ,159,56,
Ca1_12037950,CAAA/CAA,CAAA/CAAA,
 ,98,115,
Ca1_12037978,CAAAA/CAAA,CAAAA/CAAAA,
 ,99,114,
Ca1_12083490,CTTT/CTTTT,CTTT/CTTT,
 ,114,88,
Ca1_12083556,GAAAA/GAAAA,GAAAA/GAAA,
 ,104,92,
Ca1_12083620,ATTTT/ATTTTT,ATTTT/ATTTT,
 ,61,138,
Ca1_12133565,G/G,C/C,
 ,103,114,
Ca1_12247985,AT/AT,AT/A,
 ,108,110,
Ca1_12271752,CAAA/CAAA,CAAA/CAAAA,
 ,133,53,
Ca1_12294258,ATTTTTTT/ATTTTTTT,ATTTTTTT/ATTTTTT,
 ,153,60,
Ca1_12294272,CGA/CA,CGA/CGA,
 ,187,30,
Ca1_12405554,CGG/CGGG,CGG/CGG,
 ,42,149,
Ca1_12426844,C/C,T/T,
 ,114,98,
Ca1_12452687,TCCCC/TCCCCC,TCCCC/TCCCC,
 ,59,155,
Ca1_12454043,AGGGG/AGGGG,AGGGG/AGGGGG,
 ,149,41,
Ca1_12454081,C/CA,C/C,
 ,45,154,
Ca1_12454731,CAAA/CAAA,CAAA/CAAAA,
 ,147,53,
Ca1_12454746,ATT/ATTT,ATT/ATT,
 ,58,162,
Ca1_12556637,AGG/AG,AGG/AGG,
 ,156,58,
Ca1_12557681,ATTT/ATT,ATT/ATT,
 ,211,7,
Ca1_12557721,ATTTT/ATTTTT,ATTTT/ATTTT,
 ,152,69,
Ca1_12573038,CTTTT/CTTTT,CTTTT/CTTT,
 ,67,145,
Ca1_12620789,CAAAA/CAAAAA,CAAAA/CAAAA,
 ,46,168,
Ca1_12642641,GAAA/GAA,GAAA/GAAA,
 ,168,30,
Ca1_12642684,TAAAA/TAAAA,TAAAAA/TAAAA,
 ,65,111,
Ca1_12665594,AGGGG/AGGGG,AGGGG/AGGGGG,
 ,156,54,
Ca1_12742727,CAAAAA/CAAAAA,CAAAAA/CAAAA,
 ,144,42,
Ca1_12768850,TG/TG,TG/TCCGATCG,
 ,120,83,
Ca1_12785212,GAAAAAA/GAAAAA,GAAAAAA/GAAAAAA,
 ,73,144,
Ca1_12785355,GAAAA/GAAAA,GAAAA/GAAA,
 ,108,102,
Ca1_12787867,CTTTT/CTTTT,CTTTTT/CTTTT,
 ,4,205,
Ca1_12787871,TTGGT/TGT,TTGGT/TTGGT,
 ,128,58,
Ca1_12836595,TG/TG,TG/TGG,
 ,134,53,
Ca1_12836596,GTT/GTTT,GTT/GTT,
 ,47,139,
Ca1_12857882,CTTTT/CTTTT,CTTTT/CTTT,
 ,18,203,
Ca1_12857982,GT/GT,GT/GTT,
 ,93,126,
Ca1_12857993,TC/T,TC/TC,
 ,56,164,
Ca1_12979393,CAAA/CAA,CAAA/CAAA,
 ,208,5,
Ca1_13149115,A/AT,A/A,
 ,55,133,
Ca1_13149136,ATT/ATTT,ATT/ATT,
 ,114,76,
Ca1_13321804,ATTTT/ATTTTT,ATTTT/ATTTT,
 ,51,155,
Ca1_13321813,TAAAAAAA/TAAAAAA,TAAAAAAA/TAAAAAAA,
 ,166,37,
Ca1_13321832,GTTTT/GTTTTT,GTTTT/GTTTT,
 ,74,129,
Ca1_13435744,TAAAAAA/TAAAAAAA,TAAAAAA/TAAAAAA,
 ,91,122,
Ca1_13435750,ATTT/ATTTT,ATTT/ATTT,
 ,83,130,
Ca1_13439418,ATTTTTT/ATTTTT,ATTTTTT/ATTTTTT,
 ,62,149,
Ca1_13524090,CAA/CAA,CAA/CAAA,
 ,158,50,
Ca1_13539537,GCC/GCC,GCC/GC,
 ,21,195,
Ca1_13539608,TGGGGGG/TGGGGGG,TGGGGGG/TGGGGGGG,
 ,120,85,
Ca1_13603679,ATTTTTTTTT/ATTTTTTTT,ATTTTTTTTT/ATTTTTTTTT,
 ,104,107,
Ca1_13603700,CTTTTTT/CTTTTTTT,CTTTTTT/CTTTTTT,
 ,126,88,
Ca1_13663922,CTTT/CTTTT,CTTT/CTTT,
 ,65,153,
Ca1_13756282,TA/TA,TA/TAA,
 ,148,53,
Ca1_13756283,ATTTTTT/ATTTTTTT,ATTTTTT/ATTTTTT,
 ,50,157,
Ca1_13988042,CAAA/CAA,CAAA/CAAA,
 ,153,50,
Ca1_13988062,ATT/ATTT,ATT/ATT,
 ,43,163,
Ca1_14008211,TG/TG,TG/T,
 ,50,171,
Ca1_14023207,TAAAAAAA/TAAAAAA,TAAAAAAA/TAAAAAAA,
 ,86,106,
Ca1_14023253,TAAA/TAAAA,TAAA/TAAA,
 ,81,97,
Ca1_14148708,GAAAAA/GAAAAA,GAAAAA/GAAAA,
 ,174,46,
Ca1_14174024,ATT/AT,ATT/ATT,
 ,74,130,
Ca1_14177099,A/A,G/G,
 ,106,108,
Ca1_14262996,AT/AT,AT/ATT,
 ,160,50,
Ca1_14263026,ATTT/ATT,ATTT/ATTT,
 ,52,157,
Ca1_14359078,ATTTT/ATTTTT,ATTTT/ATTTT,
 ,69,146,
Ca1_14493370,T/T,C/C,
 ,111,106,
Ca1_14493534,ACCC/ACCCC,ACCC/ACCC,
 ,61,160,
Ca1_14493537,CTTTTT/CTTTTT,CTTTTT/CTTTT,
 ,79,142,
Ca1_14512735,CAAAAA/CAAAAA,CAAAAA/CAAAA,
 ,113,102,
Ca1_14609559,TCCCCC/TCCCCCC,TCCCCC/TCCCCC,
 ,93,110,
Ca1_14611857,GAAA/GAA,GAAA/GAAA,
 ,102,115,
Ca1_14611871,CTTTTT/CTTTTT,CTTTTT/CTTTT,
 ,170,47,
Ca1_14612700,ATTT/ATT,ATTT/ATTT,
 ,172,34,
Ca1_14627576,T/TTC,T/T,
 ,131,77,
Ca1_14627577,CTTTTT/CTTTTT,CTTTTT/CTTTTTT,
 ,74,134,
Ca1_14667756,GAAAA/GAAAAA,GAAAA/GAAAA,
 ,106,112,
Ca1_14670875,ATTTT/ATTTT,ATTTT/ATTT,
 ,140,77,
Ca1_14670892,GAAAA/GAAAA,GAAAA/GAAA,
 ,141,40,
Ca1_14810233,CAAAA/CAAAAA,CAAAA/CAAAA,
 ,44,165,
Ca1_14810240,CAA/CAA,CAA/CAAA,
 ,142,67,
Ca1_14866245,GAAAA/GAAAA,GAAAA/GAAA,
 ,101,120,
Ca1_14866309,TGG/TAGG,TGG/TGG,
 ,88,132,
Ca1_14958162,CTTTTTT/CTTTTTT,CTTTTTT/CTTTTT,
 ,155,65,
Ca1_14958472,CAAA/CAA,CAAA/CAAA,
 ,131,71,
Ca1_14958544,A/AC,A/A,
 ,101,111,
Ca1_14964933,A/AC,A/A,
 ,46,174,
Ca1_14981831,CAAA/CAA,CAAA/CAAA,
 ,149,64,
Ca1_14981912,GAAAA/GAAAA,GAAAA/GAAA,
 ,158,52,
Ca1_15059342,GTTTTT/GTTTTTT,GTTTTT/GTTTTT,
 ,145,72,
Ca1_15075729,GTTTTTT/GTTTTTT,GTTTTTT/GTTTTT,
 ,123,98,
Ca1_15129344,GTTT/GTTT,GTTT/GTTTT,
 ,112,65,
Ca1_15129348,CTTTTT/CTTTTT,CTTTTT/CTTTTTT,
 ,106,74,
Ca1_15129458,CAAAA/CAAAAA,CAAAA/CAAAA,
 ,53,160,
Ca1_15130651,CAAAA/CAAA,CAAAA/CAAAA,
 ,48,172,
Ca1_15193278,ATTTT/ATTTT,ATTTT/ATTT,
 ,111,91,
Ca1_15199050,CAA/CAA,CAA/CAAA,
 ,123,86,
Ca1_15273189,CTTTT/CTTTT,CTTTT/CTTTTT,
 ,149,50,
Ca1_15305724,GTTTTT/GTTTTTT,GTTTTT/GTTTTT,
 ,65,130,
Ca1_15305745,GTTTTT/GTTTT,GTTTTT/GTTTTT,
 ,50,141,
Ca1_15311088,ACCCC/ACCCCC,ACCCC/ACCCC,
 ,38,142,
Ca1_15311429,TCCC/TCCC,TCCC/TCCCC,
 ,101,91,
Ca1_15311445,ATTTTT/ATTTTT,ATTTTT/ATTTT,
 ,84,95,
Ca1_15331027,GAAAA/GAAAA,GAAAA/GAAA,
 ,126,86,
Ca1_15331064,TGGG/TGGGG,TGGG/TGGG,
 ,111,101,
Ca1_15331131,GT/G,G/G,
 ,210,3,
Ca1_15349288,CAAAAAAA/CAAAAAA,CAAAAAAA/CAAAAAAA,
 ,84,117,
Ca1_15349713,A/AC,A/A,
 ,68,112,
Ca1_15376192,TA/T,TA/TA,
 ,100,120,
Ca1_15377183,CTTTT/CTTTT,CTTTT/CTTT,
 ,148,67,
Ca1_15381043,ATT/ATTT,ATT/ATT,
 ,51,157,
Ca1_15392247,TAAAAA/TAAAAA,TAAAAA/TAAAAAA,
 ,135,81,
Ca1_15438348,G/A,G/G,
 ,64,145,
Ca1_15608636,AGGGG/AGGGG,AGGGG/AGGGGG,
 ,111,99,
Ca1_15693174,TAAA/TAA,TAAA/TAAA,
 ,117,84,
Ca1_15693190,AGG/AG,AG/AG,
 ,200,9,
Ca1_15694974,TCA/TCA,TCA/TA,
 ,137,79,
Ca1_15710224,ATTT/ATTTT,ATTT/ATTT,
 ,98,123,
Ca1_15747074,GAAAAA/GAAAAA,GAAAAA/GAAAA,
 ,140,78,
Ca1_15747168,TAA/TAA,TAA/TAAA,
 ,117,96,
Ca1_15747170,ATTTTTT/ATTTTTTT,ATTTTTT/ATTTTTT,
 ,89,123,
Ca1_15804850,GTT/GTTT,GTT/GTT,
 ,48,146,
Ca1_15872426,GTTTTTTTTTT/GTTTTTTTTTT,GTTTTTTTTTT/GTTTTTTTTT,
 ,124,94,
Ca1_15872491,ACCCC/ACCCCC,ACCCC/ACCCC,
 ,105,87,
Ca1_15916276,ATTTTT/ATTTTT,ATTTTT/ATTTT,
 ,133,79,
Ca1_15922290,GCA/GA,GCA/GCA,
 ,69,142,
Ca1_15922386,GAAAA/GAAAA,GAAAA/GAAA,
 ,163,54,
Ca1_15940169,ATTTTTTT/ATTTTTTT,ATTTTTTT/ATTTTTT,
 ,136,79,
Ca1_15944874,GTT/GTTT,GTT/GTT,
 ,147,74,
Ca1_15944882,GTTTTT/GTTTTTT,GTTTTT/GTTTTT,
 ,130,90,
Ca1_15953881,CAAAAAAA/CAAAAAA,CAAAAAAA/CAAAAAAA,
 ,61,146,
Ca1_15954000,TAAAA/TAAAAA,TAAAA/TAAAA,
 ,54,164,
Ca1_15971599,ATTT/ATTTT,ATTT/ATTT,
 ,67,148,
Ca1_15971759,ATT/ATTT,ATT/ATT,
 ,65,111,
Ca1_15973358,TCCCC/TCCCCC,TCCCC/TCCCC,
 ,59,161,
Ca1_16000268,TCCCC/TCCCCC,TCCCC/TCCCC,
 ,50,150,
Ca1_16001149,GATCTCT/GATCTCT,GCT/GATCTCT,
 ,42,151,
Ca1_16034705,CAAAA/CAAAAA,CAAAA/CAAAA,
 ,165,55,
Ca1_16034709,ATTT/ATTTT,ATTT/ATTT,
 ,108,112,
Ca1_16044685,TA/TA,TA/TAA,
 ,152,66,
Ca1_16044686,ATT/ATTT,ATT/ATT,
 ,173,45,
Ca1_16044720,ATTTTT/ATTTTT,ATTTTT/ATTTT,
 ,107,110,
Ca1_16044754,GAA/GAAA,GAA/GAA,
 ,69,148,
Ca1_16054419,CAAA/CAA,CAAA/CAAA,
 ,186,27,
Ca1_16056728,CTTT/CTT,CTTT/CTTT,
 ,73,123,
Ca1_16056747,A/A,G/G,
 ,117,76,
Ca1_16071694,G/G,T/T,
 ,126,79,
Ca1_16535016,CTTTTT/CTTTTT,CTTTTTT/CTTTTT,
 ,8,209,
Ca1_16564094,GC/GC,GC/GAC,
 ,114,89,
Ca1_16564121,AGGG/AGGG,AGGG/AGGGG,
 ,130,61,
Ca1_16564124,GTTTTTTT/GTTTTTTT,GTTTTTTT/GTTTTTTTT,
 ,140,51,
Ca1_16564211,ATTTTTT/ATTTTT,ATTTTTT/ATTTTTT,
 ,45,165,
Ca1_16580853,GTTT/GTTT,GTTT/GTTTT,
 ,158,43,
Ca1_16810466,CTTT/CTT,CTTT/CTTT,
 ,72,105,
Ca1_16889462,ATTTTTTTT/ATTTTTTTT,ATTTTTTTT/ATTTTTTT,
 ,158,54,
Ca1_16891643,GTTTTT/GTTTT,GTTTTT/GTTTTT,
 ,125,78,
Ca1_16891713,CAAA/CAAA,CAAA/CAAAA,
 ,62,117,
Ca1_16891720,TAAAAA/TAAAAA,TAAAAA/TAAAA,
 ,20,167,
Ca1_16891741,TAAAA/TAAAA,TAAAA/TAAA,
 ,33,157,
Ca1_16893313,AGGGG/AGGGG,AGGGG/AGGGGG,
 ,161,42,
Ca1_16942165,A/A,A/C,
 ,93,120,
Ca1_16942209,T/C,C/C,
 ,93,99,
Ca1_16942223,A/A,C/C,
 ,101,77,
Ca1_16973725,CAAAA/CAAA,CAAAA/CAAAA,
 ,76,144,
Ca1_16975290,CTTT/CTTTT,CTTT/CTTT,
 ,37,152,
Ca1_16993752,ATTTTTT/ATTTTTTT,ATTTTTT/ATTTTTT,
 ,68,147,
Ca1_17102182,CAAA/CAA,CAAA/CAAA,
 ,163,40,
Ca1_17215823,T/TA,T/T,
 ,107,109,
Ca1_17240943,GAAAAAA/GAAAAA,GAAAAAA/GAAAAAA,
 ,172,8,
Ca1_17241009,GAAAA/GAAAAA,GAAAA/GAAAA,
 ,44,144,
Ca1_17258182,ATTTTTT/ATTTTT,ATTTTTT/ATTTTTT,
 ,45,157,
Ca1_17396781,TAAA/TAAAA,TAAA/TAAA,
 ,46,170,
Ca1_17396784,ATTTTT/ATTTTT,ATTTTT/ATTTTTT,
 ,174,43,
Ca1_17396808,ATTTTTTTT/ATTTTTTTT,ATTTTTTTT/ATTTTTTT,
 ,60,156,
Ca1_17469528,CAAAA/CAAA,CAAAA/CAAAA,
 ,49,163,
Ca1_17472854,CAAA/CAAA,CAAA/CAAAA,
 ,145,38,
Ca1_17495502,G/GAGAT,G/G,
 ,209,10,
Ca1_17581603,TAAAAAAAAA/TAAAAAAAA,TAAAAAAAAA/TAAAAAAAAA,
 ,161,42,
Ca1_17581635,TAAA/TAAAA,TAAA/TAAA,
 ,54,164,
Ca1_17581638,ATTTTT/ATTTTT,ATTTTT/ATTTTTT,
 ,157,61,
Ca1_17592561,GC/GC,GC/GAC,
 ,116,99,
Ca1_17608507,CTTTTTTT/CTTTTTTT,CTTTTTTT/CTTTTTT,
 ,135,52,
Ca1_17608518,CTTT/CTT,CTTT/CTTT,
 ,46,139,
Ca1_17650432,TAAA/TAAAA,TAAA/TAAA,
 ,61,121,
Ca1_17650480,ATTTTTT/ATTTTT,ATTTTTT/ATTTTTT,
 ,50,147,
Ca1_17650535,TAAAA/TAAAA,TAAAA/TAAA,
 ,16,171,
Ca1_17664792,AGGG/AGGG,AGGG/AGGGG,
 ,146,44,
Ca1_17664858,GTTT/GTTT,GTTT/GTTTT,
 ,141,61,
Ca1_17666124,GTTTT/GTTTTT,GTTTT/GTTTT,
 ,189,21,
Ca1_17666128,TA/TTAA,TA/TA,
 ,137,72,
Ca1_17666129,ATTT/ATTTT,ATTT/ATTT,
 ,165,43,
Ca1_17936462,CTTTT/CTTTT,CTTTT/CTTTTT,
 ,117,78,
Ca1_18017124,TAAAA/TAAAA,TAAAA/TAAA,
 ,157,62,
Ca1_18017195,TAAAAA/TAAAAA,TAAAAA/TAAAA,
 ,35,181,
Ca1_18904620,ATTTT/ATTTT,ATTTT/ATTT,
 ,59,158,
Ca1_19019502,GAAAAA/GAAAAAA,GAAAAA/GAAAAA,
 ,47,132,
Ca1_19028464,CAAA/CAAA,CAAA/CAAAA,
 ,95,107,
Ca1_19028495,GAAAAAA/GAAAAA,GAAAAAA/GAAAAAA,
 ,61,148,
Ca1_19043955,TAAAAAA/TAAAAA,TAAAAAA/TAAAAAA,
 ,59,159,
Ca1_19044206,TAAA/TAAAA,TAAA/TAAA,
 ,67,133,
Ca1_19225953,TCC/TCC,TCC/TC,
 ,71,134,
Ca1_19715710,ATTTTTT/ATTTTTTT,ATTTTTT/ATTTTTT,
 ,48,162,
Ca1_19854270,GA/G,GA/GA,
 ,61,142,
Ca1_19946324,GAAAAAAA/GAAAAAA,GAAAAAAA/GAAAAAAA,
 ,47,162,
Ca1_20210828,ATT/AT,ATT/ATT,
 ,168,49,
Ca1_20210832,ATTT/ATTTT,ATTT/ATTT,
 ,165,51,
Ca1_20333194,A/A,A/G,
 ,169,34,
Ca1_20333198,A/A,G/G,
 ,165,30,
Ca1_20333199,T/C,T/T,
 ,20,182,
Ca1_20489833,TC/TGC,TC/TC,
 ,196,24,
Ca1_20527765,G/GT,G/G,
 ,80,107,
Ca1_20527766,CTTTTT/CTTTTT,CTTTTT/CTTTTTT,
 ,118,68,
Ca1_20531933,AGC/AGC,AGC/AC,
 ,167,47,
Ca1_20537661,ATTTT/ATTTTT,ATTTT/ATTTT,
 ,63,156,
Ca1_20633317,AGC/AGC,AGC/AC,
 ,20,165,
Ca1_20803414,GT/GT,GT/GTT,
 ,107,88,
Ca1_21377473,CAAAA/CAAA,CAAAA/CAAAA,
 ,75,107,
Ca1_21539247,ATTTTTT/ATTTTT,ATTTTTT/ATTTTTT,
 ,54,164,
Ca1_21539299,GTTTT/GTTTTT,GTTTT/GTTTT,
 ,133,88,
Ca1_21655932,GAAAA/GAAAA,GAAAA/GAAA,
 ,98,122,
Ca1_21658432,ATT/AT,ATT/ATT,
 ,123,87,
Ca1_21836547,G/G,G/T,
 ,169,47,
Ca1_21836553,C/T,C/C,
 ,79,134,
Ca1_21836593,C/C,C/A,
 ,57,155,
Ca1_21836604,G/G,G/T,
 ,75,142,
Ca1_21846859,GTTTTT/GTTTT,GTTTTT/GTTTTT,
 ,168,37,
Ca1_21959196,TAA/TAA,TAA/TAAA,
 ,108,95,
Ca1_21959260,ATTT/ATTTT,ATTT/ATTT,
 ,49,148,
Ca1_21962264,CAAAA/CAAA,CAAAA/CAAAA,
 ,124,96,
Ca1_22153744,CAAAA/CAAA,CAAAA/CAAAA,
 ,51,170,
Ca1_22201992,CTTTT/CTTTT,CTTTT/CTTT,
 ,83,137,
Ca1_22282538,GAA/GAA,GAA/GA,
 ,36,178,
Ca1_22282641,GAAAAAAA/GAAAAAA,GAAAAAAA/GAAAAAAA,
 ,63,114,
Ca1_22282793,A/A,G/G,
 ,77,119,
Ca1_22335962,C/C,T/T,
 ,121,86,
Ca1_22337118,TCCCC/TCCCCC,TCCCC/TCCCC,
 ,50,127,
Ca1_22337190,CAAAA/CAAAAA,CAAAA/CAAAA,
 ,43,140,
Ca1_22362867,GAAAA/GAAAAA,GAAAA/GAAAA,
 ,130,79,
Ca1_22362889,C/C,T/T,
 ,126,74,
Ca1_22363000,TAAA/TAAAA,TAAA/TAAA,
 ,67,149,
Ca1_22382100,CAAA/CAAA,CAAA/CAAAA,
 ,155,66,
Ca1_22382146,TC/T,TC/TC,
 ,67,154,
Ca1_22382258,CAAAA/CAAA,CAAAA/CAAAA,
 ,50,164,
Ca1_22417179,ATT/AT,AT/AT,
 ,166,33,
Ca1_22417209,G/G,T/T,
 ,73,118,
Ca1_22417265,A/A,C/C,
 ,104,71,
Ca1_22417295,A/A,G/G,
 ,124,84,
Ca1_22422244,A/A,C/C,
 ,76,113,
Ca1_23043627,CTTTT/CTTTT,CTTTT/CTTT,
 ,108,80,
Ca1_23274510,CTTTTT/CTTTTT,CTTTTT/CTTTTTT,
 ,93,125,
Ca1_23282912,CTTTTTT/CTTTTTT,CTTTTTT/CTTTTT,
 ,158,52,
Ca1_23311930,CAA/CAA,CAA/CAAA,
 ,158,58,
Ca1_23349551,G/GA,G/G,
 ,64,153,
Ca1_23349561,CAAA/CAAA,CAAA/CAAAA,
 ,156,63,
Ca1_23414002,CAAAAA/CAAAAA,CAAAAA/CAAAA,
 ,135,86,
Ca1_23414015,GCCC/GCCC,GCCC/GCC,
 ,96,124,
Ca1_23543674,AGGGGG/AGGGGGG,AGGGGG/AGGGGG,
 ,45,174,
Ca1_23582458,GTTTTTT/GTTTTTT,GTTTTTT/GTTTTT,
 ,51,150,
Ca1_23654118,ATT/AT,ATT/ATT,
 ,157,33,
Ca1_23942142,CAA/CA,CA/CA,
 ,215,2,
Ca1_23943599,TAAAA/TAAAAA,TAAAA/TAAAA,
 ,96,112,
Ca1_23972599,CAAAA/CAAA,CAAAA/CAAAA,
 ,100,86,
Ca1_24131373,ATTTT/ATTTT,ATTTT/ATTT,
 ,159,46,
Ca1_24150490,ATTTT/ATTTT,ATTTT/ATTT,
 ,14,205,
Ca1_24227233,GTTTT/GTTTT,GTTTT/GTTTTT,
 ,148,61,
Ca1_24288216,CTTTTT/CTTTTT,CTTTTT/CTTTT,
 ,6,215,
Ca1_24364224,CTTTT/CTTTT,CTTTT/CTTT,
 ,119,96,
Ca1_24364307,GT/GT,GT/GTT,
 ,162,56,
Ca1_24650029,G/A,G/G,
 ,60,134,
Ca1_24668062,T/C,C/C,
 ,55,111,
Ca1_25051706,ATTTTTT/ATTTTT,ATTTTTT/ATTTTTT,
 ,77,130,
Ca1_25119590,A/A,G/G,
 ,80,101,
Ca1_25455970,CTTTT/CTTTT,CTTTT/CTTT,
 ,148,38,
Ca1_25587825,TAAAA/TAAAAA,TAAAA/TAAAA,
 ,37,143,
Ca1_25835787,TAAAA/TAAAA,TAAAA/TAAA,
 ,91,130,
Ca1_25836084,GTT/GTTT,GTT/GTT,
 ,145,75,
Ca1_25846427,ACCCC/ACCCCC,ACCCC/ACCCC,
 ,65,150,
Ca1_25986740,A/AC,A/A,
 ,129,52,
Ca1_25986745,CAAAAA/CAAAAAA,CAAAAA/CAAAAA,
 ,45,158,
Ca1_25986766,CAA/CAA,CAA/CAAA,
 ,139,80,
Ca1_26102295,A/A,T/T,
 ,81,110,
Ca1_26228028,CAAAAAA/CAAAAA,CAAAAAA/CAAAAAA,
 ,91,122,
Ca1_26233806,CAAAA/CAAAAA,CAAAA/CAAAA,
 ,92,86,
Ca1_26233862,GTT/GTTT,GTT/GTT,
 ,97,118,
Ca1_26233887,T/TA,T/T,
 ,125,73,
Ca1_26235744,CTTTTT/CTTTTT,CTTTTT/CTTTT,
 ,75,144,
Ca1_26235750,ATT/ATTT,ATT/ATT,
 ,64,154,
Ca1_26235759,CTTTTTTTTT/CTTTTTTTTT,CTTTTTTTTT/CTTTTTTTTTT,
 ,164,55,
Ca1_26235842,AGGGG/AGGGG,AGGGG/AGGGGG,
 ,174,45,
Ca1_26235860,GAAAA/GAAAA,GAAAA/GAAA,
 ,154,47,
Ca1_26283063,G/G,C/C,
 ,115,91,
Ca1_26868694,CTTTTTT/CTTTTTTT,CTTTTTT/CTTTTTT,
 ,114,96,
Ca1_26869334,GTT/GTTT,GTT/GTT,
 ,40,153,
Ca1_26869353,CAAAA/CAAA,CAAAA/CAAAA,
 ,91,102,
Ca1_26998838,A/A,A/C,
 ,172,38,
Ca1_27504215,ATTTT/ATTTT,ATTTT/ATTT,
 ,47,142,
Ca1_27504331,TAAA/TAAAA,TAAA/TAAA,
 ,55,131,
Ca1_27504334,ATTTTTT/ATTTTTTT,ATTTTTT/ATTTTTT,
 ,37,150,
Ca1_27523031,CAAAAAA/CAAAAAA,CAAAAAA/CAAAAAAA,
 ,165,43,
Ca1_27523241,TAAAAA/TAAAAA,TAAAAA/TAAAA,
 ,65,146,
Ca1_27646927,CTTTT/CTTTT,CTTTT/CTTTTT,
 ,150,71,
Ca1_28144404,A/AC,A/A,
 ,66,120,
Ca1_28423933,GAAA/GAAAA,GAAA/GAAA,
 ,55,162,
Ca1_28435887,ATTTT/ATTTT,ATTTT/ATTT,
 ,154,43,
Ca1_28601121,TAA/TAA,TAA/TAAA,
 ,92,125,
Ca1_28601169,A/A,A/T,
 ,164,42,
Ca1_28601219,CAA/CAA,CAA/CAAA,
 ,103,108,
Ca1_28601222,CAAAAAAA/CAAAAAA,CAAAAAAA/CAAAAAAA,
 ,52,158,
Ca1_28601255,TAA/TAA,TAA/TAAA,
 ,143,59,
Ca1_28601264,CAAA/CAA,CAAA/CAAA,
 ,150,50,
Ca1_28699542,GTTTTTTT/GTTTTTTT,GTTTTTTT/GTTTTTTTT,
 ,135,57,
Ca1_28699554,CTT/CTT,CTT/CTTT,
 ,66,128,
Ca1_28741086,CTTTT/CTTTT,CTTTT/CTTT,
 ,105,106,
Ca1_28818671,G/G,T/T,
 ,122,90,
Ca1_28819288,ATTTT/ATTTT,ATTTT/ATTT,
 ,105,81,
Ca1_28947298,CTTTT/CTTTT,CTTTT/CTTT,
 ,92,102,
Ca1_29015223,ATTT/ATT,ATTT/ATTT,
 ,184,11,
Ca1_29015589,TAAAA/TAAAAA,TAAAA/TAAAA,
 ,44,172,
Ca1_29015657,TAAAAA/TAAAAA,TAAAAA/TAAAAAA,
 ,113,97,
Ca1_29042073,GAAA/GAA,GAAA/GAAA,
 ,46,175,
Ca1_29114207,CTT/CTT,CTT/CTTT,
 ,29,156,
Ca1_29114245,ATTTTT/ATTTTT,ATTTTT/ATTTTTT,
 ,82,101,
Ca1_30191064,CTTT/CTTTT,CTTT/CTTT,
 ,158,54,
Ca1_30223191,CAAAA/CAAA,CAAAA/CAAAA,
 ,55,149,
Ca1_30384308,TGGG/TGGG,TGGG/TGGGG,
 ,174,45,
Ca1_30529444,CAAAAA/CAAAAAA,CAAAAA/CAAAAA,
 ,53,162,
Ca1_30529494,CTTT/CTTT,CTTTT/CTTT,
 ,10,201,
Ca1_30577743,T/C,C/C,
 ,102,88,
Ca1_30577817,G/A,G/G,
 ,63,81,
Ca1_31218563,GAAA/GAA,GAAA/GAAA,
 ,58,141,
Ca1_31221609,CAAAA/CAAA,CAAAA/CAAAA,
 ,82,135,
Ca1_31221643,CAG/CAGAGAG,CAG/CAG,
 ,119,82,
Ca1_31221644,AGCTG/AGCTG,AGCTG/AGAGAGGCTG,
 ,144,49,
Ca1_31221645,GC/GC,GC/GAGATC,
 ,27,174,
Ca1_31259852,A/A,G/G,
 ,107,90,
Ca1_31259901,C/C,T/T,
 ,110,92,
Ca1_31289078,A/A,G/G,
 ,124,95,
Ca1_31289126,G/G,C/C,
 ,95,124,
Ca1_31289145,TCCCC/TCCCCC,TCCCC/TCCCC,
 ,45,166,
Ca1_31327006,A/A,T/T,
 ,117,94,
Ca1_31327065,ACCC/ACCC,ACCC/ACCCC,
 ,154,64,
Ca1_31327126,A/A,G/G,
 ,94,120,
Ca1_31327160,T/T,C/C,
 ,118,94,
Ca1_31421464,GTT/GTT,GTT/GT,
 ,15,205,
Ca1_31424055,ATTTT/ATTTTT,ATTTT/ATTTT,
 ,60,145,
Ca1_31424088,C/C,T/T,
 ,117,84,
Ca1_31516648,AGGG/AGGG,AGGG/AGGGG,
 ,12,185,
Ca1_31516657,AC/A,AC/AC,
 ,114,67,
Ca1_31516805,TGGGGG/TGGGGG,TGGGGG/TGGGGGG,
 ,102,112,
Ca1_31557656,A/A,C/A,
 ,14,199,
Ca1_32255764,C/C,T/T,
 ,125,94,
Ca1_32255805,AATA/AATA,AATATA/AATATA,
 ,91,123,
Ca1_32749481,C/C,T/T,
 ,113,89,
Ca1_32912054,GTTTTT/GTTTTTT,GTTTTT/GTTTTT,
 ,65,142,
Ca1_32951077,G/G,C/C,
 ,121,87,
Ca1_32951096,TAAAAA/TAAAAA,TAAAAA/TAAAAAA,
 ,128,83,
Ca1_33019583,TAAAA/TAAAAA,TAAAA/TAAAA,
 ,49,154,
Ca1_33019621,CAAAAAA/CAAAAA,CAAAAA/CAAAAA,
 ,156,15,
Ca1_33029364,C/T,C/C,
 ,100,77,
Ca1_33029388,G/A,G/G,
 ,84,108,
Ca1_33029422,C/T,C/C,
 ,88,90,
Ca1_33029438,T/C,C/C,
 ,53,147,
Ca1_33283412,ATTTT/ATTTT,ATTTT/ATTT,
 ,18,194,
Ca1_33283518,TAA/TAA,TAAA/TAA,
 ,57,147,
Ca1_33289422,CAAAA/CAAAAA,CAAAA/CAAAA,
 ,50,153,
Ca1_33289458,AGG/AG,AGG/AGG,
 ,81,109,
Ca1_33289501,CTT/CTT,CTT/CTTT,
 ,148,47,
Ca1_33289519,GTT/GTT,GTT/GT,
 ,62,133,
Ca1_33430048,G/G,A/G,
 ,127,45,
Ca1_33549969,G/G,T/T,
 ,95,121,
Ca1_33552947,TAAAA/TAAAAA,TAAAA/TAAAA,
 ,44,173,
Ca1_33553033,A/A,C/C,
 ,88,115,
Ca1_33553721,CTTTT/CTTTT,CTTTT/CTTTTT,
 ,142,42,
Ca1_33565446,T/T,C/C,
 ,121,92,
Ca1_33565500,G/G,T/T,
 ,121,92,
Ca1_33574495,A/A,G/G,
 ,115,90,
Ca1_33687153,CTTTTTT/CTTTTTT,CTTTTTT/CTTTTT,
 ,164,52,
Ca1_33687159,TAAA/TAA,TAAA/TAAA,
 ,104,113,
Ca1_33751901,GAA/GAA,GAA/GA,
 ,78,134,
Ca1_33807356,A/AT,A/A,
 ,86,109,
Ca1_33807408,GAAAA/GAAAA,GAAAA/GAAA,
 ,129,53,
Ca1_33837450,CTTTTT/CTTTTT,CTTTTT/CTTTT,
 ,150,53,
Ca1_33837560,CAAAA/CAAA,CAAAA/CAAAA,
 ,116,101,
Ca1_33914314,TAA/TAA,TAA/TAAA,
 ,24,194,
Ca1_34139843,GAAAAA/GAAAAAA,GAAAAA/GAAAAA,
 ,79,97,
Ca1_34267164,CAAA/CAAA,CAAA/CAAAA,
 ,142,36,
Ca1_34323544,C/CAT,C/C,
 ,69,127,
Ca1_34431057,GAAAAA/GAAAAA,GAAAAA/GAAAA,
 ,15,197,
Ca1_34512939,GAAAAAAAA/GAAAAAAAA,GAAAAAAAA/GAAAAAAA,
 ,169,51,
Ca1_34513113,CAAAAAAAAA/CAAAAAAAAA,CAAAAAAAAA/CAAAAAAAA,
 ,104,108,
Ca1_34840186,ATTTTT/ATTTTT,ATTTTT/ATTTT,
 ,120,99,
Ca1_34880036,C/C,T/T,
 ,114,97,
Ca1_34909176,CAAAAAAAAAAAA/CAAAAAAAAAAA,CAAAAAAAAAAAA/CAAAAAAAAAAAA,
 ,84,74,
Ca1_34953183,GT/GT,GT/G,
 ,79,133,
Ca1_35162290,ACC/AC,ACC/ACC,
 ,67,149,
Ca1_35162431,TAAAA/TAAAA,TAAAA/TAAA,
 ,62,153,
Ca1_35214497,GTTTTTT/GTTTTTT,GTTTTTT/GTTTTT,
 ,60,144,
Ca1_35214658,AGGGGG/AGGGGGG,AGGGGG/AGGGGG,
 ,79,134,
Ca1_35229302,CAAAA/CAAAAA,CAAAA/CAAAA,
 ,100,115,
Ca1_35229400,TAAA/TAA,TAAA/TAAA,
 ,203,8,
Ca1_35229418,CAA/CAA,CAA/CAAA,
 ,160,54,
Ca1_35264774,A/A,G/G,
 ,73,102,
Ca1_35384821,G/G,G/T,
 ,153,58,
Ca1_35385691,CTTTTT/CTTTTT,CTTTTT/CTTTT,
 ,68,113,
Ca1_35385916,ATTT/ATT,ATTT/ATTT,
 ,170,50,
Ca1_35386584,ATTTT/ATTTT,ATTTT/ATTT,
 ,86,116,
Ca1_35387122,ATTT/ATT,ATTT/ATTT,
 ,42,166,
Ca1_35387728,ATTT/ATT,ATTT/ATTT,
 ,132,82,
Ca1_35388118,ATTT/ATT,ATTT/ATTT,
 ,187,31,
Ca1_35441389,G/GT,G/G,
 ,45,174,
Ca1_35445539,CAAAA/CAAA,CAAAA/CAAAA,
 ,45,164,
Ca1_35445560,GTTTTT/GTTTTTT,GTTTTT/GTTTTT,
 ,52,165,
Ca1_35662106,ATTTTT/ATTTTT,ATTTTT/ATTTT,
 ,168,49,
Ca1_35745878,TAAA/TAA,TAAA/TAAA,
 ,146,66,
Ca1_35745886,ATTTT/ATTTT,ATTTT/ATTT,
 ,68,141,
Ca1_35745889,TTGG/TTGG,TTGG/TG,
 ,159,52,
Ca1_35893014,A/AG,A/A,
 ,149,55,
Ca1_36074232,G/G,G/C,
 ,25,184,
Ca1_36074233,G/G,G/T,
 ,25,184,
Ca1_36074292,ATTTTT/ATTTTT,ATTTTT/ATTTT,
 ,96,117,
Ca1_36074298,CTT/CTT,CTT/CTTT,
 ,24,188,
Ca1_36074708,CAA/CAA,CAA/CAAA,
 ,112,72,
Ca1_36074744,TAA/TAA,TAA/TAAA,
 ,112,73,
Ca1_36074747,TAAAA/TAAAA,TAAAA/TAAA,
 ,90,95,
Ca1_36250325,GAAAA/GAAAA,GAAAA/GAAA,
 ,136,73,
Ca1_36307499,CAAAA/CAAA,CAAAA/CAAAA,
 ,125,60,
Ca1_36321275,C/CA,C/C,
 ,49,171,
Ca1_36321368,CAAA/CAAA,CAAA/CAAAA,
 ,155,53,
Ca1_36465979,TCC/TCC,TCC/TC,
 ,17,180,
Ca1_36466033,TCCCC/TCCCCC,TCCCC/TCCCC,
 ,91,98,
Ca1_36466051,TGG/TG,TGG/TGG,
 ,45,140,
Ca1_36466097,CAAAAA/CAAAAA,CAAAAA/CAAAA,
 ,106,85,
Ca1_36467047,TG/TG,TG/TGG,
 ,140,61,
Ca1_36467179,CTTT/CTTTT,CTTT/CTTT,
 ,83,138,
Ca1_36493320,GTTTTTT/GTTTTTT,GTTTTTT/GTTTTTTT,
 ,139,67,
Ca1_36493499,TAAAA/TAAAA,TAAAA/TAAA,
 ,19,187,
Ca1_36494984,ATTT/ATT,ATTT/ATTT,
 ,79,141,
Ca1_36495093,CTTT/CTTTT,CTTT/CTTT,
 ,79,140,
Ca1_36511604,ATTTT/ATTTT,ATTTT/ATTT,
 ,165,52,
Ca1_36634287,ATTTT/ATTTT,ATTTTT/ATTTT,
 ,55,134,
Ca1_36690753,CAAA/CAA,CAAA/CAAA,
 ,177,25,
Ca1_36734172,ATTTT/ATTTTT,ATTTT/ATTTT,
 ,41,140,
Ca1_36763311,CG/CG,CG/C,
 ,130,91,
Ca1_36763506,CTTTTT/CTTTTT,CTTTTT/CTTTTTT,
 ,129,64,
Ca1_36763526,TAAAA/TAAAAA,TAAAA/TAAAA,
 ,80,110,
Ca1_36907643,GAAA/GAAAA,GAAA/GAAA,
 ,56,148,
Ca1_36907648,GAAAAA/GAAAAAA,GAAAAA/GAAAAA,
 ,74,134,
Ca1_36907653,AG/AGG,AG/AG,
 ,47,163,
Ca1_38088282,A/T,T/T,
 ,73,63,
Ca1_38171837,GAAAAAAAAAAA/GAAAAAAAAAAA,GAAAAAAAAAAA/GAAAAAAAAAA,
 ,115,62,
Ca1_38171855,GAAA/GAAAA,GAAA/GAAA,
 ,165,12,
Ca1_38226620,TAAA/TAAAA,TAAA/TAAA,
 ,61,133,
Ca1_38228994,CAAA/CAAA,CAAA/CAAAA,
 ,100,108,
Ca1_38229025,GTT/GTTT,GTT/GTT,
 ,56,156,
Ca1_38229096,CA/CAA,CA/CA,
 ,146,61,
Ca1_38229097,ATTTT/ATTTTT,ATTTT/ATTTT,
 ,196,13,
Ca1_38868252,CTTTT/CTTTT,CTTTT/CTTTTT,
 ,143,67,
Ca1_38891271,TCCC/TCCC,TCCC/TCCCC,
 ,165,54,
Ca1_38954176,TAAA/TAAAA,TAAA/TAAA,
 ,55,153,
Ca1_38993360,CTTTTT/CTTTTT,CTTTTT/CTTTTTT,
 ,120,93,
Ca1_38993391,AGGG/AGGG,AGGG/AGGGG,
 ,144,69,
Ca1_39035303,CG/CG,CG/C,
 ,124,95,
Ca1_39328544,CTTTT/CTTTT,CTTTT/CTTTTT,
 ,122,96,
Ca1_39330643,GTTT/GTTT,GTTT/GTTTT,
 ,91,97,
Ca1_39331342,GTT/GTTT,GTT/GTT,
 ,61,155,
Ca1_39367273,ATTTT/ATTTT,ATTTT/ATTT,
 ,15,205,
Ca1_39367323,ATTTTT/ATTTTT,ATTTTT/ATTTT,
 ,150,63,
Ca1_39388303,CAAAA/CAAA,CAAAA/CAAAA,
 ,138,77,
Ca1_39587147,ATTT/ATT,ATTT/ATTT,
 ,53,168,
Ca1_39592592,A/AG,A/A,
 ,143,71,
Ca1_39592623,TAAA/TAAAA,TAAA/TAAA,
 ,48,152,
Ca1_40242600,ATT/AT,ATT/ATT,
 ,56,148,
Ca1_40242709,TAAAA/TAAAA,TAAAA/TAAA,
 ,81,112,
Ca1_40337808,GCC/GCC,GCC/GCCC,
 ,141,55,
Ca1_40337810,CTTTTTT/CTTTTTTT,CTTTTTT/CTTTTTT,
 ,62,134,
Ca1_40337818,T/G,T/T,
 ,44,168,
Ca1_40337982,G/G,G/T,
 ,131,90,
Ca1_40337986,C/T,C/C,
 ,81,140,
Ca1_40337991,C/T,C/C,
 ,78,143,
Ca1_40337996,T/A,T/T,
 ,59,161,
Ca1_40338011,T/C,C/C,
 ,176,33,
Ca1_40338056,C/T,C/C,
 ,43,177,
Ca1_40338064,T/C,C/C,
 ,198,16,
Ca1_40338065,C/C,C/A,
 ,174,46,
Ca1_40338066,G/A,G/G,
 ,161,59,
Ca1_40338068,C/T,T/T,
 ,179,26,
Ca1_40473598,TGG/TGGG,TGG/TGG,
 ,69,143,
Ca1_40555314,GAAAA/GAAAA,GAAAA/GAAA,
 ,153,38,
Ca1_41003246,CTTT/CTTTT,CTTT/CTTT,
 ,55,126,
Ca1_41003249,TA/TA,TA/TAA,
 ,88,108,
Ca1_41003250,ATTTT/ATTTTT,ATTTT/ATTTT,
 ,149,47,
Ca1_41525689,TAAA/TAAAA,TAAA/TAAA,
 ,38,143,
Ca1_41525699,CAAAAAAA/CAAAAAA,CAAAAAAA/CAAAAAAA,
 ,74,106,
Ca1_41623384,GCCCCCC/GCCCCCCC,GCCCCCC/GCCCCCC,
 ,63,144,
Ca1_41623390,CAAAAA/CAAAAA,CAAAAA/CCAAAAAA,
 ,124,86,
Ca1_41623465,GAAA/GAAAA,GAAA/GAAA,
 ,58,120,
Ca1_41717681,GCC/GCC,GCC/GC,
 ,107,84,
Ca1_41758668,CAAAAA/CAAAAAA,CAAAAA/CAAAAA,
 ,92,122,
Ca1_41879174,TAAAA/TAAAA,TAAAA/TAAA,
 ,94,125,
Ca1_42075399,T/C,T/T,
 ,38,141,
Ca1_42075496,C/C,C/A,
 ,154,53,
Ca1_42142942,GAAAA/GAAAA,GAAAA/GAAA,
 ,125,58,
Ca1_42550211,ATTTT/ATTTTT,ATTTT/ATTTT,
 ,78,124,
Ca1_43283864,CTTTTT/CTTTTT,CTTTTT/CTTTT,
 ,137,41,
Ca1_43283913,ATTTT/ATTTTT,ATTTT/ATTTT,
 ,37,148,
Ca1_43285491,GAAAAAAA/GAAAAAA,GAAAAAAA/GAAAAAAA,
 ,118,86,
Ca1_43656665,TAAAA/TAAAA,TAAAA/TAAA,
 ,93,112,
Ca1_43692897,G/GT,G/G,
 ,84,132,
Ca1_43830879,ATTTT/ATTTTT,ATTTT/ATTTT,
 ,90,111,
Ca1_43851072,ATTTTT/ATTTTT,ATTTTT/ATTTT,
 ,120,65,
Ca1_43986345,CAA/CAA,CAA/CAAA,
 ,145,76,
Ca1_43986374,G/GA,G/G,
 ,180,33,
Ca1_43986376,A/ATC,A/A,
 ,61,144,
Ca1_43986377,GCT/GCT,GCT/GCTCT,
 ,140,62,
Ca1_43986510,C/CT,C/C,
 ,130,87,
Ca1_43987866,G/GT,G/G,
 ,167,49,
Ca1_43999579,ATTT/ATT,ATTT/ATTT,
 ,196,10,
Ca1_44021440,CAAA/CAA,CAAA/CAAA,
 ,183,33,
Ca1_44021450,GTTT/GTTT,GTTT/GTT,
 ,69,148,
Ca1_44053745,CTTT/CTTTT,CTTT/CTTT,
 ,59,138,
Ca1_44139895,TAAAAA/TAAAAA,TAAAAAA/TAAAAA,
 ,78,133,
Ca1_44142872,ATTTT/ATTTTT,ATTTT/ATTTT,
 ,72,141,
Ca1_44142876,T/TTC,T/T,
 ,85,128,
Ca1_44142877,CTTTT/CTTTT,CTTTT/CTTTTT,
 ,87,127,
Ca1_44325271,CTT/CTT,CTT/CTTT,
 ,142,54,
Ca1_44325306,CAAAA/CAAA,CAAAA/CAAAA,
 ,67,137,
Ca1_44572073,ATTTTT/ATTTTT,ATTTTT/ATTTTTT,
 ,76,139,
Ca1_44572088,ATTT/ATTTT,ATTT/ATTT,
 ,122,95,
Ca1_44572091,TAAAA/TAAAAA,TAAAA/TAAAA,
 ,62,153,
Ca1_44576169,GTTTT/GTTTT,GTTTT/GTTT,
 ,105,91,
Ca1_44576217,GAT/GTAT,GAT/GAT,
 ,118,69,
Ca1_44576221,GTTTTTTTTTT/GTTTTTTTTTT,GTTTTTTTTTT/GTTTTTTTTT,
 ,94,84,
Ca1_44576236,GTTT/GTTTT,GTTT/GTTT,
 ,190,10,
Ca1_44850581,GAAA/GAAAA,GAAA/GAAA,
 ,49,167,
Ca1_44934373,CG/CG,CG/C,
 ,39,179,
Ca1_44974351,GTTTTTT/GTTTTTT,GTTTTTT/GTTTTT,
 ,113,64,
Ca1_44974369,CTTTT/CTTTT,CTTTT/CTTT,
 ,114,67,
Ca1_44974420,ATT/ATTT,ATT/ATT,
 ,52,125,
Ca1_44985317,CTTTT/CTTTT,CTTTT/CTTTTT,
 ,129,79,
Ca1_45058008,GAAAAA/GAAAAAA,GAAAAA/GAAAAA,
 ,116,72,
Ca1_45059279,AGG/AG,AGG/AGG,
 ,202,13,
Ca1_45059733,CAAAA/CAAA,CAAAA/CAAAA,
 ,55,165,
Ca1_45059737,ACC/AC,ACC/ACC,
 ,160,61,
Ca1_45061568,CTTTTT/CTTTTT,CTTTTT/CTTTTTT,
 ,116,99,
Ca1_45061592,GTTTTTTTT/GTTTTTTTT,GTTTTTTTT/GTTTTTTT,
 ,145,71,
Ca1_45061679,TGGGGG/TGGGGG,TGGGGG/TGGGGGG,
 ,142,40,
Ca1_45072930,CAAAA/CAAAAA,CAAAA/CAAAA,
 ,104,90,
Ca1_45072949,GTTTT/GTTTT,GTTTT/GTTT,
 ,19,160,
Ca1_45089001,AGGGGG/AGGGGGG,AGGGGG/AGGGGG,
 ,114,71,
Ca1_45089071,ATTTT/ATTTTT,ATTTT/ATTTT,
 ,45,136,
Ca1_45198943,CTTT/CTTTT,CTTT/CTTT,
 ,70,145,
Ca1_45218552,CAAAAAAAAA/CAAAAAAAAA,CAAAAAAAAA/CAAAAAAAA,
 ,117,70,
Ca1_45339610,CAAAA/CAAA,CAAAA/CAAAA,
 ,45,174,
Ca1_45381644,AGGG/AGGG,AGGG/AGGGG,
 ,161,57,
Ca1_45381670,TAAAAAAA/TAAAAAA,TAAAAAAA/TAAAAAAA,
 ,59,161,
Ca1_45388951,CGGGGGG/CGGGGGG,CGGGGGG/CGGGGGGG,
 ,106,114,
Ca1_45389066,GAAA/GAAAA,GAAA/GAAA,
 ,52,150,
Ca1_45389092,ATTTTTTT/ATTTTTTT,ATTTTTTT/ATTTTTT,
 ,127,73,
Ca1_45397715,G/G,T/T,
 ,91,88,
Ca1_45411563,C/C,T/T,
 ,124,93,
