Ca1_138099 ,ATTT/ATT ,ATTT/ATTT
Ca1_798417 ,TAAA/TAA ,TAAA/TAAA
Ca1_1439201 ,CTT/CTT ,CTT/CTTT
Ca1_1439204 ,A/AT ,A/A
Ca1_1617625 ,TAAAA/TAAAA ,TAAAA/TAAA
Ca1_1994455 ,TAAAA/TAAA ,TAAAA/TAAAA
Ca1_2964140 ,GAAAAA/GAAAA ,GAAAAA/GAAAAA
Ca1_3250391 ,CAAAAA/CAAAAA ,CAAAAA/CAAAAAA
Ca1_3362948 ,ATTTTT/ATTTT ,ATTTTT/ATTTTT
Ca1_3426240 ,TAAAAA/TAAAAA ,TAAAAA/TAAAAAA
Ca1_3707989 ,TAAA/TAAAA ,TAAA/TAAA
Ca1_3777217 ,CTTTTTT/CTTTTTT ,CTTTTTT/CTTTTT
Ca1_4469771 ,CTTT/CTTT ,CTTT/CTTTT
Ca1_4635569 ,ATTTT/ATTT ,ATTTT/ATTTT
Ca1_5568485_1 ,AAT/AAT ,AAAT/AAT
Ca1_6380707 ,ATTTT/ATTT ,ATTTT/ATTTT
Ca1_6774742 ,GAAA/GAAA ,GAAA/GAA
Ca1_7123545 ,CAA/CAA ,CAA/CAAA
Ca1_7667358 ,CAA/CA ,CAA/CAA
Ca1_7725127 ,CTTTTTT/CTTTTTT ,CTTTTTT/CTTTTTTT
Ca1_7886448 ,TCCCCC/TCCCCCC ,TCCCCC/TCCCCC
Ca1_7980155 ,TCCCC/TCCCCC ,TCCCC/TCCCC
Ca1_8665800 ,ATTTT/ATTTT ,ATTTT/ATTT
Ca1_8759560 ,TAAAAA/TAAAAA ,TAAAAA/TAAAA
Ca1_8972156 ,TCCCC/TCCCC ,TCCCC/TCCCCC
Ca1_9401596 ,CAAAAAA/CAAAAAA ,CAAAAAA/CAAAAAAA
Ca1_10375288 ,CTTT/CTT ,CTTT/CTTT
Ca1_10567615 ,GA/GA ,GA/GAA
Ca1_10567616 ,ATTTTTT/ATTTTTT ,ATTTTTT/ATTTTTTT
Ca1_10849444 ,TAAAA/TAAA ,TAAAA/TAAAA
Ca1_11361217 ,TG/TAG ,TG/TG
Ca1_12247985 ,AT/A ,AT/AT
Ca1_12836596 ,GTT/GTT ,GTT/GTTT
Ca1_13603679 ,ATTTTTTTTT/ATTTTTTTT ,ATTTTTTTTT/ATTTTTTTTT
Ca1_14611857 ,GAAA/GAAA ,GAAA/GAA
Ca1_14958544 ,A/AC ,A/A
Ca1_15129344 ,GTTT/GTTTT ,GTTT/GTTT
Ca1_15129458 ,CAAAA/CAAAAA ,CAAAA/CAAAA
Ca1_15305724 ,GTTTTT/GTTTTT ,GTTTTT/GTTTTTT
Ca1_15331064 ,TGGG/TGGG ,TGGG/TGGGG
Ca1_15747168 ,TAA/TAA ,TAA/TAAA
Ca1_15747170 ,ATTTTTT/ATTTTTT ,ATTTTTT/ATTTTTTT
Ca1_16891643 ,GTTTTT/GTTTT ,GTTTTT/GTTTTT
Ca1_16975290 ,CTTT/CTTT ,CTTT/CTTTT
Ca1_17241009 ,GAAAA/GAAAAA ,GAAAA/GAAAA
Ca1_17469528 ,CAAAA/CAAAA ,CAAAA/CAAA
Ca1_17472854 ,CAAA/CAAAA ,CAAA/CAAA
Ca1_17592561 ,GC/GC ,GC/GAC
Ca1_17650432 ,TAAA/TAAA ,TAAA/TAAAA
Ca1_20633317 ,AGC/AGC ,AGC/AC
Ca1_22362867 ,GAAAA/GAAAA ,GAAAA/GAAAAA
Ca1_23274510 ,CTTTTT/CTTTTT ,CTTTTT/CTTTTTT
Ca1_23414015 ,GCCC/GCCC ,GCCC/GCC
Ca1_25986740 ,A/A ,A/AC
Ca1_26233806 ,CAAAA/CAAAA ,CAAAA/CAAAAA
Ca1_26235842 ,AGGGG/AGGGG ,AGGGG/AGGGGG
Ca1_26869353 ,CAAAA/CAAA ,CAAAA/CAAAA
Ca1_28423933 ,GAAA/GAAA ,GAAA/GAAAA
Ca1_33019583 ,TAAAA/TAAAA ,TAAAA/TAAAAA
Ca1_33283518 ,TAA/TAA ,TAAA/TAA
Ca1_33289422 ,CAAAA/CAAAA ,CAAAA/CAAAAA
Ca1_33553721 ,CTTTT/CTTTTT ,CTTTT/CTTTT
Ca1_35214497 ,GTTTTTT/GTTTTT ,GTTTTTT/GTTTTTT
Ca1_35229302 ,CAAAA/CAAAAA ,CAAAA/CAAAA
Ca1_35387122 ,ATTT/ATT ,ATTT/ATTT
Ca1_35745878 ,TAAA/TAA ,TAAA/TAAA
Ca1_36074708 ,CAA/CAA ,CAA/CAAA
Ca1_36493320 ,GTTTTTT/GTTTTTT ,GTTTTTT/GTTTTTTT
Ca1_38228994 ,CAAA/CAAAA ,CAAA/CAAA
Ca1_39331342 ,GTT/GTT ,GTT/GTTT
Ca1_41623465 ,GAAA/GAAA ,GAAA/GAAAA
Ca1_42142942 ,GAAAA/GAAA ,GAAAA/GAAAA
Ca1_43987866 ,G/GT ,G/G
Ca1_44576169 ,GTTTT/GTTT ,GTTTT/GTTTT
Ca1_44576221 ,GTTTTTTTTTT/GTTTTTTTTT ,GTTTTTTTTTT/GTTTTTTTTTT
Ca1_45061679 ,TGGGGG/TGGGGGG ,TGGGGG/TGGGGG
Ca1_45089001 ,AGGGGG/AGGGGG ,AGGGGG/AGGGGGG
Ca1_45388951 ,CGGGGGG/CGGGGGG ,CGGGGGG/CGGGGGGG
Ca1_45389092 ,ATTTTTTT/ATTTTTT ,ATTTTTTT/ATTTTTTT
