Ca1_150 ,'T/T', 'T/T' ,'A/T', 'A/A'
Ca1_80241 ,'ATTTTT/ATTTT', 'ATTTTT/ATTTT' ,'ATTTTT/ATTTTT', 'ATTTTT/ATTTT'
Ca1_80298 ,'TAAAA/TAAAAA', 'TAAAA/TAAAAA' ,'TAAAA/TAAAA', 'TAAAA/TAAAAA'
Ca1_80330 ,'AT/AT', 'AT/AT' ,'AT/ATT', 'AT/AT'
Ca1_137981 ,'CAAAA/CAAAA', 'CAAAA/CAAAA' ,'CAAAA/CAAAA', 'CAAAA/CAAAAA'
Ca1_152199 ,'CAAAA/CAAA', 'CAAAA/CAAA' ,'CAAAA/CAAAA', 'CAAAA/CAAA'
Ca1_179509 ,'TAAA/TAAA', 'TAAA/TAAAA' ,'TAAA/TAAAA', 'TAAA/TAAA'
Ca1_186117 ,'CTTTT/CTTT', 'CTTTT/CTTT' ,'CTTTT/CTTTT', 'CTTTT/CTTT'
Ca1_254607 ,'CAA/CAAA', 'CAA/CAA' ,'CAA/CAAA', 'CAA/CAA'
Ca1_275454 ,'ATTTT/ATTT', 'ATTTT/ATTTT' ,'ATTTT/ATTTT', 'ATTTT/ATTTT'
Ca1_333974 ,'A/A', 'A/A' ,'A/A', 'G/G'
Ca1_363821 ,'A/A', 'A/A' ,'A/A', 'G/G'
Ca1_373028 ,'TAAAAA/TAAAA', 'TAAAAA/TAAAA' ,'TAAAAA/TAAAA', 'TAAAAA/TAAAAA'
Ca1_382123 ,'CAAAA/CAAA', 'CAAAA/CAAAA' ,'CAAAA/CAAAA', 'CAAAA/CAAAA'
Ca1_426088 ,'T/TC', 'T/T' ,'T/T', 'T/T'
Ca1_466258 ,'ATTTTTTT/ATTTTTTT', 'ATTTTTTT/ATTTTTT' ,'ATTTTTTT/ATTTTTTT', 'ATTTTTTT/ATTTTTTT'
Ca1_466446 ,'GAAAAA/GAAAA', 'GAAAAA/GAAAA' ,'GAAAAA/GAAAAA', 'GAAAAA/GAAAA'
Ca1_476223 ,'GTTTTTT/GTTTTTT', 'GTTTTTT/GTTTTTTT' ,'GTTTTTT/GTTTTTT', 'GTTTTTT/GTTTTTTT'
Ca1_526705 ,'GAAA/GAA', 'GAAA/GAA' ,'GAAA/GAAA', 'GAAA/GAA'
Ca1_537285 ,'GA/GA', 'GA/GA' ,'GA/GA', 'GA/GTA'
Ca1_538896 ,'TAAA/TAAA', 'TAAA/TAAAA' ,'TAAA/TAAA', 'TAAA/TAAAA'
Ca1_554250 ,'ATTT/ATT', 'ATTT/ATTT' ,'ATTT/ATT', 'ATTT/ATT'
Ca1_585332 ,'ATTT/ATTT', 'ATTT/ATTTT' ,'ATTT/ATTT', 'ATTT/ATTT'
Ca1_585364 ,'CAAAA/CAAA', 'CAAAA/CAAA' ,'CAAAA/CAAA', 'CAAAA/CAAAA'
Ca1_602472 ,'AGGGG/AGGGGG', 'AGGGG/AGGGG' ,'AGGGG/AGGGG', 'AGGGG/AGGGG'
Ca1_623246 ,'ATTTTT/ATTTTT', 'ATTTTT/ATTTT' ,'ATTTTT/ATTTTT', 'ATTTTT/ATTTTT'
Ca1_642519 ,'TAAA/TAAAA', 'TAAA/TAAA' ,'TAAA/TAAA', 'TAAA/TAAA'
Ca1_642601 ,'CTTT/CTTTT', 'CTTT/CTTT' ,'CTTT/CTTTT', 'CTTT/CTTTT'
Ca1_642667 ,'TG/TCG', 'TCG/TCG' ,'TG/TCG', 'TG/TCG'
Ca1_642668 ,'G/GT', 'GT/GT' ,'G/GT', 'G/GT'
Ca1_678067 ,'C/A', 'C/A' ,'C/A', 'C/C'
Ca1_678068 ,'A/C', 'A/C' ,'A/C', 'A/A'
Ca1_776277 ,'GAAAA/GAAAA', 'GAAAA/GAAAA' ,'GAAAA/GAAAA', 'GAAAA/GAAA'
Ca1_776313 ,'CAAAAA/CAAAAAA', 'CAAAAA/CAAAAA' ,'CAAAAA/CAAAAAA', 'CAAAAA/CAAAAA'
Ca1_795155 ,'GT/GT', 'GT/GT' ,'GT/GT', 'GT/GTT'
Ca1_799866 ,'TGGG/TGGG', 'TGGG/TGGGG' ,'TGGG/TGGGG', 'TGGG/TGGG'
Ca1_861705 ,'GTTTT/GTTTT', 'GTTTT/GTTTT' ,'GTTTT/GTTTTT', 'GTTTT/GTTTT'
Ca1_920388 ,'GTTTT/GTTTT', 'GTTTT/GTTT' ,'GTTTT/GTTT', 'GTTTT/GTTT'
Ca1_931963 ,'ATTTT/ATTT', 'ATTTT/ATTTT' ,'ATTTT/ATTTT', 'ATTTT/ATTTT'
Ca1_931983 ,'CTTTTTTT/CTTTTTT', 'CTTTTTTT/CTTTTTT' ,'CTTTTTTT/CTTTTTTT', 'CTTTTTTT/CTTTTTT'
Ca1_931992 ,'ATTTT/ATTTTT', 'ATTTT/ATTTTT' ,'ATTTT/ATTTT', 'ATTTT/ATTTTT'
Ca1_953894 ,'GAAAAAA/GAAAAA', 'GAAAAAA/GAAAAAA' ,'GAAAAAA/GAAAAAA', 'GAAAAAA/GAAAAAA'
Ca1_991795 ,'TAAA/TAA', 'TAAA/TAAA' ,'TAAA/TAAA', 'TAAA/TAA'
Ca1_991797 ,'AATT/AATT', 'AATT/AT' ,'AATT/AATT', 'AATT/AATT'
Ca1_991798 ,'ATTTTT/ATTTTT', 'ATTTTTT/ATTTTT' ,'ATTTTTT/ATTTTT', 'ATTTTTT/ATTTTT'
Ca1_1042645 ,'CAAAAA/CAAAA', 'CAAAAA/CAAAA' ,'CAAAAA/CAAAAA', 'CAAAAA/CAAAA'
Ca1_1109703 ,'GTTTT/GTTTTT', 'GTTTT/GTTTT' ,'GTTTT/GTTTT', 'GTTTT/GTTTT'
Ca1_1111106 ,'TAAAA/TAAAA', 'TAAAA/TAAAA' ,'TAAAA/TAAAAA', 'TAAAA/TAAAA'
Ca1_1162304 ,'A/A', 'A/A' ,'A/A', 'C/C'
Ca1_1272138 ,'GAA/GAAA', 'GAA/GAA' ,'GAA/GAA', 'GAA/GAA'
Ca1_1312158 ,'TAAA/TAAAA', 'TAAA/TAAAA' ,'TAAA/TAAAA', 'TAAA/TAAA'
Ca1_1312175 ,'CAAA/CAA', 'CAAA/CAAA' ,'CAAA/CAAA', 'CAAA/CAA'
Ca1_1312876 ,'GAAAAA/GAAAAA', 'GAAAAA/GAAAAA' ,'GAAAAA/GAAAAA', 'GAAAAA/GAAAA'
Ca1_1328444 ,'G/G', 'G/GAGAT' ,'G/GAGAT', 'G/GAGAT'
Ca1_1328468 ,'CCG/CCG', 'CCG/C' ,'CCG/C', 'CCG/CCG'
Ca1_1429183 ,'GTTTTT/GTTTTT', 'GTTTTT/GTTTTT' ,'GTTTTT/GTTTT', 'GTTTTT/GTTTTT'
Ca1_1429320 ,'GAAAAAAA/GAAAAAAA', 'GAAAAAAA/GAAAAAAA' ,'GAAAAAAA/GAAAAAAA', 'GAAAAAAA/GAAAAAA'
Ca1_1782194 ,'GTTTT/GTTTTT', 'GTTTT/GTTTT' ,'GTTTT/GTTTT', 'GTTTT/GTTTT'
Ca1_1820995 ,'CTTTTTTTT/CTTTTTTTT', 'CTTTTTTTT/CTTTTTTT' ,'CTTTTTTTT/CTTTTTTTT', 'CTTTTTTTT/CTTTTTTT'
Ca1_1869500 ,'A/T', 'A/T' ,'A/T', 'A/A'
Ca1_1939525 ,'CAA/CAA', 'CAA/CAA' ,'CAA/CAA', 'CAA/CAAA'
Ca1_1940833 ,'GAAAA/GAAAA', 'GAAAA/GAAAA' ,'GAAAA/GAAAAA', 'GAAAA/GAAAA'
Ca1_1994434 ,'GAA/GAA', 'GAA/GAAA' ,'GAA/GAAA', 'GAA/GAA'
Ca1_2051333 ,'TTG/TTG', 'T/T' ,'TTG/T', 'T/T'
Ca1_2063012 ,'AGGGG/AGGGGG', 'AGGGG/AGGGGG' ,'AGGGG/AGGGGG', 'AGGGG/AGGGG'
Ca1_2362483 ,'ATTTTT/ATTTTT', 'ATTTTT/ATTTT' ,'ATTTTT/ATTTT', 'ATTTTT/ATTTT'
Ca1_2368919 ,'CGG/CG', 'CGG/CGG' ,'CGG/CGG', 'CGG/CGG'
Ca1_2368992 ,'CAG/CAG', 'CAG/CAG' ,'CAG/CAGAG', 'CAG/CAG'
Ca1_2368994 ,'GC/GAC', 'GC/GAC' ,'GC/GAC', 'GC/GC'
Ca1_2368995 ,'C/CG', 'C/CG' ,'C/CG', 'C/C'
Ca1_2368996 ,'T/TA', 'T/TA' ,'T/TA', 'T/T'
Ca1_2369886 ,'ATTTTTTTT/ATTTTTTTTT', 'ATTTTTTTT/ATTTTTTTT' ,'ATTTTTTTT/ATTTTTTTT', 'ATTTTTTTT/ATTTTTTTT'
Ca1_2459397 ,'GAAAAAA/GAAAAAA', 'GAAAAAA/GAAAAA' ,'GAAAAAA/GAAAAAA', 'GAAAAAA/GAAAAA'
Ca1_2534826 ,'CTTTT/CTTTT', 'CTTTT/CTTTT' ,'CTTTT/CTTTTT', 'CTTTT/CTTTT'
Ca1_2583542 ,'CAAA/CAA', 'CAAA/CAA' ,'CAAA/CAA', 'CAAA/CAAA'
Ca1_2583909 ,'CAAAA/CAAAA', 'CAAAA/CAAA' ,'CAAAA/CAAAA', 'CAAAA/CAAAA'
Ca1_2583940 ,'CAAAA/CAAAA', 'CAAAA/CAAAA' ,'CAAAA/CAAAA', 'CAAAA/CAAA'
Ca1_2632946 ,'CAAA/CAAA', 'CAAA/CAA' ,'CAAA/CAAA', 'CAAA/CAA'
Ca1_2648153 ,'CTTTT/CTTTT', 'CTTTT/CTTTT' ,'CTTTT/CTTTTT', 'CTTTT/CTTTT'
Ca1_2687090 ,'ATT/ATTT', 'ATT/ATT' ,'ATT/ATTT', 'ATT/ATTT'
Ca1_2687105 ,'GTTTTTT/GTTTTTT', 'GTTTTTT/GTTTTT' ,'GTTTTTT/GTTTTT', 'GTTTTTT/GTTTTT'
Ca1_2689065 ,'ATTTTT/ATTTTT', 'ATTTTT/ATTTT' ,'ATTTTT/ATTTTT', 'ATTTTT/ATTTT'
Ca1_2825585 ,'CAAAA/CAAA', 'CAAAA/CAAA' ,'CAAAA/CAAAA', 'CAAAA/CAAA'
Ca1_2930551 ,'CTTTT/CTTTTT', 'CTTTT/CTTTT' ,'CTTTT/CTTTT', 'CTTTT/CTTTTT'
Ca1_2930555 ,'TCCCCC/TCCCCCC', 'TCCCCC/TCCCCCC' ,'TCCCCC/TCCCCC', 'TCCCCC/TCCCCCC'
Ca1_2930560 ,'CTT/CTTT', 'CTT/CTTT' ,'CTT/CTT', 'CTT/CTTT'
Ca1_2931607 ,'CAAAAAAAAAA/CAAAAAAAAA', 'CAAAAAAAAA/CAAAAAAAAA' ,'CAAAAAAAAAA/CAAAAAAAAAA', 'CAAAAAAAAAA/CAAAAAAAAA'
Ca1_2980550 ,'AT/AT', 'AT/A' ,'AT/A', 'AT/A'
Ca1_3083587 ,'CAAAAAA/CAAAAAA', 'CAAAAAA/CAAAAAA' ,'CAAAAAA/CAAAAAAA', 'CAAAAAA/CAAAAAA'
Ca1_3143750 ,'ATTTTTT/ATTTTTT', 'ATTTTTT/ATTTTT' ,'ATTTTTT/ATTTTTT', 'ATTTTTT/ATTTTT'
Ca1_3208818 ,'G/GT', 'G/G' ,'G/GT', 'G/G'
Ca1_3348632 ,'TAA/TAAA', 'TAA/TAAA' ,'TAA/TAAA', 'TAA/TAA'
Ca1_3376209 ,'ATTTTT/ATTTTTT', 'ATTTTT/ATTTTT' ,'ATTTTT/ATTTTTT', 'ATTTTT/ATTTTT'
Ca1_3396276 ,'TAAAA/TAAAA', 'TAAAA/TAAA' ,'TAAAA/TAAAA', 'TAAAA/TAAA'
Ca1_3432428 ,'CAAAAA/CAAAAA', 'CAAAAA/CAAAA' ,'CAAAAA/CAAAAA', 'CAAAAA/CAAAAA'
Ca1_3468854 ,'CAAAAAA/CAAAAA', 'CAAAAAA/CAAAAAA' ,'CAAAAAA/CAAAAAA', 'CAAAAAA/CAAAAAA'
Ca1_3469034 ,'GAAAA/GAAAA', 'GAAAA/GAAAA' ,'GAAAA/GAAAA', 'GAAAA/GAAA'
Ca1_3521694 ,'TAAAAA/TAAAAA', 'TAAAAA/TAAAA' ,'TAAAAA/TAAAA', 'TAAAAA/TAAAAA'
Ca1_3777204 ,'CAAAA/CAAAAA', 'CAAAA/CAAAA' ,'CAAAA/CAAAAA', 'CAAAA/CAAAA'
Ca1_3777323 ,'T/T', 'C/C' ,'C/C', 'T/T'
Ca1_3825945 ,'G/G', 'C/C' ,'C/C', 'G/G'
Ca1_3832910 ,'CAAA/CAAA', 'CAAA/CAAAA' ,'CAAA/CAAA', 'CAAA/CAAA'
Ca1_3832916 ,'CAAAA/CAAAA', 'CAAAA/CAAA' ,'CAAAA/CAAA', 'CAAAA/CAAAA'
Ca1_3832996 ,'TAAAA/TAAAAA', 'TAAAA/TAAAA' ,'TAAAA/TAAAA', 'TAAAA/TAAAA'
Ca1_3878032 ,'CAA/CAA', 'CAA/CAA' ,'CAA/CA', 'CAA/CAA'
Ca1_3908939 ,'CT/CGT', 'CT/CGT' ,'CT/CGT', 'CGT/CGT'
Ca1_3909138 ,'TAAA/TAAA', 'TAAA/TAA' ,'TAAA/TAAA', 'TAAA/TAAA'
Ca1_3957775 ,'CAAAAAAAA/CAAAAAAA', 'CAAAAAAAA/CAAAAAAA' ,'CAAAAAAAA/CAAAAAAAA', 'CAAAAAAAA/CAAAAAAA'
Ca1_3964397 ,'A/A', 'A/A' ,'A/A', 'A/AG'
Ca1_3985791 ,'GAAAAAA/GAAAAA', 'GAAAAAA/GAAAAAA' ,'GAAAAAA/GAAAAAA', 'GAAAAAA/GAAAAAA'
Ca1_3985872 ,'CTTTTT/CTTTT', 'CTTTTT/CTTTT' ,'CTTTTT/CTTTT', 'CTTTTT/CTTTTT'
Ca1_3985946 ,'TAAAA/TAAAAA', 'TAAAA/TAAAA' ,'TAAAA/TAAAA', 'TAAAA/TAAAAA'
Ca1_3985950 ,'ATTTTT/ATTTTTT', 'ATTTTT/ATTTTT' ,'ATTTTT/ATTTTT', 'ATTTTT/ATTTTTT'
Ca1_3986012 ,'CTTTTT/CTTTT', 'CTTTTT/CTTTTT' ,'CTTTTT/CTTTT', 'CTTTTT/CTTTTT'
Ca1_3990314 ,'ATT/ATT', 'ATT/AT' ,'ATT/ATT', 'ATT/AT'
Ca1_4034786 ,'TGG/TGG', 'TGG/TGGG' ,'TGG/TGG', 'TGG/TGG'
Ca1_4059137 ,'GAAAAA/GAAAAA', 'GAAAAA/GAAAA' ,'GAAAAA/GAAAAA', 'GAAAAA/GAAAAA'
Ca1_4090659 ,'ATT/AT', 'ATT/AT' ,'ATT/ATT', 'ATT/AT'
Ca1_4092748 ,'TA/TAA', 'TA/TAA' ,'TA/TAA', 'TA/TA'
Ca1_4092763 ,'CAA/CAAA', 'CAA/CAA' ,'CAA/CAA', 'CAA/CAAA'
Ca1_4129451 ,'GCC/GCC', 'GCC/GCCC' ,'GCC/GCC', 'GCC/GCC'
Ca1_4129505 ,'CAAA/CAA', 'CAAA/CAAA' ,'CAAA/CAAA', 'CAAA/CAAA'
Ca1_4174206 ,'TAAA/TAAA', 'TAAA/TAAAA' ,'TAAA/TAAAA', 'TAAA/TAAAA'
Ca1_4270687 ,'CAAAA/CAAAA', 'CAAAA/CAAA' ,'CAAAA/CAAAA', 'CAAAA/CAAAA'
Ca1_4310321 ,'G/G', 'T/T' ,'T/T', 'G/G'
Ca1_4311620 ,'CTTTTT/CTTTT', 'CTTTTT/CTTTT' ,'CTTTTT/CTTTTT', 'CTTTTT/CTTTT'
Ca1_4420477 ,'CTTTTTT/CTTTTTT', 'CTTTTTT/CTTTTT' ,'CTTTTTT/CTTTTTT', 'CTTTTTT/CTTTTT'
Ca1_4427397 ,'C/A', 'C/C' ,'C/A', 'C/A'
Ca1_4427434 ,'T/G', 'T/T' ,'T/G', 'T/G'
Ca1_4427435 ,'T/C', 'T/T' ,'T/C', 'T/C'
Ca1_4467950 ,'ATTTTTT/ATTTTTTT', 'ATTTTTT/ATTTTTT' ,'ATTTTTT/ATTTTTT', 'ATTTTTT/ATTTTTTT'
Ca1_4468165 ,'CAAAA/CAAAA', 'CAAAA/CAAAA' ,'CAAAA/CAAAA', 'CAAAA/CAAA'
Ca1_4468199 ,'ACCCCC/ACCCCC', 'ACCCCC/ACCCCC' ,'ACCCCC/ACCCCC', 'ACCCCC/ACCCCCC'
Ca1_4468996 ,'CTTTTT/CTTTT', 'CTTTTT/CTTTT' ,'CTTTTT/CTTTTT', 'CTTTTT/CTTTT'
Ca1_4578886 ,'ATTT/ATTT', 'ATTT/ATTT' ,'ATTT/ATTTT', 'ATTT/ATTT'
Ca1_4593515 ,'TAAAA/TAAA', 'TAAAA/TAAAA' ,'TAAAA/TAAA', 'TAAAA/TAAAA'
Ca1_4593524 ,'GAAAAA/GAAAA', 'GAAAAA/GAAAAA' ,'GAAAAA/GAAAAA', 'GAAAAA/GAAAA'
Ca1_4628253 ,'ATT/AT', 'ATT/AT' ,'ATT/ATT', 'ATT/AT'
Ca1_4688290 ,'ATTTT/ATTTTT', 'ATTTT/ATTTT' ,'ATTTT/ATTTT', 'ATTTT/ATTTT'
Ca1_4732668 ,'G/G', 'A/A' ,'A/A', 'G/G'
Ca1_4798007 ,'ATTT/ATT', 'ATTT/ATT' ,'ATTT/ATTT', 'ATTT/ATT'
Ca1_4804431 ,'CAAAAAAAA/CAAAAAAAA', 'CAAAAAAAA/CAAAAAAA' ,'CAAAAAAAA/CAAAAAAAA', 'CAAAAAAAA/CAAAAAAA'
Ca1_4944779 ,'CAAA/CAAAA', 'CAAA/CAAA' ,'CAAA/CAAA', 'CAAA/CAAA'
Ca1_4944800 ,'TGG/TGG', 'TGG/TGG' ,'TGG/TTGGG', 'TGG/TGG'
Ca1_4944804 ,'CTTTTTT/CTTTTTTT', 'CTTTTTT/CTTTTTT' ,'CTTTTTT/CTTTTTTT', 'CTTTTTT/CTTTTTTT'
Ca1_4944817 ,'G/G', 'G/G' ,'G/GT', 'G/G'
Ca1_4946799 ,'GAA/GA', 'GAA/GAA' ,'GAA/GA', 'GAA/GA'
Ca1_5147421 ,'CAAAA/CAAAA', 'CAAAA/CAAAA' ,'CAAAA/CAAAA', 'CAAAA/CAAA'
Ca1_5147928 ,'CTTTTTTTT/CTTTTTTTT', 'CTTTTTTTT/CTTTTTTT' ,'CTTTTTTTT/CTTTTTTTT', 'CTTTTTTTT/CTTTTTTTT'
Ca1_5162024 ,'TAAAAA/TAAAAAA', 'TAAAAA/TAAAAA' ,'TAAAAA/TAAAAAA', 'TAAAAA/TAAAAAA'
Ca1_5241744 ,'CAAA/CAA', 'CAAA/CAA' ,'CAAA/CAAA', 'CAAA/CAA'
Ca1_5254921 ,'CAAA/CAAA', 'CAAA/CAAA' ,'CAAA/CAAAA', 'CAAA/CAAA'
Ca1_5377042 ,'CAAAA/CAAAA', 'CAAAA/CAAAA' ,'CAAAA/CAAAAA', 'CAAAA/CAAAA'
Ca1_5377077 ,'ATTT/ATTT', 'ATTT/ATT' ,'ATTT/ATTT', 'ATTT/ATTT'
Ca1_5415125 ,'ATTT/ATTT', 'ATTT/ATTT' ,'ATTT/ATTT', 'ATTT/ATT'
Ca1_5415132 ,'TAAAAAA/TAAAAAA', 'TAAAAAA/TAAAAAA' ,'TAAAAAA/TAAAAAAA', 'TAAAAAA/TAAAAAA'
Ca1_5510613 ,'GTT/GTTT', 'GTT/GTT' ,'GTT/GTTT', 'GTT/GTT'
Ca1_5510644 ,'A/A', 'G/G' ,'G/G', 'A/A'
Ca1_5568480 ,'G/G', 'C/C' ,'C/C', 'G/G'
Ca1_5568485 ,'T/T', 'C/C' ,'C/C', 'T/T'
Ca1_5601530 ,'G/G', 'C/C' ,'C/C', 'G/G'
Ca1_5601589 ,'T/T', 'A/A' ,'A/A', 'T/T'
Ca1_5606168 ,'G/G', 'A/A' ,'A/A', 'A/A'
Ca1_5606284 ,'G/G', 'A/A' ,'A/A', 'G/G'
Ca1_5616463 ,'ATAATT/ATAATT', 'ATAATTAATT/ATAATTAATT' ,'ATAATTAATT/ATAATTAATT', 'ATAATT/ATAATT'
Ca1_5616479 ,'C/C', 'T/T' ,'T/T', 'C/C'
Ca1_5641505 ,'G/G', 'C/C' ,'C/C', 'G/G'
Ca1_5641507 ,'G/G', 'T/T' ,'T/T', 'G/G'
Ca1_5653773 ,'GTTTT/GTTTT', 'GTTTT/GTTTT' ,'GTTTT/GTTTTT', 'GTTTT/GTTTT'
Ca1_5654605 ,'G/G', 'A/A' ,'A/A', 'G/G'
Ca1_5670172 ,'CAAAA/CAAAA', 'CAAA/CAAA' ,'CAAA/CAAA', 'CAAA/CAAA'
Ca1_5751450 ,'T/T', 'C/C' ,'C/C', 'T/T'
Ca1_5751546 ,'A/A', 'T/T' ,'T/T', 'A/A'
Ca1_5804466 ,'ATTTTTT/ATTTTTT', 'ATTTTTT/ATTTTTTT' ,'ATTTTTT/ATTTTTTT', 'ATTTTTT/ATTTTTTT'
Ca1_5831973 ,'GAAAAAA/GAAAAA', 'GAAAAAA/GAAAAA' ,'GAAAAAA/GAAAAAA', 'GAAAAAA/GAAAAA'
Ca1_5871121 ,'CTTTTT/CTTTTT', 'CTTTTT/CTTTT' ,'CTTTTT/CTTTTT', 'CTTTTT/CTTTTT'
Ca1_5895625 ,'CAAAAA/CAAAAA', 'CAAAAA/CAAAA' ,'CAAAAA/CAAAAA', 'CAAAAA/CAAAA'
Ca1_6085929 ,'TAAAA/TAAAA', 'TAAAA/TAAAAA' ,'TAAAA/TAAAA', 'TAAAA/TAAAA'
Ca1_6085990 ,'TAAAAA/TAAAAA', 'TAAAAA/TAAAAA' ,'TAAAAA/TAAAAAA', 'TAAAAA/TAAAAA'
Ca1_6086074 ,'CAAA/CAAA', 'CAAA/CAA' ,'CAAA/CAAA', 'CAAA/CAA'
Ca1_6130861 ,'G/G', 'C/C' ,'C/C', 'G/G'
Ca1_6159460 ,'ATTT/ATT', 'ATTT/ATTT' ,'ATTT/ATTT', 'ATTT/ATTT'
Ca1_6312290 ,'A/A', 'G/G' ,'G/G', 'A/A'
Ca1_6403697 ,'GAA/GAA', 'GAA/GA' ,'GAA/GAA', 'GAA/GAA'
Ca1_6443493 ,'ATTTTT/ATTTTTT', 'ATTTTT/ATTTTT' ,'ATTTTT/ATTTTT', 'ATTTTT/ATTTTT'
Ca1_6443501 ,'GTTTT/GTTTT', 'GTTTT/GTTTTT' ,'GTTTT/GTTTT', 'GTTTT/GTTTT'
Ca1_6650781 ,'GCC/GCC', 'GCC/GCC' ,'GCC/GC', 'GCC/GCC'
Ca1_6694657 ,'C/C', 'T/T' ,'T/T', 'C/C'
Ca1_6705767 ,'C/C', 'A/A' ,'A/A', 'C/C'
Ca1_6705782 ,'GTTTT/GTTTTT', 'GTTTT/GTTTT' ,'GTTTT/GTTTTT', 'GTTTT/GTTTT'
Ca1_6705790 ,'CTTT/CTTTT', 'CTTT/CTTT' ,'CTTT/CTTT', 'CTTT/CTTT'
Ca1_6705795 ,'T/T', 'C/C' ,'C/C', 'T/T'
Ca1_6708957 ,'T/T', 'C/C' ,'C/C', 'T/T'
Ca1_6714297 ,'A/A', 'T/T' ,'T/T', 'A/A'
Ca1_6738650 ,'TAAAAAA/TAAAAA', 'TAAAAAA/TAAAAA' ,'TAAAAAA/TAAAAAA', 'TAAAAAA/TAAAAA'
Ca1_6774685 ,'ATTTT/ATTTT', 'ATTTT/ATTT' ,'ATTTT/ATTTT', 'ATTTT/ATTTT'
Ca1_6947262 ,'GAAAA/GAAA', 'GAAAA/GAAAA' ,'GAAAA/GAAA', 'GAAAA/GAAAA'
Ca1_6947280 ,'T/T', 'C/C' ,'C/C', 'T/T'
Ca1_7000817 ,'GAAAAA/GAAAA', 'GAAAAA/GAAAA' ,'GAAAAA/GAAAAA', 'GAAAAA/GAAAA'
Ca1_7079109 ,'T/T', 'C/C' ,'C/C', 'T/T'
Ca1_7079149 ,'G/G', 'A/A' ,'A/A', 'G/G'
Ca1_7079273 ,'TAAAAAAA/TAAAAAAAA', 'TAAAAAAA/TAAAAAAA' ,'TAAAAAAA/TAAAAAAAA', 'TAAAAAAA/TAAAAAAAA'
Ca1_7079346 ,'T/T', 'A/A' ,'A/A', 'T/T'
Ca1_7079360 ,'G/G', 'T/T' ,'T/T', 'G/G'
Ca1_7119235 ,'T/T', 'C/C' ,'C/C', 'T/T'
Ca1_7123547 ,'ATTTT/ATTTTT', 'ATTTT/ATTTT' ,'ATTTT/ATTTTT', 'ATTTT/ATTTTT'
Ca1_7123564 ,'T/T', 'C/C' ,'C/C', 'T/T'
Ca1_7124619 ,'G/G', 'C/C' ,'C/C', 'G/G'
Ca1_7124624 ,'T/T', 'A/A' ,'A/A', 'T/T'
Ca1_7124670 ,'A/A', 'T/T' ,'T/T', 'A/A'
Ca1_7124777 ,'ATTTTTT/ATTTTTT', 'ATTTTTT/ATTTTTT' ,'ATTTTTT/ATTTTTTT', 'ATTTTTT/ATTTTTT'
Ca1_7557019 ,'CAAA/CAAA', 'CAAA/CAA' ,'CAAA/CAAA', 'CAAA/CAAA'
Ca1_7596080 ,'ACC/ACC', 'ACC/ACCC' ,'ACC/ACCC', 'ACC/ACC'
Ca1_7612504 ,'ACC/ACC', 'ACC/AC' ,'ACC/AC', 'ACC/ACC'
Ca1_7612551 ,'CAAAAA/CAAAA', 'CAAAAA/CAAAA' ,'CAAAAA/CAAAA', 'CAAAAA/CAAAAA'
Ca1_7663952 ,'ATTT/ATTT', 'ATTT/ATTTT' ,'ATTT/ATTTT', 'ATTT/ATTTT'
Ca1_7667322 ,'T/T', 'T/T' ,'T/TA', 'T/T'
Ca1_7732680 ,'ATTTTTT/ATTTTTTT', 'ATTTTTT/ATTTTTT' ,'ATTTTTT/ATTTTTTT', 'ATTTTTT/ATTTTTTT'
Ca1_7732716 ,'CTTTT/CTTTT', 'CTTTT/CTTTT' ,'CTTTT/CTTTTT', 'CTTTT/CTTTT'
Ca1_7734659 ,'CTT/CTT', 'CTT/CTT' ,'CTT/CTT', 'CTT/CTTT'
Ca1_7734677 ,'ATTTT/ATTTT', 'ATTTT/ATTT' ,'ATTTT/ATTTT', 'ATTTT/ATTTT'
Ca1_7734868 ,'CTTT/CTTTT', 'CTTT/CTTT' ,'CTTT/CTTT', 'CTTT/CTTTT'
Ca1_7741278 ,'CTTTT/CTTT', 'CTTTT/CTTTT' ,'CTTTT/CTTT', 'CTTTT/CTTT'
Ca1_7741338 ,'TAAAAAAAAAA/TAAAAAAAAAA', 'TAAAAAAAAAA/TAAAAAAAAA' ,'TAAAAAAAAAA/TAAAAAAAAA', 'TAAAAAAAAAA/TAAAAAAAAA'
Ca1_7750192 ,'CAAAAA/CAAAA', 'CAAAAA/CAAAA' ,'CAAAAA/CAAAAA', 'CAAAAA/CAAAA'
Ca1_7773094 ,'ATTTTTTTTTT/ATTTTTTTTTT', 'ATTTTTTTTTT/ATTTTTTTTT' ,'ATTTTTTTTTT/ATTTTTTTTTT', 'ATTTTTTTTTT/ATTTTTTTTTT'
Ca1_7790873 ,'ATTT/ATT', 'ATTT/ATTT' ,'ATTT/ATTT', 'ATTT/ATT'
Ca1_7810960 ,'ATT/ATT', 'ATT/ATT' ,'ATT/ATT', 'ATT/ATTT'
Ca1_7855771 ,'CTTTT/CTTT', 'CTTTT/CTTT' ,'CTTTT/CTTTT', 'CTTTT/CTTT'
Ca1_7855799 ,'ATTT/ATT', 'ATTT/ATT' ,'ATTT/ATT', 'ATTT/ATTT'
Ca1_7882891 ,'GTTT/GTTT', 'GTTT/GTTT' ,'GTTT/GTTTT', 'GTTT/GTTT'
Ca1_7883407 ,'AG/AG', 'AG/A' ,'AG/AG', 'AG/A'
Ca1_7891729 ,'GTTT/GTTT', 'GTTT/GTTTT' ,'GTTT/GTTT', 'GTTT/GTTT'
Ca1_7905965 ,'CTTT/CTTTT', 'CTTT/CTTT' ,'CTTT/CTTT', 'CTTT/CTTTT'
Ca1_7906017 ,'CTTTTTT/CTTTTT', 'CTTTTTT/CTTTTT' ,'CTTTTTT/CTTTTTT', 'CTTTTTT/CTTTTT'
Ca1_7928438 ,'GTTTTTT/GTTTTTT', 'GTTTTTT/GTTTTT' ,'GTTTTTT/GTTTTTT', 'GTTTTTT/GTTTTTT'
Ca1_7940252 ,'C/A', 'C/A' ,'C/A', 'C/C'
Ca1_7940321 ,'GAAAAAA/GAAAAAAA', 'GAAAAAA/GAAAAAA' ,'GAAAAAA/GAAAAAAA', 'GAAAAAA/GAAAAAA'
Ca1_7972425 ,'ATTTT/ATTTT', 'ATTTT/ATTT' ,'ATTTT/ATTTT', 'ATTTT/ATTTT'
Ca1_7972434 ,'GAAAAAAAAAA/GAAAAAAAAA', 'GAAAAAAAAA/GAAAAAAAAA' ,'GAAAAAAAAAA/GAAAAAAAAA', 'GAAAAAAAAAA/GAAAAAAAAAA'
Ca1_7989041 ,'TAAAAA/TAAAAA', 'TAAAAA/TAAAAAA' ,'TAAAAA/TAAAAAA', 'TAAAAA/TAAAAAA'
Ca1_7989047 ,'GAAAAA/GGAAAAAA', 'GAAAAA/GAAAAA' ,'GAAAAA/GGAAAAAA', 'GAAAAA/GGAAAAAA'
Ca1_7999604 ,'TAAAAA/TAAAAA', 'TAAAAA/TAAAAAA' ,'TAAAAA/TAAAAA', 'TAAAAA/TAAAAA'
Ca1_7999665 ,'GAA/GAAA', 'GAA/GAAA' ,'GAA/GAAA', 'GAA/GAA'
Ca1_8160083 ,'TGGGG/TGGGG', 'TGGGG/TGGGG' ,'TGGGG/TGGG', 'TGGGG/TGGGG'
Ca1_8270428 ,'TCC/TCCC', 'TCC/TCCC' ,'TCC/TCCC', 'TCC/TCC'
Ca1_8433322 ,'CACG/CGACG', 'CACG/CACG' ,'CACG/CGACG', 'CACG/CACG'
Ca1_8561667 ,'CGGG/CGGG', 'CGGG/CGGGG' ,'CGGG/CGGG', 'CGGG/CGGG'
Ca1_8563454 ,'ATTTTT/ATTTTT', 'ATTTTT/ATTTTT' ,'ATTTTT/ATTTTTT', 'ATTTTT/ATTTTT'
Ca1_8600227 ,'CAAA/CAAA', 'CAAA/CAAA' ,'CAAA/CAA', 'CAAA/CAAA'
Ca1_8648813 ,'ATTT/ATT', 'ATT/ATT' ,'ATTT/ATT', 'ATTT/ATT'
Ca1_8740824 ,'CAAAA/CAAAA', 'CAAAA/CAAAA' ,'CAAAA/CAAA', 'CAAAA/CAAAA'
Ca1_8759213 ,'G/GT', 'G/GT' ,'G/GT', 'G/G'
Ca1_8759390 ,'GCCCCC/GCCCCC', 'GCCCCC/GCCCCC' ,'GCCCCC/GCCCCC', 'GCCCCC/GCCCCCC'
Ca1_8759552 ,'GAAAAA/GAAAAA', 'GAAAAA/GAAAAA' ,'GAAAAA/GGAAAAAA', 'GAAAAA/GAAAAA'
Ca1_8769737 ,'TAAA/TAAAA', 'TAAA/TAAA' ,'TAAA/TAAAA', 'TAAA/TAAAA'
Ca1_8791919 ,'TAAAAAA/TAAAAAAA', 'TAAAAAA/TAAAAAA' ,'TAAAAAA/TAAAAAAA', 'TAAAAAA/TAAAAAAA'
Ca1_8791925 ,'ATT/ATTT', 'ATT/ATT' ,'ATT/ATTT', 'ATT/ATTT'
Ca1_8791975 ,'ATTTT/ATTTTT', 'ATTTT/ATTTT' ,'ATTTT/ATTTTT', 'ATTTT/ATTTTT'
Ca1_8837423 ,'TAAAAA/TAAAAA', 'TAAAAA/TAAAAAA' ,'TAAAAA/TAAAAAA', 'TAAAAA/TAAAAA'
Ca1_8863806 ,'G/T', 'G/G' ,'G/T', 'G/G'
Ca1_8972166 ,'TCCC/TCCCC', 'TCCC/TCCC' ,'TCCC/TCCCC', 'TCCC/TCCCC'
Ca1_8999479 ,'GTTTT/GTTT', 'GTTTT/GTTTT' ,'GTTTT/GTTT', 'GTTTT/GTTT'
Ca1_9122889 ,'CAAAAA/CAAAAA', 'CAAAAA/CAAAAAA' ,'CAAAAA/CAAAAAA', 'CAAAAA/CAAAAA'
Ca1_9230835 ,'CTTTTTTTTTT/CTTTTTTTTTT', 'CTTTTTTTTTT/CTTTTTTTTT' ,'CTTTTTTTTTT/CTTTTTTTTTT', 'CTTTTTTTTTT/CTTTTTTTTTT'
Ca1_9230846 ,'C/C', 'C/C' ,'C/C', 'C/CT'
Ca1_9249670 ,'ATC/ATC', 'A/ATC' ,'A/ATC', 'A/ATC'
Ca1_9249671 ,'GCTC/GCTC', 'GC/GCTC' ,'GC/GCTC', 'GC/GCTC'
Ca1_9277077 ,'TAAAAA/TAAAAAA', 'TAAAAA/TAAAAA' ,'TAAAAA/TAAAAAA', 'TAAAAA/TAAAAAA'
Ca1_9332117 ,'TAAAAA/TAAAA', 'TAAAAA/TAAAAA' ,'TAAAAA/TAAAA', 'TAAAAA/TAAAA'
Ca1_9364959 ,'GCCC/GCCC', 'GCCC/G' ,'GCCC/GCCC', 'GCCC/GCCC'
Ca1_9401602 ,'AT/AGT', 'AT/AT' ,'AT/AT', 'AT/AGT'
Ca1_9419641 ,'CTTTT/CTTTT', 'CTTTT/CTTTTT' ,'CTTTT/CTTTT', 'CTTTT/CTTTT'
Ca1_9426629 ,'TAAA/TAAA', 'TAAA/TAAA' ,'TAAA/TAAA', 'TAAA/TAAAA'
Ca1_9441784 ,'GAAAA/GAAAA', 'GAAAA/GAAAA' ,'GAAAA/GAAA', 'GAAAA/GAAAA'
Ca1_9441862 ,'TAAAA/TAAAAA', 'TAAAA/TAAAA' ,'TAAAA/TAAAA', 'TAAAA/TAAAA'
Ca1_9479142 ,'CTT/CTT', 'CTT/CTTT' ,'CTT/CTT', 'CTT/CTTT'
Ca1_9522859 ,'T/T', 'T/T' ,'T/T', 'G/G'
Ca1_9573899 ,'CAAAAAA/CAAAAAA', 'CAAAAAA/CAAAAA' ,'CAAAAAA/CAAAAAA', 'CAAAAAA/CAAAAAA'
Ca1_9594391 ,'T/T', 'T/T' ,'T/T', 'C/C'
Ca1_9651116 ,'CTTT/CTTT', 'CTTT/CTT' ,'CTTT/CTTT', 'CTTT/CTTT'
Ca1_9651209 ,'TAAA/TAA', 'TAAA/TAAA' ,'TAAA/TAAA', 'TAAA/TAAA'
Ca1_9800019 ,'CTT/CTTT', 'CTT/CTT' ,'CTT/CTT', 'CTT/CTTT'
Ca1_9817885 ,'CTTTTTT/CTTTTTTT', 'CTTTTTT/CTTTTTTT' ,'CTTTTTT/CTTTTTT', 'CTTTTTT/CTTTTTTT'
Ca1_9817891 ,'TA/TTAA', 'TA/TA' ,'TA/TTAA', 'TA/TTAA'
Ca1_9817892 ,'ATTTTTTTT/AATTTTTTTTT', 'ATTTTTTTT/ATTTTTTTT' ,'ATTTTTTTT/AATTTTTTTTT', 'ATTTTTTTT/AATTTTTTTTT'
Ca1_9835284 ,'CAA/CA', 'CAA/CA' ,'CAA/CAA', 'CAA/CA'
Ca1_9837328 ,'AGGGGG/AGGGGG', 'AGGGGG/AGGGGG' ,'AGGGGG/AGGGGGG', 'AGGGGG/AGGGGG'
Ca1_9850543 ,'CAAAA/CAAA', 'CAAAA/CAAAA' ,'CAAAA/CAAA', 'CAAAA/CAAA'
Ca1_9850565 ,'CAAAA/CAAAAA', 'CAAAA/CAAAA' ,'CAAAA/CAAAA', 'CAAAA/CAAAA'
Ca1_9858008 ,'CTTTT/CTTTTT', 'CTTTT/CTTTT' ,'CTTTT/CTTTTT', 'CTTTT/CTTTTT'
Ca1_9911183 ,'GTTTTTT/GTTTTTT', 'GTTTTTT/GTTTTT' ,'GTTTTTT/GTTTTTT', 'GTTTTTT/GTTTTTT'
Ca1_9993880 ,'GTTTTTTT/GTTTTTTTT', 'GTTTTTTT/GTTTTTTT' ,'GTTTTTTT/GTTTTTTT', 'GTTTTTTT/GTTTTTTTT'
Ca1_9999825 ,'AG/ACG', 'AG/ACG' ,'AG/ACG', 'AG/AG'
Ca1_9999833 ,'G/G', 'G/G' ,'G/G', 'A/A'
Ca1_9999888 ,'T/T', 'T/T' ,'T/T', 'C/C'
Ca1_10024112 ,'G/G', 'G/G' ,'G/G', 'C/C'
Ca1_10024204 ,'CAA/CAAA', 'CAA/CAA' ,'CAA/CAA', 'CAA/CAA'
Ca1_10044606 ,'TAAA/TAA', 'TAAA/TAAA' ,'TAAA/TAAA', 'TAAA/TAAA'
Ca1_10346954 ,'CAAAAAA/CAAAAAAA', 'CAAAAAA/CAAAAAA' ,'CAAAAAA/CAAAAAAA', 'CAAAAAA/CAAAAAA'
Ca1_10377938 ,'GCC/GCC', 'GCC/GC' ,'GCC/GCC', 'GCC/GCC'
Ca1_10567558 ,'ATTTTT/ATTTTTT', 'ATTTTT/ATTTTT' ,'ATTTTT/ATTTTTT', 'ATTTTT/ATTTTT'
Ca1_10649825 ,'CTTT/CTTTT', 'CTTT/CTTTT' ,'CTTT/CTTT', 'CTTT/CTTTT'
Ca1_10656545 ,'CTTTTT/CTTTT', 'CTTTTT/CTTTT' ,'CTTTTT/CTTTTT', 'CTTTTT/CTTTT'
Ca1_10656585 ,'GTTTT/GTTTTT', 'GTTTT/GTTTT' ,'GTTTT/GTTTT', 'GTTTT/GTTTTT'
Ca1_10743889 ,'ATTTT/ATTTTT', 'ATTTT/ATTTT' ,'ATTTT/ATTTT', 'ATTTT/ATTTTT'
Ca1_10743967 ,'ATTTTT/ATTTTT', 'ATTTTT/ATTTTT' ,'ATTTTT/ATTTTTT', 'ATTTTT/ATTTTT'
Ca1_10754372 ,'CAAAA/CAAAAA', 'CAAAA/CAAAA' ,'CAAAA/CAAAA', 'CAAAA/CAAAAA'
Ca1_10775365 ,'CAAAA/CAAAAA', 'CAAAA/CAAAA' ,'CAAAA/CAAAAA', 'CAAAA/CAAAAA'
Ca1_10788473 ,'CTT/CGTT', 'CTT/CTT' ,'CTT/CGTT', 'CTT/CTT'
Ca1_10792340 ,'CAAAA/CAAAA', 'CAAAA/CAAAAA' ,'CAAAA/CAAAA', 'CAAAA/CAAAA'
Ca1_10813879 ,'TAA/TAAA', 'TAA/TAA' ,'TAA/TAAA', 'TAA/TAA'
Ca1_11072185 ,'C/C', 'C/C' ,'C/C', 'C/CG'
Ca1_11072189 ,'TGGGG/TGGGG', 'TGGGG/TGGGGG' ,'TGGGG/TGGGGG', 'TGGGG/TGGGG'
Ca1_11072240 ,'CAAAAAA/CAAAAA', 'CAAAAAA/CAAAAA' ,'CAAAAA/CAAAAA', 'CAAAAAA/CAAAAA'
Ca1_11113671 ,'ATT/ATTT', 'ATT/ATT' ,'ATT/ATT', 'ATT/ATT'
Ca1_11166096 ,'CTTTT/CTTT', 'CTTTT/CTTTT' ,'CTTTT/CTTT', 'CTTTT/CTTT'
Ca1_11166177 ,'A/AT', 'A/A' ,'A/A', 'A/AT'
Ca1_11262464 ,'ATTTT/ATTT', 'ATTTT/ATTT' ,'ATTTT/ATTT', 'ATTTT/ATTTT'
Ca1_11262475 ,'A/A', 'A/A' ,'A/A', 'C/C'
Ca1_11288432 ,'CTTTT/CTTTT', 'CTTTT/CTTTTT' ,'CTTTT/CTTTTT', 'CTTTT/CTTTT'
Ca1_11309579 ,'ACC/AC', 'ACC/ACC' ,'ACC/ACC', 'ACC/ACC'
Ca1_11361299 ,'TGG/TGG', 'TGG/TGGG' ,'TGG/TGGG', 'TGG/TGG'
Ca1_11367304 ,'TAAAAAAA/TAAAAAAAA', 'TAAAAAAA/TAAAAAAA' ,'TAAAAAAA/TAAAAAAAA', 'TAAAAAAA/TAAAAAAA'
Ca1_11539408 ,'AAG/AAG', 'AAG/A' ,'AAG/AAG', 'AAG/AAG'
Ca1_11539410 ,'GTTTT/GTTTT', 'GTTTT/GTTT' ,'GTTTT/GTTTT', 'GTTTT/GTTTT'
Ca1_11539446 ,'GTTTT/GTTTT', 'GTTTT/GTTT' ,'GTTTT/GTTTT', 'GTTTT/GTTTT'
Ca1_11541328 ,'CAAA/CAAAA', 'CAAA/CAAA' ,'CAAA/CAAA', 'CAAA/CAAA'
Ca1_11543348 ,'CAAAA/CAAAA', 'CAAAA/CAAAAA' ,'CAAAA/CAAAA', 'CAAAA/CAAAAA'
Ca1_11571571 ,'CGG/CGG', 'CGG/CG' ,'CGG/CGG', 'CGG/CG'
Ca1_11609694 ,'TA/TA', 'TA/TA' ,'TA/TA', 'TA/TAA'
Ca1_11700179 ,'CTTTTT/CTTTTTT', 'CTTTTT/CTTTTT' ,'CTTTTT/CTTTTTT', 'CTTTTT/CTTTTT'
Ca1_11700954 ,'CTTTT/CTTT', 'CTTTT/CTTT' ,'CTTTT/CTTT', 'CTTTT/CTTTT'
Ca1_11721167 ,'CAAAA/CAAAAA', 'CAAAA/CAAAA' ,'CAAAA/CAAAAA', 'CAAAA/CAAAA'
Ca1_11724483 ,'GTTTTTT/GTTTTTT', 'GTTTTTT/GTTTTTT' ,'GTTTTTT/GTTTTTTT', 'GTTTTTT/GTTTTTT'
Ca1_11724560 ,'ATTTT/ATTTTT', 'ATTTT/ATTTT' ,'ATTTT/ATTTTT', 'ATTTT/ATTTTT'
Ca1_11858105 ,'T/T', 'T/T' ,'T/T', 'T/TA'
Ca1_11869189 ,'GTT/GTT', 'GTT/GTTT' ,'GTT/GTT', 'GTT/GTT'
Ca1_11972323 ,'GA/GA', 'GA/GTA' ,'GA/GTA', 'GA/GTA'
Ca1_11972333 ,'CTTTTTT/CTTTTTT', 'CTTTTTT/CTTTTTT' ,'CTTTTTT/CTTTTTT', 'CTTTTTT/CTTTTTTT'
Ca1_11984835 ,'GAAAA/GAAAA', 'GAAAA/GAAA' ,'GAAAA/GAAAA', 'GAAAA/GAAAA'
Ca1_12037950 ,'CAAA/CAA', 'CAAA/CAA' ,'CAAA/CAA', 'CAAA/CAAA'
Ca1_12037978 ,'CAAAA/CAAA', 'CAAAA/CAAAA' ,'CAAAA/CAAAA', 'CAAAA/CAAAA'
Ca1_12083490 ,'CTTT/CTTTT', 'CTTT/CTTT' ,'CTTT/CTTT', 'CTTT/CTTTT'
Ca1_12083556 ,'GAAAA/GAAA', 'GAAAA/GAAAA' ,'GAAAA/GAAAA', 'GAAAA/GAAAA'
Ca1_12083620 ,'ATTTT/ATTTTT', 'ATTTT/ATTTT' ,'ATTTT/ATTTTT', 'ATTTT/ATTTT'
Ca1_12133565 ,'G/G', 'G/G' ,'G/G', 'C/C'
Ca1_12294258 ,'ATTTTTTT/ATTTTTTT', 'ATTTTTTT/ATTTTTT' ,'ATTTTTTT/ATTTTTTT', 'ATTTTTTT/ATTTTTTT'
Ca1_12405554 ,'CGG/CGGG', 'CGG/CGG' ,'CGG/CGG', 'CGG/CGGG'
Ca1_12426844 ,'T/T', 'T/T' ,'T/T', 'C/C'
Ca1_12452687 ,'TCCCC/TCCCCC', 'TCCCC/TCCCC' ,'TCCCC/TCCCC', 'TCCCC/TCCCCC'
Ca1_12454081 ,'C/C', 'C/C' ,'C/C', 'C/CA'
Ca1_12454731 ,'CAAA/CAAAA', 'CAAA/CAAA' ,'CAAA/CAAAA', 'CAAA/CAAA'
Ca1_12556637 ,'AGG/AG', 'AGG/AGG' ,'AGG/AG', 'AGG/AGG'
Ca1_12557721 ,'ATTTT/ATTTT', 'ATTTT/ATTTTT' ,'ATTTT/ATTTTT', 'ATTTT/ATTTTT'
Ca1_12573038 ,'CTTTT/CTTTT', 'CTTTT/CTTT' ,'CTTTT/CTTTT', 'CTTTT/CTTT'
Ca1_12665594 ,'AGGGG/AGGGGG', 'AGGGG/AGGGG' ,'AGGGG/AGGGG', 'AGGGG/AGGGG'
Ca1_12742727 ,'CAAAAA/CAAAAA', 'CAAAAA/CAAAAA' ,'CAAAAA/CAAAA', 'CAAAAA/CAAAAA'
Ca1_12768850 ,'TG/TG', 'TG/TCCGATCG' ,'TG/TG', 'TG/TG'
Ca1_12785212 ,'GAAAAAA/GAAAAAA', 'GAAAAAA/GAAAAA' ,'GAAAAAA/GAAAAAA', 'GAAAAAA/GAAAAAA'
Ca1_12785355 ,'GAAAA/GAAAA', 'GAAAA/GAAA' ,'GAAAA/GAAAA', 'GAAAA/GAAAA'
Ca1_12787871 ,'TTGGT/TGT', 'TTGGT/TTGGT' ,'TTGGT/TTGGT', 'TTGGT/TGT'
Ca1_12836595 ,'TG/TG', 'TG/TG' ,'TG/TGG', 'TG/TG'
Ca1_12857982 ,'GT/GT', 'GT/GT' ,'GT/GT', 'GT/GTT'
Ca1_13149136 ,'ATT/ATTT', 'ATT/ATTT' ,'ATT/ATT', 'ATT/ATTT'
Ca1_13321832 ,'GTTTT/GTTTT', 'GTTTT/GTTTT' ,'GTTTT/GTTTTT', 'GTTTT/GTTTT'
Ca1_13435744 ,'TAAAAAA/TAAAAAAA', 'TAAAAAA/TAAAAAA' ,'TAAAAAA/TAAAAAAA', 'TAAAAAA/TAAAAAAA'
Ca1_13435750 ,'ATTT/ATTTT', 'ATTT/ATTT' ,'ATTT/ATTTT', 'ATTT/ATTTT'
Ca1_13524090 ,'CAA/CAA', 'CAA/CAAA' ,'CAA/CAA', 'CAA/CAAA'
Ca1_13539608 ,'TGGGGGG/TGGGGGGG', 'TGGGGGG/TGGGGGG' ,'TGGGGGG/TGGGGGGG', 'TGGGGGG/TGGGGGGG'
Ca1_13603700 ,'CTTTTTT/CTTTTTTT', 'CTTTTTT/CTTTTTT' ,'CTTTTTT/CTTTTTTT', 'CTTTTTT/CTTTTTTT'
Ca1_13663922 ,'CTTT/CTTTT', 'CTTT/CTTT' ,'CTTT/CTTTT', 'CTTT/CTTTT'
Ca1_13756282 ,'TA/TAA', 'TA/TA' ,'TA/TA', 'TA/TAA'
Ca1_13988042 ,'CAAA/CAAA', 'CAAA/CAA' ,'CAAA/CAA', 'CAAA/CAA'
Ca1_14008211 ,'TG/T', 'TG/T' ,'TG/T', 'TG/TG'
Ca1_14023207 ,'TAAAAAAA/TAAAAAAA', 'TAAAAAAA/TAAAAAAA' ,'TAAAAAAA/TAAAAAAA', 'TAAAAAAA/TAAAAAA'
Ca1_14023253 ,'TAAA/TAAAA', 'TAAA/TAAA' ,'TAAA/TAAA', 'TAAA/TAAAA'
Ca1_14174024 ,'ATT/AT', 'ATT/ATT' ,'ATT/AT', 'ATT/AT'
Ca1_14177099 ,'A/A', 'A/A' ,'A/A', 'G/G'
Ca1_14262996 ,'AT/AT', 'AT/AT' ,'AT/AT', 'AT/ATT'
Ca1_14493370 ,'T/T', 'C/C' ,'C/C', 'T/T'
Ca1_14493534 ,'ACCC/ACCCC', 'ACCC/ACCC' ,'ACCC/ACCCC', 'ACCC/ACCC'
Ca1_14493537 ,'CTTTTT/CTTTT', 'CTTTTT/CTTTT' ,'CTTTTT/CTTTT', 'CTTTTT/CTTTTT'
Ca1_14627576 ,'T/T', 'T/T' ,'T/TTC', 'T/T'
Ca1_14627577 ,'CTTTTT/CTTTTTT', 'CTTTTT/CTTTTT' ,'CTTTTT/CTTTTTT', 'CTTTTT/CTTTTT'
Ca1_14667756 ,'GAAAA/GAAAAA', 'GAAAA/GAAAA' ,'GAAAA/GAAAAA', 'GAAAA/GAAAAA'
Ca1_14670875 ,'ATTTT/ATTTT', 'ATTTT/ATTT' ,'ATTTT/ATTTT', 'ATTTT/ATTT'
Ca1_14810233 ,'CAAAA/CAAAA', 'CAAAA/CAAAA' ,'CAAAA/CAAAAA', 'CAAAA/CAAAA'
Ca1_14810240 ,'CAA/CAA', 'CAA/CAA' ,'CAA/CAA', 'CAA/CAAA'
Ca1_14866245 ,'GAAAA/GAAA', 'GAAAA/GAAAA' ,'GAAAA/GAAAA', 'GAAAA/GAAA'
Ca1_14866309 ,'TGG/TGG', 'TGG/TGG' ,'TGG/TAGG', 'TGG/TGG'
Ca1_14958472 ,'CAAA/CAAA', 'CAAA/CAA' ,'CAAA/CAA', 'CAAA/CAA'
Ca1_14964933 ,'A/AC', 'A/A' ,'A/A', 'A/A'
Ca1_14981831 ,'CAAA/CAAA', 'CAAA/CAA' ,'CAAA/CAAA', 'CAAA/CAAA'
Ca1_14981912 ,'GAAAA/GAAAA', 'GAAAA/GAAA' ,'GAAAA/GAAAA', 'GAAAA/GAAAA'
Ca1_15129348 ,'CTTTTT/CTTTTTT', 'CTTTTT/CTTTTTT' ,'CTTTTT/CTTTTTT', 'CTTTTT/CTTTTT'
Ca1_15130651 ,'CAAAA/CAAA', 'CAAAA/CAAAA' ,'CAAAA/CAAAA', 'CAAAA/CAAA'
Ca1_15193278 ,'ATTTT/ATTT', 'ATTTT/ATTTT' ,'ATTTT/ATTT', 'ATTTT/ATTTT'
Ca1_15199050 ,'CAA/CAAA', 'CAA/CAA' ,'CAA/CAAA', 'CAA/CAAA'
Ca1_15305745 ,'GTTTTT/GTTTTT', 'GTTTTT/GTTTT' ,'GTTTTT/GTTTTT', 'GTTTTT/GTTTT'
Ca1_15311429 ,'TCCC/TCCCC', 'TCCC/TCCC' ,'TCCC/TCCC', 'TCCC/TCCC'
Ca1_15311445 ,'ATTTTT/ATTTT', 'ATTTTT/ATTTTT' ,'ATTTTT/ATTTTT', 'ATTTTT/ATTTTT'
Ca1_15331027 ,'GAAAA/GAAAA', 'GAAAA/GAAA' ,'GAAAA/GAAAA', 'GAAAA/GAAAA'
Ca1_15349288 ,'CAAAAAAA/CAAAAAA', 'CAAAAAAA/CAAAAAA' ,'CAAAAAAA/CAAAAAA', 'CAAAAAAA/CAAAAAAA'
Ca1_15349713 ,'A/A', 'A/A' ,'A/AC', 'A/A'
Ca1_15376192 ,'TA/T', 'TA/TA' ,'TA/TA', 'TA/T'
Ca1_15381043 ,'ATT/ATT', 'ATT/ATTT' ,'ATT/ATTT', 'ATT/ATT'
Ca1_15392247 ,'TAAAAA/TAAAAA', 'TAAAAA/TAAAAAA' ,'TAAAAA/TAAAAAA', 'TAAAAA/TAAAAAA'
Ca1_15438348 ,'G/A', 'G/G' ,'G/A', 'G/A'
Ca1_15608636 ,'AGGGG/AGGGGG', 'AGGGG/AGGGG' ,'AGGGG/AGGGGG', 'AGGGG/AGGGG'
Ca1_15694974 ,'TCA/TA', 'TCA/TA' ,'TCA/TCA', 'TCA/TA'
Ca1_15710224 ,'ATTT/ATTT', 'ATTT/ATTT' ,'ATTT/ATTT', 'ATTT/ATTTT'
Ca1_15747074 ,'GAAAAA/GAAAAA', 'GAAAAA/GAAAA' ,'GAAAAA/GAAAAA', 'GAAAAA/GAAAAA'
Ca1_15804850 ,'GTT/GTTT', 'GTT/GTT' ,'GTT/GTTT', 'GTT/GTTT'
Ca1_15872426 ,'GTTTTTTTTTT/GTTTTTTTTTT', 'GTTTTTTTTTT/GTTTTTTTTT' ,'GTTTTTTTTTT/GTTTTTTTTTT', 'GTTTTTTTTTT/GTTTTTTTTTT'
Ca1_15872491 ,'ACCCC/ACCCCC', 'ACCCC/ACCCC' ,'ACCCC/ACCCCC', 'ACCCC/ACCCCC'
Ca1_15922290 ,'GCA/GCA', 'GCA/GA' ,'GCA/GCA', 'GCA/GA'
Ca1_15922386 ,'GAAAA/GAAA', 'GAAAA/GAAAA' ,'GAAAA/GAAAA', 'GAAAA/GAAA'
Ca1_15940169 ,'ATTTTTTT/ATTTTTTT', 'ATTTTTTT/ATTTTTTT' ,'ATTTTTTT/ATTTTTTT', 'ATTTTTTT/ATTTTTT'
Ca1_15944874 ,'GTT/GTT', 'GTT/GTT' ,'GTT/GTTT', 'GTT/GTT'
Ca1_15944882 ,'GTTTTT/GTTTTTT', 'GTTTTT/GTTTTT' ,'GTTTTT/GTTTTTT', 'GTTTTT/GTTTTTT'
Ca1_15954000 ,'TAAAA/TAAAA', 'TAAAA/TAAAA' ,'TAAAA/TAAAA', 'TAAAA/TAAAAA'
Ca1_15971599 ,'ATTT/ATTT', 'ATTT/ATTT' ,'ATTT/ATTTT', 'ATTT/ATTT'
Ca1_15971759 ,'ATT/ATTT', 'ATT/ATT' ,'ATT/ATT', 'ATT/ATT'
Ca1_15973358 ,'TCCCC/TCCCC', 'TCCCC/TCCCC' ,'TCCCC/TCCCCC', 'TCCCC/TCCCC'
Ca1_16000268 ,'TCCCC/TCCCC', 'TCCCC/TCCCC' ,'TCCCC/TCCCCC', 'TCCCC/TCCCC'
Ca1_16001149 ,'GCT/GCT', 'GATCTCT/GATCTCT' ,'GCT/GATCTCT', 'GATCTCT/GATCTCT'
Ca1_16034705 ,'CAAAA/CAAAAA', 'CAAAA/CAAAA' ,'CAAAA/CAAAAA', 'CAAAA/CAAAA'
Ca1_16034709 ,'ATTT/ATTT', 'ATTT/ATTT' ,'ATTT/ATTTT', 'ATTT/ATTT'
Ca1_16044686 ,'ATT/ATTT', 'ATT/ATTT' ,'ATT/ATT', 'ATT/ATTT'
Ca1_16044720 ,'ATTTTT/ATTTT', 'ATTTTT/ATTTTT' ,'ATTTTT/ATTTT', 'ATTTTT/ATTTT'
Ca1_16044754 ,'GAA/GAAA', 'GAA/GAA' ,'GAA/GAA', 'GAA/GAA'
Ca1_16056728 ,'CTTT/CTTT', 'CTTT/CTT' ,'CTTT/CTT', 'CTTT/CTT'
Ca1_16056747 ,'A/A', 'G/G' ,'G/G', 'A/A'
Ca1_16071694 ,'G/G', 'T/T' ,'T/T', 'G/G'
Ca1_16535016 ,'CTTTTTT/CTTTTT', 'CTTTTTT/CTTTTT' ,'CTTTTTT/CTTTTTT', 'CTTTTTT/CTTTTT'
Ca1_16564094 ,'GC/GC', 'GC/GAC' ,'GC/GC', 'GC/GC'
Ca1_16564121 ,'AGGG/AGGGG', 'AGGG/AGGG' ,'AGGG/AGGGG', 'AGGG/AGGGG'
Ca1_16564124 ,'GTTTTTTT/GTTTTTTTT', 'GTTTTTTT/GTTTTTTT' ,'GTTTTTTT/GTTTTTTT', 'GTTTTTTT/GTTTTTTTT'
Ca1_16580853 ,'GTTT/GTTT', 'GTTT/GTTTT' ,'GTTT/GTTT', 'GTTT/GTTT'
Ca1_16889462 ,'ATTTTTTTT/ATTTTTTTT', 'ATTTTTTTT/ATTTTTTTT' ,'ATTTTTTTT/ATTTTTTTT', 'ATTTTTTTT/ATTTTTTT'
Ca1_16891713 ,'CAAA/CAAAA', 'CAAA/CAAAA' ,'CAAA/CAAAA', 'CAAA/CAAA'
Ca1_16891720 ,'TAAAA/TAAAA', 'TAAAAA/TAAAA' ,'TAAAAA/TAAAA', 'TAAAAA/TAAAA'
Ca1_16891741 ,'TAAAA/TAAA', 'TAAAA/TAAA' ,'TAAAA/TAAAA', 'TAAAA/TAAA'
Ca1_16942209 ,'C/C', 'T/C' ,'C/C', 'C/C'
Ca1_16942223 ,'A/A', 'C/C' ,'A/C', 'C/C'
Ca1_16993752 ,'ATTTTTT/ATTTTTT', 'ATTTTTT/ATTTTTT' ,'ATTTTTT/ATTTTTT', 'ATTTTTT/ATTTTTTT'
Ca1_17102182 ,'CAAA/CAA', 'CAAA/CAA' ,'CAAA/CAAA', 'CAAA/CAA'
Ca1_17215823 ,'T/TA', 'T/T' ,'T/T', 'T/T'
Ca1_17396781 ,'TAAA/TAAAA', 'TAAA/TAAA' ,'TAAA/TAAAA', 'TAAA/TAAA'
Ca1_17396784 ,'ATTTTT/ATTTTTT', 'ATTTTT/ATTTTT' ,'ATTTTT/ATTTTT', 'ATTTTT/ATTTTT'
Ca1_17581603 ,'TAAAAAAAAA/TAAAAAAAAA', 'TAAAAAAAAA/TAAAAAAAA' ,'TAAAAAAAAA/TAAAAAAAA', 'TAAAAAAAAA/TAAAAAAAAA'
Ca1_17581635 ,'TAAA/TAAAA', 'TAAA/TAAA' ,'TAAA/TAAAA', 'TAAA/TAAA'
Ca1_17581638 ,'ATTTTT/ATTTTTT', 'ATTTTT/ATTTTT' ,'ATTTTT/ATTTTTT', 'ATTTTT/ATTTTT'
Ca1_17608507 ,'CTTTTTTT/CTTTTTTT', 'CTTTTTTT/CTTTTTT' ,'CTTTTTTT/CTTTTTTT', 'CTTTTTTT/CTTTTTTT'
Ca1_17664858 ,'GTTT/GTTT', 'GTTT/GTTT' ,'GTTT/GTTT', 'GTTT/GTTTT'
Ca1_17666128 ,'TA/TTAA', 'TA/TA' ,'TA/TTAA', 'TA/TTAA'
Ca1_17936462 ,'CTTTT/CTTTTT', 'CTTTT/CTTTTT' ,'CTTTT/CTTTTT', 'CTTTT/CTTTT'
Ca1_18017195 ,'TAAAAA/TAAAA', 'TAAAAA/TAAAAA' ,'TAAAAA/TAAAA', 'TAAAAA/TAAAA'
Ca1_18904620 ,'ATTTT/ATTTT', 'ATTTT/ATTT' ,'ATTTT/ATTTT', 'ATTTT/ATTT'
Ca1_19019502 ,'GAAAAA/GAAAAAA', 'GAAAAA/GAAAAAA' ,'GAAAAA/GAAAAAA', 'GAAAAA/GAAAAA'
Ca1_19028464 ,'CAAA/CAAAA', 'CAAA/CAAA' ,'CAAA/CAAA', 'CAAA/CAAAA'
Ca1_19028495 ,'GAAAAAA/GAAAAA', 'GAAAAAA/GAAAAAA' ,'GAAAAAA/GAAAAAA', 'GAAAAAA/GAAAAAA'
Ca1_19043955 ,'TAAAAAA/TAAAAA', 'TAAAAAA/TAAAAAA' ,'TAAAAAA/TAAAAAA', 'TAAAAAA/TAAAAA'
Ca1_19225953 ,'TCC/TC', 'TCC/TC' ,'TCC/TCC', 'TCC/TC'
Ca1_19715710 ,'ATTTTTT/ATTTTTT', 'ATTTTTT/ATTTTTT' ,'ATTTTTT/ATTTTTTT', 'ATTTTTT/ATTTTTT'
Ca1_20210828 ,'ATT/AT', 'ATT/AT' ,'ATT/AT', 'ATT/ATT'
Ca1_20210832 ,'ATTT/ATTTT', 'ATTT/ATTT' ,'ATTT/ATTTT', 'ATTT/ATTTT'
Ca1_20527765 ,'G/G', 'G/GT' ,'G/G', 'G/G'
Ca1_20531933 ,'AGC/AC', 'AGC/AGC' ,'AGC/AC', 'AGC/AGC'
Ca1_20537661 ,'ATTTT/ATTTTT', 'ATTTT/ATTTT' ,'ATTTT/ATTTT', 'ATTTT/ATTTT'
Ca1_20803414 ,'GT/GT', 'GT/GT' ,'GT/GT', 'GT/GTT'
Ca1_21539247 ,'ATTTTTT/ATTTTT', 'ATTTTTT/ATTTTTT' ,'ATTTTTT/ATTTTTT', 'ATTTTTT/ATTTTTT'
Ca1_21539299 ,'GTTTT/GTTTTT', 'GTTTT/GTTTT' ,'GTTTT/GTTTT', 'GTTTT/GTTTTT'
Ca1_21655932 ,'GAAAA/GAAA', 'GAAAA/GAAAA' ,'GAAAA/GAAAA', 'GAAAA/GAAAA'
Ca1_21658432 ,'ATT/ATT', 'ATT/AT' ,'ATT/AT', 'ATT/ATT'
Ca1_21836593 ,'C/A', 'C/C' ,'C/A', 'C/A'
Ca1_21836604 ,'G/T', 'G/G' ,'G/G', 'G/T'
Ca1_21959196 ,'TAA/TAAA', 'TAA/TAA' ,'TAA/TAAA', 'TAA/TAAA'
Ca1_21959260 ,'ATTT/ATTTT', 'ATTT/ATTT' ,'ATTT/ATTT', 'ATTT/ATTT'
Ca1_21962264 ,'CAAAA/CAAAA', 'CAAAA/CAAA' ,'CAAAA/CAAAA', 'CAAAA/CAAA'
Ca1_22153744 ,'CAAAA/CAAAA', 'CAAAA/CAAAA' ,'CAAAA/CAAAA', 'CAAAA/CAAA'
Ca1_22201992 ,'CTTTT/CTTT', 'CTTTT/CTTT' ,'CTTTT/CTTT', 'CTTTT/CTTTT'
Ca1_22282793 ,'G/G', 'A/A' ,'A/A', 'G/G'
Ca1_22335962 ,'C/C', 'T/T' ,'T/T', 'C/C'
Ca1_22337190 ,'CAAAA/CAAAAA', 'CAAAA/CAAAA' ,'CAAAA/CAAAAA', 'CAAAA/CAAAA'
Ca1_22362889 ,'C/C', 'T/T' ,'T/T', 'C/C'
Ca1_22363000 ,'TAAA/TAAAA', 'TAAA/TAAA' ,'TAAA/TAAA', 'TAAA/TAAA'
Ca1_22382100 ,'CAAA/CAAA', 'CAAA/CAAA' ,'CAAA/CAAAA', 'CAAA/CAAA'
Ca1_22382146 ,'TC/T', 'TC/TC' ,'TC/TC', 'TC/TC'
Ca1_22382258 ,'CAAAA/CAAAA', 'CAAAA/CAAA' ,'CAAAA/CAAAA', 'CAAAA/CAAAA'
Ca1_22417179 ,'ATT/AT', 'AT/AT' ,'ATT/AT', 'ATT/AT'
Ca1_22417209 ,'T/T', 'G/G' ,'G/G', 'T/G'
Ca1_22417265 ,'A/A', 'C/C' ,'C/C', 'A/A'
Ca1_22417295 ,'A/A', 'G/G' ,'G/G', 'A/A'
Ca1_22422244 ,'C/C', 'A/A' ,'A/A', 'C/C'
Ca1_23043627 ,'CTTTT/CTTT', 'CTTTT/CTTTT' ,'CTTTT/CTTTT', 'CTTTT/CTTT'
Ca1_23349551 ,'G/G', 'G/GA' ,'G/G', 'G/G'
Ca1_23349561 ,'CAAA/CAAA', 'CAAA/CAAA' ,'CAAA/CAAA', 'CAAA/CAAAA'
Ca1_23414002 ,'CAAAAA/CAAAAA', 'CAAAAA/CAAAA' ,'CAAAAA/CAAAAA', 'CAAAAA/CAAAAA'
Ca1_23972599 ,'CAAAA/CAAAA', 'CAAAA/CAAA' ,'CAAAA/CAAAA', 'CAAAA/CAAAA'
Ca1_24131373 ,'ATTTT/ATTTT', 'ATTTT/ATTTT' ,'ATTTT/ATTT', 'ATTTT/ATTTT'
Ca1_24150490 ,'ATTTT/ATTT', 'ATTTT/ATTT' ,'ATTTT/ATTT', 'ATTTT/ATTTT'
Ca1_24364224 ,'CTTTT/CTTTT', 'CTTTT/CTTTT' ,'CTTTT/CTTTT', 'CTTTT/CTTT'
Ca1_24668062 ,'C/C', 'T/T' ,'C/C', 'T/T'
Ca1_25051706 ,'ATTTTTT/ATTTTTT', 'ATTTTTT/ATTTTTT' ,'ATTTTTT/ATTTTT', 'ATTTTTT/ATTTTTT'
Ca1_25119590 ,'G/G', 'A/A' ,'A/A', 'G/G'
Ca1_25455970 ,'CTTTT/CTTTT', 'CTTTT/CTTTT' ,'CTTTT/CTTTT', 'CTTTT/CTTT'
Ca1_25835787 ,'TAAAA/TAAA', 'TAAAA/TAAA' ,'TAAAA/TAAAA', 'TAAAA/TAAA'
Ca1_25836084 ,'GTT/GTTT', 'GTT/GTTT' ,'GTT/GTTT', 'GTT/GTT'
Ca1_26102295 ,'T/T', 'A/A' ,'A/A', 'T/T'
Ca1_26228028 ,'CAAAAAA/CAAAAAA', 'CAAAAAA/CAAAAA' ,'CAAAAAA/CAAAAAA', 'CAAAAAA/CAAAAAA'
Ca1_26233862 ,'GTT/GTTT', 'GTT/GTTT' ,'GTT/GTTT', 'GTT/GTT'
Ca1_26233887 ,'T/T', 'T/TA' ,'T/TA', 'T/TA'
Ca1_26235744 ,'CTTTTT/CTTTT', 'CTTTTT/CTTTT' ,'CTTTTT/CTTTTT', 'CTTTTT/CTTTT'
Ca1_26235750 ,'ATT/ATT', 'ATT/ATT' ,'ATT/ATT', 'ATT/ATTT'
Ca1_26235759 ,'CTTTTTTTTT/CTTTTTTTTT', 'CTTTTTTTTT/CTTTTTTTTT' ,'CTTTTTTTTT/CTTTTTTTTT', 'CTTTTTTTTT/CTTTTTTTTTT'
Ca1_26235860 ,'GAAAA/GAAAA', 'GAAAA/GAAA' ,'GAAAA/GAAAA', 'GAAAA/GAAA'
Ca1_26283063 ,'G/G', 'C/C' ,'C/C', 'G/G'
Ca1_26868694 ,'CTTTTTT/CTTTTTTT', 'CTTTTTT/CTTTTTT' ,'CTTTTTT/CTTTTTTT', 'CTTTTTT/CTTTTTT'
Ca1_26869334 ,'GTT/GTT', 'GTT/GTTT' ,'GTT/GTT', 'GTT/GTT'
Ca1_26998838 ,'A/A', 'A/C' ,'A/A', 'A/A'
Ca1_27523031 ,'CAAAAAA/CAAAAAA', 'CAAAAAA/CAAAAAA' ,'CAAAAAA/CAAAAAAA', 'CAAAAAA/CAAAAAA'
Ca1_27523241 ,'TAAAAA/TAAAAA', 'TAAAAA/TAAAAA' ,'TAAAAA/TAAAAA', 'TAAAAA/TAAAA'
Ca1_27646927 ,'CTTTT/CTTTT', 'CTTTT/CTTTT' ,'CTTTT/CTTTT', 'CTTTT/CTTTTT'
Ca1_28435887 ,'ATTTT/ATTTT', 'ATTTT/ATTTT' ,'ATTTT/ATTTT', 'ATTTT/ATTT'
Ca1_28601121 ,'TAA/TAAA', 'TAA/TAA' ,'TAA/TAAA', 'TAA/TAAA'
Ca1_28601169 ,'A/A', 'A/T' ,'A/A', 'A/A'
Ca1_28601219 ,'CAA/CAAA', 'CAA/CAA' ,'CAA/CAAA', 'CAA/CAAA'
Ca1_28699542 ,'GTTTTTTT/GTTTTTTT', 'GTTTTTTT/GTTTTTTT' ,'GTTTTTTT/GTTTTTTT', 'GTTTTTTT/GTTTTTTTT'
Ca1_28741086 ,'CTTTT/CTTT', 'CTTTT/CTTTT' ,'CTTTT/CTTT', 'CTTTT/CTTT'
Ca1_28818671 ,'G/G', 'T/T' ,'T/T', 'G/G'
Ca1_28819288 ,'ATTTT/ATTT', 'ATTTT/ATTTT' ,'ATTTT/ATTTT', 'ATTTT/ATTT'
Ca1_29015589 ,'TAAAA/TAAAAA', 'TAAAA/TAAAA' ,'TAAAA/TAAAA', 'TAAAA/TAAAA'
Ca1_29015657 ,'TAAAAA/TAAAAAA', 'TAAAAA/TAAAAA' ,'TAAAAA/TAAAAA', 'TAAAAA/TAAAAAA'
Ca1_29114245 ,'ATTTTT/ATTTTTT', 'ATTTTT/ATTTTT' ,'ATTTTT/ATTTTTT', 'ATTTTT/ATTTTTT'
Ca1_30223191 ,'CAAAA/CAAAA', 'CAAAA/CAAAA' ,'CAAAA/CAAA', 'CAAAA/CAAAA'
Ca1_30384308 ,'TGGG/TGGG', 'TGGG/TGGGG' ,'TGGG/TGGG', 'TGGG/TGGG'
Ca1_30529494 ,'CTTT/CTTT', 'CTTTT/CTTT' ,'CTTTT/CTTT', 'CTTTT/CTTT'
Ca1_30577743 ,'T/C', 'C/C' ,'C/C', 'C/C'
Ca1_31218563 ,'GAAA/GAAA', 'GAAA/GAA' ,'GAAA/GAAA', 'GAAA/GAAA'
Ca1_31221609 ,'CAAAA/CAAA', 'CAAAA/CAAAA' ,'CAAAA/CAAAA', 'CAAAA/CAAAA'
Ca1_31221643 ,'CAG/CAG', 'CAG/CAGAGAG' ,'CAG/CAGAGAG', 'CAG/CAG'
Ca1_31221644 ,'AGCTG/AGCTG', 'AGCTG/AGCTG' ,'AGCTG/AGAGAGGCTG', 'AGCTG/AGCTG'
Ca1_31259852 ,'A/A', 'G/G' ,'G/G', 'A/A'
Ca1_31259901 ,'C/C', 'T/T' ,'T/T', 'C/C'
Ca1_31289078 ,'A/A', 'G/G' ,'G/G', 'A/A'
Ca1_31289126 ,'C/C', 'G/G' ,'G/G', 'C/C'
Ca1_31327006 ,'A/A', 'T/T' ,'T/T', 'A/A'
Ca1_31327065 ,'ACCC/ACCC', 'ACCC/ACCC' ,'ACCC/ACCCC', 'ACCC/ACCC'
Ca1_31327126 ,'G/G', 'A/A' ,'A/A', 'G/G'
Ca1_31327160 ,'T/T', 'C/C' ,'C/C', 'T/T'
Ca1_31424055 ,'ATTTT/ATTTT', 'ATTTT/ATTTT' ,'ATTTT/ATTTTT', 'ATTTT/ATTTT'
Ca1_31424088 ,'C/C', 'T/T' ,'T/T', 'C/C'
Ca1_31516648 ,'AGGG/AGGGG', 'AGGG/AGGGG' ,'AGGG/AGGGG', 'AGGG/AGGG'
Ca1_31516657 ,'AC/A', 'AC/AC' ,'AC/A', 'AC/AC'
Ca1_31557656 ,'C/A', 'C/A' ,'C/A', 'A/A'
Ca1_32255764 ,'C/C', 'T/T' ,'T/T', 'C/C'
Ca1_32255805 ,'AATATA/AATATA', 'AATA/AATA' ,'AATA/AATA', 'AATATA/AATATA'
Ca1_32749481 ,'C/C', 'T/C' ,'T/T', 'C/C'
Ca1_32912054 ,'GTTTTT/GTTTTT', 'GTTTTT/GTTTTTT' ,'GTTTTT/GTTTTT', 'GTTTTT/GTTTTT'
Ca1_32951077 ,'G/G', 'C/C' ,'C/C', 'G/G'
Ca1_32951096 ,'TAAAAA/TAAAAA', 'TAAAAA/TAAAAAA' ,'TAAAAA/TAAAAAA', 'TAAAAA/TAAAAAA'
Ca1_33019621 ,'CAAAAAA/CAAAAA', 'CAAAAA/CAAAAA' ,'CAAAAAA/CAAAAA', 'CAAAAAA/CAAAAA'
Ca1_33029364 ,'C/C', 'C/C' ,'C/T', 'C/C'
Ca1_33029388 ,'G/A', 'G/G' ,'G/G', 'G/G'
Ca1_33029422 ,'C/C', 'C/T' ,'T/T', 'C/C'
Ca1_33289458 ,'AGG/AG', 'AGG/AG' ,'AGG/AG', 'AGG/AGG'
Ca1_33289519 ,'GTT/GT', 'GTT/GTT' ,'GTT/GT', 'GTT/GTT'
Ca1_33430048 ,'G/G', 'A/A' ,'A/G', 'G/G'
Ca1_33549969 ,'T/T', 'G/G' ,'G/G', 'T/T'
Ca1_33552947 ,'TAAAA/TAAAA', 'TAAAA/TAAAA' ,'TAAAA/TAAAAA', 'TAAAA/TAAAA'
Ca1_33553033 ,'C/C', 'A/A' ,'A/A', 'C/C'
Ca1_33565446 ,'T/T', 'C/C' ,'C/C', 'T/T'
Ca1_33565500 ,'G/G', 'T/T' ,'T/T', 'G/G'
Ca1_33574495 ,'A/A', 'G/G' ,'G/G', 'A/A'
Ca1_33751901 ,'GAA/GA', 'GAA/GA' ,'GAA/GAA', 'GAA/GA'
Ca1_33807356 ,'A/AT', 'A/A' ,'A/A', 'A/AT'
Ca1_33807408 ,'GAAAA/GAAAA', 'GAAAA/GAAAA' ,'GAAAA/GAAA', 'GAAAA/GAAAA'
Ca1_33837450 ,'CTTTTT/CTTTTT', 'CTTTTT/CTTTTT' ,'CTTTTT/CTTTTT', 'CTTTTT/CTTTT'
Ca1_33837560 ,'CAAAA/CAAAA', 'CAAAA/CAAA' ,'CAAAA/CAAAA', 'CAAAA/CAAA'
Ca1_34267164 ,'CAAA/CAAA', 'CAAA/CAAAA' ,'CAAA/CAAA', 'CAAA/CAAA'
Ca1_34431057 ,'GAAAAA/GAAAA', 'GAAAAA/GAAAAA' ,'GAAAAA/GAAAA', 'GAAAAA/GAAAAA'
Ca1_34512939 ,'GAAAAAAAA/GAAAAAAAA', 'GAAAAAAAA/GAAAAAAA' ,'GAAAAAAAA/GAAAAAAAA', 'GAAAAAAAA/GAAAAAAA'
Ca1_34513113 ,'CAAAAAAAAA/CAAAAAAAA', 'CAAAAAAAAA/CAAAAAAAA' ,'CAAAAAAAAA/CAAAAAAAAA', 'CAAAAAAAAA/CAAAAAAAA'
Ca1_34880036 ,'C/C', 'T/T' ,'T/T', 'C/C'
Ca1_34909176 ,'CAAAAAAAAAAAA/CAAAAAAAAAAA', 'CAAAAAAAAAAAA/CAAAAAAAAAAA' ,'CAAAAAAAAAAAA/CAAAAAAAAAAAA', 'CAAAAAAAAAAAA/CAAAAAAAAAAA'
Ca1_34953183 ,'GT/GT', 'GT/G' ,'GT/GT', 'GT/G'
Ca1_35162290 ,'ACC/ACC', 'ACC/AC' ,'ACC/AC', 'ACC/AC'
Ca1_35162431 ,'TAAAA/TAAA', 'TAAAA/TAAA' ,'TAAAA/TAAAA', 'TAAAA/TAAA'
Ca1_35214658 ,'AGGGGG/AGGGGG', 'AGGGGG/AGGGGG' ,'AGGGGG/AGGGGGG', 'AGGGGG/AGGGGG'
Ca1_35229418 ,'CAA/CAA', 'CAA/CAA' ,'CAA/CAAA', 'CAA/CAA'
Ca1_35264774 ,'G/G', 'A/A' ,'A/A', 'G/G'
Ca1_35384821 ,'G/G', 'G/T' ,'G/G', 'G/T'
Ca1_35385691 ,'CTTTTT/CTTTTT', 'CTTTTT/CTTTTT' ,'CTTTTT/CTTTTT', 'CTTTTT/CTTTT'
Ca1_35387728 ,'ATTT/ATT', 'ATTT/ATTT' ,'ATTT/ATTT', 'ATTT/ATT'
Ca1_35388118 ,'ATTT/ATT', 'ATTT/ATT' ,'ATTT/ATTT', 'ATTT/ATT'
Ca1_35445539 ,'CAAAA/CAAAA', 'CAAAA/CAAA' ,'CAAAA/CAAAA', 'CAAAA/CAAAA'
Ca1_35445560 ,'GTTTTT/GTTTTT', 'GTTTTT/GTTTTT' ,'GTTTTT/GTTTTT', 'GTTTTT/GTTTTTT'
Ca1_35662106 ,'ATTTTT/ATTTTT', 'ATTTTT/ATTTT' ,'ATTTTT/ATTTTT', 'ATTTTT/ATTTTT'
Ca1_35745886 ,'ATTTT/ATTT', 'ATTTT/ATTT' ,'ATTTT/ATTT', 'ATTTT/ATTTT'
Ca1_35893014 ,'A/A', 'A/AG' ,'A/AG', 'A/A'
Ca1_36074292 ,'ATTTTT/ATTTT', 'ATTTTT/ATTTTT' ,'ATTTTT/ATTTT', 'ATTTTT/ATTTTT'
Ca1_36074744 ,'TAA/TAAA', 'TAA/TAA' ,'TAA/TAAA', 'TAA/TAA'
Ca1_36074747 ,'TAAAA/TAAA', 'TAAAA/TAAAA' ,'TAAAA/TAAAA', 'TAAAA/TAAAA'
Ca1_36250325 ,'GAAAA/GAAA', 'GAAAA/GAAA' ,'GAAAA/GAAAA', 'GAAAA/GAAA'
Ca1_36307499 ,'CAAAA/CAAAA', 'CAAAA/CAAA' ,'CAAAA/CAAA', 'CAAAA/CAAA'
Ca1_36321275 ,'C/CA', 'C/C' ,'C/C', 'C/C'
Ca1_36321368 ,'CAAA/CAAA', 'CAAA/CAAAA' ,'CAAA/CAAA', 'CAAA/CAAA'
Ca1_36466033 ,'TCCCC/TCCCCC', 'TCCCC/TCCCCC' ,'TCCCC/TCCCC', 'TCCCC/TCCCCC'
Ca1_36466051 ,'TGG/TG', 'TGG/TGG' ,'TGG/TG', 'TGG/TGG'
Ca1_36466097 ,'CAAAAA/CAAAAA', 'CAAAAA/CAAAA' ,'CAAAAA/CAAAAA', 'CAAAAA/CAAAAA'
Ca1_36467047 ,'TG/TG', 'TG/TG' ,'TG/TGG', 'TG/TG'
Ca1_36467179 ,'CTTT/CTTTT', 'CTTT/CTTT' ,'CTTT/CTTTT', 'CTTT/CTTT'
Ca1_36493499 ,'TAAAA/TAAAA', 'TAAAA/TAAA' ,'TAAAA/TAAA', 'TAAAA/TAAA'
Ca1_36494984 ,'ATTT/ATTT', 'ATTT/ATT' ,'ATTT/ATTT', 'ATTT/ATT'
Ca1_36495093 ,'CTTT/CTTTT', 'CTTT/CTTTT' ,'CTTT/CTTT', 'CTTT/CTTTT'
Ca1_36634287 ,'ATTTTT/ATTTT', 'ATTTT/ATTTT' ,'ATTTTT/ATTTT', 'ATTTTT/ATTTT'
Ca1_36734172 ,'ATTTT/ATTTTT', 'ATTTT/ATTTT' ,'ATTTT/ATTTTT', 'ATTTT/ATTTT'
Ca1_36763311 ,'CG/C', 'CG/CG' ,'CG/CG', 'CG/CG'
Ca1_36763506 ,'CTTTTT/CTTTTT', 'CTTTTT/CTTTTTT' ,'CTTTTT/CTTTTTT', 'CTTTTT/CTTTTTT'
Ca1_36763526 ,'TAAAA/TAAAAA', 'TAAAA/TAAAA' ,'TAAAA/TAAAAA', 'TAAAA/TAAAAA'
Ca1_36907643 ,'GAAA/GAAAA', 'GAAA/GAAA' ,'GAAA/GAAAA', 'GAAA/GAAA'
Ca1_36907648 ,'GAAAAA/GAAAAA', 'GAAAAA/GAAAAA' ,'GAAAAA/GAAAAAA', 'GAAAAA/GAAAAA'
Ca1_36907653 ,'AG/AG', 'AG/AG' ,'AG/AGG', 'AG/AG'
Ca1_38088282 ,'A/T', 'A/A' ,'A/A', 'A/T'
Ca1_38171837 ,'GAAAAAAAAAAA/GAAAAAAAAAAA', 'GAAAAAAAAAAA/GAAAAAAAAAA' ,'GAAAAAAAAAAA/GAAAAAAAAAAA', 'GAAAAAAAAAAA/GAAAAAAAAAAA'
Ca1_38226620 ,'TAAA/TAAA', 'TAAA/TAAA' ,'TAAA/TAAAA', 'TAAA/TAAA'
Ca1_38229096 ,'CA/CAA', 'CA/CA' ,'CA/CAA', 'CA/CAA'
Ca1_38891271 ,'TCCC/TCCC', 'TCCC/TCCCC' ,'TCCC/TCCC', 'TCCC/TCCC'
Ca1_38954176 ,'TAAA/TAAA', 'TAAA/TAAA' ,'TAAA/TAAA', 'TAAA/TAAAA'
Ca1_38993360 ,'CTTTTT/CTTTTTT', 'CTTTTT/CTTTTT' ,'CTTTTT/CTTTTT', 'CTTTTT/CTTTTTT'
Ca1_38993391 ,'AGGG/AGGGG', 'AGGG/AGGGG' ,'AGGG/AGGGG', 'AGGG/AGGG'
Ca1_39035303 ,'CG/CG', 'CG/C' ,'CG/CG', 'CG/CG'
Ca1_39328544 ,'CTTTT/CTTTT', 'CTTTT/CTTTTT' ,'CTTTT/CTTTTT', 'CTTTT/CTTTT'
Ca1_39330643 ,'GTTT/GTTT', 'GTTT/GTTT' ,'GTTT/GTTTT', 'GTTT/GTTT'
Ca1_39367323 ,'ATTTTT/ATTTT', 'ATTTTT/ATTTTT' ,'ATTTTT/ATTTTT', 'ATTTTT/ATTTTT'
Ca1_39388303 ,'CAAAA/CAAA', 'CAAAA/CAAA' ,'CAAAA/CAAAA', 'CAAAA/CAAA'
Ca1_39587147 ,'ATTT/ATTT', 'ATTT/ATT' ,'ATTT/ATTT', 'ATTT/ATTT'
Ca1_39592592 ,'A/AG', 'A/AG' ,'A/A', 'A/AG'
Ca1_39592623 ,'TAAA/TAAAA', 'TAAA/TAAA' ,'TAAA/TAAA', 'TAAA/TAAAA'
Ca1_40242600 ,'ATT/AT', 'ATT/ATT' ,'ATT/ATT', 'ATT/AT'
Ca1_40337808 ,'GCC/GCC', 'GCC/GCC' ,'GCC/GCCC', 'GCC/GCC'
Ca1_40337810 ,'CTTTTTT/CTTTTTT', 'CTTTTTT/CTTTTTT' ,'CTTTTTT/CTTTTTTT', 'CTTTTTT/CTTTTTT'
Ca1_40337996 ,'T/T', 'T/T' ,'T/A', 'T/T'
Ca1_40338056 ,'C/C', 'C/C' ,'C/T', 'C/C'
Ca1_40338065 ,'C/C', 'C/C' ,'C/A', 'C/C'
Ca1_40338068 ,'C/T', 'T/T' ,'C/T', 'C/T'
Ca1_40473598 ,'TGG/TGGG', 'TGG/TGG' ,'TGG/TGG', 'TGG/TGG'
Ca1_40555314 ,'GAAAA/GAAAA', 'GAAAA/GAAA' ,'GAAAA/GAAAA', 'GAAAA/GAAA'
Ca1_41003246 ,'CTTT/CTTT', 'CTTT/CTTT' ,'CTTT/CTTTT', 'CTTT/CTTT'
Ca1_41003249 ,'TA/TA', 'TA/TAA' ,'TA/TA', 'TA/TA'
Ca1_41003250 ,'ATTTT/ATTTT', 'ATTTT/ATTTTT' ,'ATTTT/ATTTTT', 'ATTTT/ATTTT'
Ca1_41525689 ,'TAAA/TAAA', 'TAAA/TAAA' ,'TAAA/TAAAA', 'TAAA/TAAA'
Ca1_41525699 ,'CAAAAAAA/CAAAAAAA', 'CAAAAAAA/CAAAAAA' ,'CAAAAAAA/CAAAAAAA', 'CAAAAAAA/CAAAAAAA'
Ca1_41623384 ,'GCCCCCC/GCCCCCC', 'GCCCCCC/GCCCCCCC' ,'GCCCCCC/GCCCCCC', 'GCCCCCC/GCCCCCC'
Ca1_41623390 ,'CAAAAA/CAAAAA', 'CAAAAA/CCAAAAAA' ,'CAAAAA/CCAAAAAA', 'CAAAAA/CAAAAA'
Ca1_41758668 ,'CAAAAA/CAAAAA', 'CAAAAA/CAAAAA' ,'CAAAAA/CAAAAA', 'CAAAAA/CAAAAAA'
Ca1_41879174 ,'TAAAA/TAAAA', 'TAAAA/TAAA' ,'TAAAA/TAAA', 'TAAAA/TAAA'
Ca1_42075496 ,'C/C', 'C/C' ,'C/A', 'C/C'
Ca1_43283864 ,'CTTTTT/CTTTT', 'CTTTTT/CTTTTT' ,'CTTTTT/CTTTTT', 'CTTTTT/CTTTT'
Ca1_43283913 ,'ATTTT/ATTTTT', 'ATTTT/ATTTTT' ,'ATTTT/ATTTTT', 'ATTTT/ATTTT'
Ca1_43285491 ,'GAAAAAAA/GAAAAAA', 'GAAAAAAA/GAAAAAA' ,'GAAAAAAA/GAAAAAAA', 'GAAAAAAA/GAAAAAA'
Ca1_43692897 ,'G/GT', 'G/G' ,'G/GT', 'G/G'
Ca1_43830879 ,'ATTTT/ATTTT', 'ATTTT/ATTTTT' ,'ATTTT/ATTTT', 'ATTTT/ATTTT'
Ca1_43986345 ,'CAA/CAAA', 'CAA/CAA' ,'CAA/CAAA', 'CAA/CAAA'
Ca1_43986377 ,'GCT/GCTCT', 'GCT/GCT' ,'GCT/GCT', 'GCT/GCT'
Ca1_43986510 ,'C/CT', 'C/C' ,'C/C', 'C/C'
Ca1_44021450 ,'GTTT/GTTT', 'GTTT/GTT' ,'GTTT/GTTT', 'GTTT/GTTT'
Ca1_44053745 ,'CTTT/CTTT', 'CTTT/CTTT' ,'CTTT/CTTTT', 'CTTT/CTTT'
Ca1_44142872 ,'ATTTT/ATTTTT', 'ATTTT/ATTTT' ,'ATTTT/ATTTT', 'ATTTT/ATTTT'
Ca1_44142876 ,'T/T', 'T/TTC' ,'T/TTC', 'T/TTC'
Ca1_44142877 ,'CTTTT/CTTTT', 'CTTTT/CTTTTT' ,'CTTTT/CTTTTT', 'CTTTT/CTTTTT'
Ca1_44576217 ,'GAT/GAT', 'GAT/GTAT' ,'GAT/GAT', 'GAT/GTAT'
Ca1_44576236 ,'GTTT/GTTTT', 'GTTT/GTTTT' ,'GTTT/GTTTT', 'GTTT/GTTT'
Ca1_44850581 ,'GAAA/GAAA', 'GAAA/GAAAA' ,'GAAA/GAAA', 'GAAA/GAAAA'
Ca1_44934373 ,'CG/C', 'CG/C' ,'CG/C', 'CG/CG'
Ca1_44974351 ,'GTTTTTT/GTTTTT', 'GTTTTTT/GTTTTTT' ,'GTTTTTT/GTTTTTT', 'GTTTTTT/GTTTTTT'
Ca1_44974369 ,'CTTTT/CTTT', 'CTTTT/CTTTT' ,'CTTTT/CTTTT', 'CTTTT/CTTTT'
Ca1_44974420 ,'ATT/ATT', 'ATT/ATT' ,'ATT/ATTT', 'ATT/ATT'
Ca1_44985317 ,'CTTTT/CTTTT', 'CTTTT/CTTTTT' ,'CTTTT/CTTTTT', 'CTTTT/CTTTTT'
Ca1_45059279 ,'AGG/AGG', 'AGG/AG' ,'AGG/AG', 'AGG/AG'
Ca1_45059737 ,'ACC/ACC', 'ACC/AC' ,'ACC/ACC', 'ACC/AC'
Ca1_45061568 ,'CTTTTT/CTTTTTT', 'CTTTTT/CTTTTTT' ,'CTTTTT/CTTTTT', 'CTTTTT/CTTTTTT'
Ca1_45061592 ,'GTTTTTTTT/GTTTTTTT', 'GTTTTTTTT/GTTTTTTTT' ,'GTTTTTTTT/GTTTTTTTT', 'GTTTTTTTT/GTTTTTTTT'
Ca1_45072930 ,'CAAAA/CAAAAA', 'CAAAA/CAAAAA' ,'CAAAA/CAAAAA', 'CAAAA/CAAAA'
Ca1_45072949 ,'GTTTT/GTTT', 'GTTTT/GTTT' ,'GTTTT/GTTT', 'GTTTT/GTTTT'
Ca1_45089071 ,'ATTTT/ATTTT', 'ATTTT/ATTTT' ,'ATTTT/ATTTTT', 'ATTTT/ATTTT'
Ca1_45198943 ,'CTTT/CTTT', 'CTTT/CTTTT' ,'CTTT/CTTTT', 'CTTT/CTTTT'
Ca1_45339610 ,'CAAAA/CAAAA', 'CAAAA/CAAAA' ,'CAAAA/CAAAA', 'CAAAA/CAAA'
Ca1_45381644 ,'AGGG/AGGG', 'AGGG/AGGG' ,'AGGG/AGGGG', 'AGGG/AGGG'
Ca1_45381670 ,'TAAAAAAA/TAAAAAAA', 'TAAAAAAA/TAAAAAA' ,'TAAAAAAA/TAAAAAAA', 'TAAAAAAA/TAAAAAA'
Ca1_45389066 ,'GAAA/GAAA', 'GAAA/GAAA' ,'GAAA/GAAA', 'GAAA/GAAAA'
Ca1_45397715 ,'T/T', 'G/G' ,'G/G', 'T/T'
Ca1_45411563 ,'C/C', 'T/T' ,'T/T', 'C/C'
