Ca1_150,A/T,A/A,T/T,
 ,41,147,33,
Ca1_228,C/C,C/G,G/G,
 ,162,35,24,
Ca1_80241,./.,ATTTTT/ATTTT,ATTTTT/ATTTTT,ATTTT/ATTTT,
 ,13,186,2,20,
Ca1_80294,TAAA/TAAAA,./.,TAAA/TAAA,
 ,134,32,55,
Ca1_80298,./.,TAAAA/TAAAA,TAAAA/TAAAAA,
 ,42,83,96,
Ca1_80330,./.,AT/ATT,AT/AT,
 ,36,84,101,
Ca1_137981,./.,CAAAA/CAAAAA,CAAAA/CAAAA,
 ,13,78,130,
Ca1_138099,./.,ATTT/ATTT,ATTT/ATT,
 ,6,157,58,
Ca1_152199,./.,CAAAA/CAAAA,CAAAA/CAAA,CAAA/CAAA,
 ,29,110,81,1,
Ca1_179509,TAAA/TAAAA,./.,TAAAA/TAAAA,TAAA/TAAA,
 ,133,10,1,77,
Ca1_186117,./.,CTTTT/CTTT,CTTTT/CTTTT,
 ,22,54,145,
Ca1_254607,./.,CAA/CAA,CAA/CAAA,
 ,24,104,93,
Ca1_275454,./.,ATTTT/ATTTT,ATTTT/ATTT,
 ,2,148,71,
Ca1_281586,./.,CAAA/CAAAA,CAAAA/CAAAA,CAAA/CAAA,
 ,31,169,4,17,
Ca1_281589,./.,ATTT/ATTTT,ATTT/ATTT,ATTTT/ATTTT,
 ,33,150,33,5,
Ca1_333974,./.,A/G,G/G,A/A,
 ,1,2,127,91,
Ca1_363821,./.,A/G,G/G,A/A,
 ,13,4,119,85,
Ca1_363863,./.,ATTT/ATTT,ATTT/ATT,
 ,20,22,179,
Ca1_373028,./.,TAAAAA/TAAAAA,TAAAAA/TAAAA,
 ,12,70,139,
Ca1_382123,./.,CAAAA/CAAAA,CAAAA/CAAA,
 ,19,108,94,
Ca1_391435,./.,GTTTTTTTTT/GTTTTTTTT,GTTTTTTTTT/GTTTTTTTTT,
 ,43,39,139,
Ca1_401639,./.,C/C,C/A,A/A,
 ,24,27,124,46,
Ca1_426088,./.,T/TC,T/T,
 ,41,58,122,
Ca1_466258,ATTTTTTT/ATTTTTTT,./.,ATTTTTTT/ATTTTTT,
 ,154,16,51,
Ca1_466446,./.,GAAAAA/GAAAA,GAAAAA/GAAAAA,
 ,4,182,35,
Ca1_476223,./.,GTTTTTT/GTTTTTTT,GTTTTTT/GTTTTTT,
 ,19,45,157,
Ca1_526705,./.,GAAA/GAAA,GAAA/GAA,
 ,5,146,70,
Ca1_537285,./.,GA/GTA,GA/GA,
 ,7,48,166,
Ca1_538896,TAAA/TAAAA,./.,TAAA/TAAA,
 ,174,2,45,
Ca1_554250,./.,ATTT/ATTT,ATTT/ATT,ATT/ATT,
 ,34,54,132,1,
Ca1_585332,./.,ATTT/ATTTT,ATTT/ATTT,
 ,25,50,146,
Ca1_585340,GTTTT/GTTTT,./.,GTTTT/GTTTTT,
 ,121,21,79,
Ca1_585364,./.,CAAAA/CAAAA,CAAAA/CAAA,CAAA/CAAA,
 ,16,41,163,1,
Ca1_602472,./.,AGGGG/AGGGGG,AGGGG/AGGGG,
 ,36,63,122,
Ca1_623246,./.,ATTTTT/ATTTTT,ATTTTT/ATTTT,
 ,6,141,74,
Ca1_628253,CAAA/CAA,./.,CAAA/CAAA,
 ,151,10,60,
Ca1_642519,TAAA/TAAAA,./.,TAAA/TAAA,
 ,53,17,151,
Ca1_642601,./.,CTTT/CTTT,CTTT/CTTTT,
 ,3,99,119,
Ca1_642667,TCG/TCG,TG/TCG,./.,TG/TG,
 ,120,90,2,9,
Ca1_642668,./.,G/GT,GT/GT,G/G,
 ,2,90,120,9,
Ca1_642775,./.,TAAAAA/TAAAAA,TAAAAA/TAAAA,
 ,1,67,153,
Ca1_678067,./.,C/C,C/A,
 ,20,51,150,
Ca1_678068,A/C,./.,A/A,
 ,147,20,54,
Ca1_678174,./.,ATTT/ATTTT,ATTT/ATTT,
 ,1,82,138,
Ca1_686782,./.,ATTTT/ATTTT,ATTTT/ATTT,
 ,1,157,63,
Ca1_776277,./.,GAAAA/GAAAA,GAAAA/GAAA,
 ,4,138,79,
Ca1_776313,./.,CAAAAA/CAAAAA,CAAAAA/CAAAAAA,
 ,5,167,49,
Ca1_795155,GT/GTT,./.,GT/GT,
 ,110,20,91,
Ca1_798417,./.,TAAA/TAAA,TAAA/TAA,
 ,11,87,123,
Ca1_799866,TGGG/TGGGG,./.,TGGG/TGGG,
 ,130,1,90,
Ca1_828293,./.,ATTTTTT/ATTTTTT,ATTTTTT/ATTTTT,
 ,4,165,52,
Ca1_828301,./.,ATT/ATTT,ATT/ATT,
 ,1,213,7,
Ca1_861705,GTTTT/GTTTT,./.,GTTTT/GTTTTT,
 ,159,13,49,
Ca1_883696,./.,CTTTT/CTTT,CTTTT/CTTTT,
 ,3,90,128,
Ca1_913569,./.,AG/AG,AG/A,
 ,32,122,67,
Ca1_920388,GTTTT/GTTTT,./.,GTTT/GTTT,GTTTT/GTTT,
 ,40,25,1,155,
Ca1_931963,./.,ATTTT/ATTTT,ATTTT/ATTT,
 ,17,136,68,
Ca1_931983,./.,CTTTTTTT/CTTTTTTT,CTTTTTTT/CTTTTTT,
 ,19,98,104,
Ca1_931992,./.,ATTTT/ATTTTT,ATTTT/ATTTT,
 ,18,99,104,
Ca1_953894,./.,GAAAAAA/GAAAAAA,GAAAAAA/GAAAAA,
 ,7,39,175,
Ca1_989676,./.,A/AC,A/A,
 ,34,114,73,
Ca1_991795,./.,TAA/TAA,TAAA/TAAA,TAAA/TAA,
 ,20,2,111,88,
Ca1_991797,./.,AATT/AATT,AATT/AT,
 ,18,136,67,
Ca1_991798,./.,ATTTTTT/ATTTTTT,ATTTTTT/ATTTTT,ATTTTT/ATTTTT,
 ,8,6,167,40,
Ca1_1042645,./.,CAAAAA/CAAAAA,CAAAA/CAAAA,CAAAAA/CAAAA,
 ,7,17,2,195,
Ca1_1109703,GTTTT/GTTTT,./.,GTTTT/GTTTTT,
 ,163,14,44,
Ca1_1111106,./.,TAAAA/TAAAA,TAAAA/TAAAAA,
 ,29,101,91,
Ca1_1144981,ATC/AC,./.,ATC/ATC,
 ,57,39,125,
Ca1_1162304,C/C,A/A,C/A,
 ,125,93,3,
Ca1_1226932,./.,ATT/ATT,ATT/ATTT,
 ,2,169,50,
Ca1_1272138,GAA/GAAA,./.,GAA/GAA,
 ,45,7,169,
Ca1_1302092,./.,CAAAA/CAAAA,CAAAA/CAAA,
 ,13,142,66,
Ca1_1312158,TAAA/TAAAA,./.,TAAA/TAAA,
 ,65,13,143,
Ca1_1312175,CAAA/CAA,./.,CAAA/CAAA,
 ,64,13,144,
Ca1_1312876,./.,GAAAAA/GAAAA,GAAAAA/GAAAAA,
 ,6,68,147,
Ca1_1328444,./.,G/GAGAT,G/G,GAGAT/GAGAT,
 ,39,133,27,22,
Ca1_1328468,./.,CCG/C,CCG/CCG,
 ,2,119,100,
Ca1_1328469,CGG/CGG,./.,CGG/CG,
 ,164,2,55,
Ca1_1419163,./.,ATTTT/ATTTT,ATTTT/ATTT,
 ,2,127,92,
Ca1_1429183,./.,GTTTTT/GTTTT,GTTTTT/GTTTTT,
 ,39,85,97,
Ca1_1429320,GAAAAAAA/GAAAAAA,./.,GAAAAAA/GAAAAAA,GAAAAAAA/GAAAAAAA,
 ,89,42,2,88,
Ca1_1439201,./.,CTT/CTT,CTT/CTTT,
 ,40,59,122,
Ca1_1439204,./.,A/AT,A/A,
 ,40,46,135,
Ca1_1519676,./.,A/T,A/A,T/T,
 ,9,54,157,1,
Ca1_1548660,./.,TAAAAAAAA/TAAAAAAAA,TAAAAAAAA/TAAAAAAA,
 ,5,155,61,
Ca1_1617625,./.,TAAAA/TAAAA,TAAAA/TAAA,
 ,5,125,91,
Ca1_1627558,./.,ATTT/ATTT,ATTT/ATT,ATT/ATT,
 ,37,6,174,4,
Ca1_1782194,GTTTT/GTTTT,./.,GTTTT/GTTTTT,
 ,140,38,43,
Ca1_1788372,./.,GAAAAAA/GAAAAAA,GAAAAAA/GAAAAA,
 ,6,114,101,
Ca1_1820995,./.,CTTTTTTT/CTTTTTTT,CTTTTTTTT/CTTTTTTT,CTTTTTTTT/CTTTTTTTT,
 ,14,2,109,96,
Ca1_1837118,GTTTT/GTTTT,./.,GTTTT/GTTT,
 ,162,15,44,
Ca1_1869500,A/T,A/A,
 ,130,91,
Ca1_1906887,./.,TCCC/TCCC,TCCC/TCC,TCC/TCC,
 ,1,8,209,3,
Ca1_1939525,./.,CAA/CAAA,CAA/CAA,
 ,3,81,137,
Ca1_1940833,./.,GAAAA/GAAAAA,GAAAA/GAAAA,
 ,8,72,141,
Ca1_1951806,TAA/TAA,./.,TAA/TAAA,
 ,164,13,44,
Ca1_1994434,GAA/GAAA,./.,GAA/GAA,
 ,48,23,150,
Ca1_1994455,./.,TAAAA/TAAAA,TAAA/TAAA,TAAAA/TAAA,
 ,24,40,1,156,
Ca1_2044688,./.,A/T,A/A,T/T,
 ,5,205,9,2,
Ca1_2051333,./.,TTG/T,TTG/TTG,T/T,
 ,42,130,11,38,
Ca1_2051450,./.,TAAAA/TAAAA,TAAAA/TAAA,
 ,5,161,55,
Ca1_2063012,./.,AGGGG/AGGGGG,AGGGG/AGGGG,
 ,2,74,145,
Ca1_2104731,./.,CAAAAA/CAAAAA,CAAAAA/CAAAAAA,
 ,3,149,69,
Ca1_2126911,./.,G/GT,G/G,
 ,42,84,95,
Ca1_2205991,./.,TAAAA/TAAAA,TAAAA/TAAA,
 ,3,141,77,
Ca1_2352054,./.,CTT/CTT,CTT/CTTT,
 ,8,15,198,
Ca1_2362483,./.,ATTTTT/ATTTTT,ATTTTT/ATTTT,
 ,2,63,156,
Ca1_2368919,CGG/CGG,./.,CGG/CG,
 ,142,6,73,
Ca1_2368992,./.,CAG/CAGAG,CAG/CAG,
 ,41,96,84,
Ca1_2368994,./.,GAC/GAC,GC/GAC,GC/GC,
 ,11,3,157,50,
Ca1_2368995,./.,C/C,C/CG,CG/CG,
 ,11,50,157,3,
Ca1_2368996,./.,T/TA,TA/TA,T/T,
 ,11,157,3,50,
Ca1_2369886,./.,ATTTTTTTT/ATTTTTTTT,ATTTTTTTTT/ATTTTTTTTT,ATTTTTTTT/ATTTTTTTTT,
 ,39,104,2,76,
Ca1_2407997,./.,GAAAA/GAAAA,GAAAA/GAAA,
 ,27,19,175,
Ca1_2452000,./.,CTTT/CTTT,CTTTT/CTTT,CTTTT/CTTTT,
 ,23,4,167,27,
Ca1_2459397,./.,GAAAAAA/GAAAAAA,GAAAAAA/GAAAAA,
 ,4,156,61,
Ca1_2495653,./.,GAA/GAA,GAA/GA,
 ,21,25,175,
Ca1_2534826,./.,CTTTT/CTTTTT,CTTTT/CTTTT,
 ,9,75,137,
Ca1_2535047,TAA/TAA,TAA/TA,
 ,25,196,
Ca1_2554345,./.,TAAAAAA/TAAAAAA,TAAAAA/TAAAAA,TAAAAA/TAAAAAA,
 ,11,4,11,195,
Ca1_2554350,./.,ATTT/ATTTT,ATTT/ATTT,ATTTT/ATTTT,
 ,14,188,17,2,
Ca1_2583542,CAAA/CAA,CAAA/CAAA,
 ,142,79,
Ca1_2583895,./.,CAAAAAA/CAAAAA,CAAAAAA/CAAAAAA,
 ,3,51,167,
Ca1_2583909,./.,CAAAA/CAAAA,CAAAA/CAAA,
 ,4,173,44,
Ca1_2583940,./.,CAAAA/CAAAA,CAAAA/CAAA,
 ,7,170,44,
Ca1_2632946,CAAA/CAA,./.,CAAA/CAAA,
 ,69,4,148,
Ca1_2648153,./.,CTTTT/CTTTTT,CTTTT/CTTTT,
 ,33,84,104,
Ca1_2687090,./.,ATT/ATTT,ATT/ATT,
 ,5,95,121,
Ca1_2687105,./.,GTTTTTT/GTTTTTT,GTTTTTT/GTTTTT,
 ,5,87,129,
Ca1_2689065,./.,ATTTTT/ATTTT,ATTTTT/ATTTTT,
 ,7,63,151,
Ca1_2825585,./.,CAAAA/CAAAA,CAAAA/CAAA,CAAA/CAAA,
 ,20,73,127,1,
Ca1_2835953,./.,G/GT,G/G,
 ,3,47,171,
Ca1_2930551,./.,CTTTT/CTTTTT,CTTTT/CTTTT,
 ,7,43,171,
Ca1_2930555,./.,TCCCCC/TCCCCCC,TCCCCC/TCCCCC,
 ,6,178,37,
Ca1_2930560,./.,CTT/CTT,CTT/CTTT,
 ,6,121,94,
Ca1_2931607,CAAAAAAAAAA/CAAAAAAAAAA,./.,CAAAAAAAAAA/CAAAAAAAAA,CAAAAAAAAA/CAAAAAAAAA,
 ,42,11,136,32,
Ca1_2964140,./.,GAAAAA/GAAAA,GAAAAA/GAAAAA,
 ,2,97,122,
Ca1_2980550,AT/A,AT/AT,
 ,142,79,
Ca1_3013051,./.,TCCCCCCC/TCCCCCCC,TCCCCCC/TCCCCCCC,TCCCCCC/TCCCCCC,
 ,20,5,185,11,
Ca1_3083587,./.,CAAAAAA/CAAAAAA,CAAAAAA/CAAAAAAA,
 ,4,138,79,
Ca1_3115268,./.,CTTTT/CTTTTT,CTTTT/CTTTT,CTTTTT/CTTTTT,
 ,2,98,120,1,
Ca1_3143750,./.,ATTTTTT/ATTTTTT,ATTTTTT/ATTTTT,
 ,9,95,117,
Ca1_3154413,./.,GAAAA/GAAAAA,GAAAA/GAAAA,
 ,34,43,144,
Ca1_3208818,./.,G/GT,G/G,
 ,31,75,115,
Ca1_3248863,./.,ATTTTT/ATTTTTT,ATTTTT/ATTTTT,
 ,13,48,160,
Ca1_3250391,./.,CAAAAA/CAAAAA,CAAAAA/CAAAAAA,
 ,18,145,58,
Ca1_3348632,TAA/TAA,./.,TAA/TAAA,
 ,147,17,57,
Ca1_3362948,./.,ATTTTT/ATTTTT,ATTTTT/ATTTT,
 ,43,54,124,
Ca1_3376209,./.,ATTTTT/ATTTTTT,ATTTTT/ATTTTT,
 ,18,116,87,
Ca1_3396276,./.,TAAAA/TAAAA,TAAAA/TAAA,
 ,4,54,163,
Ca1_3414092,./.,TAAAA/TAAAA,TAAA/TAAA,TAAAA/TAAA,
 ,2,41,2,176,
Ca1_3426240,./.,TAAAAA/TAAAAA,TAAAAA/TAAAAAA,
 ,15,164,42,
Ca1_3432428,./.,CAAAAA/CAAAAA,CAAAAA/CAAAA,
 ,26,127,68,
Ca1_3468854,./.,CAAAAAA/CAAAAA,CAAAAAA/CAAAAAA,
 ,42,48,131,
Ca1_3468986,./.,TAAAAAAAA/TAAAAAAAA,TAAAAAAAA/TAAAAAAA,
 ,41,139,41,
Ca1_3469034,./.,GAAAA/GAAAA,GAAAA/GAAA,
 ,7,165,49,
Ca1_3521694,./.,TAAAAA/TAAAAA,TAAAAA/TAAAA,
 ,38,106,77,
Ca1_3549779,./.,GCC/GC,GCC/GCC,
 ,2,92,127,
Ca1_3648369,./.,ATTTTT/ATTTT,ATTTTT/ATTTTT,ATTTT/ATTTT,
 ,10,199,10,2,
Ca1_3707989,TAAA/TAAAA,./.,TAAA/TAAA,
 ,44,19,158,
Ca1_3708006,./.,TAAAAA/TAAAAA,TAAAAA/TAAAAAA,
 ,25,153,43,
Ca1_3777204,./.,CAAAA/CAAAAA,CAAAA/CAAAA,
 ,26,90,105,
Ca1_3777217,./.,CTTTTTT/CTTTTTT,CTTTTTT/CTTTTT,
 ,33,95,93,
Ca1_3777323,./.,C/C,T/T,C/T,
 ,38,77,100,6,
Ca1_3825945,C/C,C/G,G/G,
 ,92,2,127,
Ca1_3832910,./.,CAAA/CAAAA,CAAA/CAAA,
 ,33,43,145,
Ca1_3832916,./.,CAAAA/CAAAA,CAAAA/CAAA,CAAA/CAAA,
 ,29,132,59,1,
Ca1_3832996,./.,TAAAA/TAAAAA,TAAAA/TAAAA,
 ,28,51,142,
Ca1_3833019,./.,TAAAA/TAAAA,TAAA/TAAA,TAAAA/TAAA,
 ,40,33,2,146,
Ca1_3878032,CAA/CA,./.,CAA/CAA,
 ,103,4,114,
Ca1_3908852,./.,GAAA/GAAA,GAAA/GAA,
 ,1,155,65,
Ca1_3908939,CT/CGT,./.,CGT/CGT,CT/CT,
 ,152,35,33,1,
Ca1_3909036,./.,CTTTTTT/CTTTTTT,CTTTTTT/CTTTTTTT,
 ,36,140,45,
Ca1_3909047,./.,TTC/TTC,TTC/T,
 ,40,133,48,
Ca1_3909138,./.,TAAA/TAAA,TAAA/TAA,
 ,34,91,96,
Ca1_3957775,./.,CAAAAAAA/CAAAAAAA,CAAAAAAAA/CAAAAAAAA,CAAAAAAAA/CAAAAAAA,
 ,19,7,84,111,
Ca1_3964397,./.,A/AG,A/A,
 ,11,72,138,
Ca1_3964410,GTTTT/GTTTT,./.,GTTTT/GTTTTT,
 ,43,11,167,
Ca1_3985727,GTTTT/GTTTT,./.,GTTTT/GTTT,
 ,67,32,122,
Ca1_3985791,./.,GAAAAAA/GAAAAAA,GAAAAAA/GAAAAA,
 ,23,88,110,
Ca1_3985872,./.,CTTTTT/CTTTT,CTTTTT/CTTTTT,
 ,8,130,83,
Ca1_3985946,./.,TAAAA/TAAAAA,TAAAA/TAAAA,
 ,3,51,167,
Ca1_3985950,./.,ATTTTT/ATTTTTT,ATTTTT/ATTTTT,
 ,2,57,162,
Ca1_3986012,./.,CTTTTT/CTTTT,CTTTTT/CTTTTT,
 ,4,50,167,
Ca1_3990314,ATT/AT,./.,ATT/ATT,
 ,69,30,122,
Ca1_3990326,./.,GTTTTT/GTTTTTT,GTTTTT/GTTTTT,
 ,33,52,136,
Ca1_3990348,./.,GTTTT/GTTTT,GTTT/GTTT,GTTTT/GTTT,
 ,30,11,7,173,
Ca1_3990355,./.,ATTTTT/ATTTTTT,ATTTTTT/ATTTTTT,ATTTTT/ATTTTT,
 ,35,82,1,103,
Ca1_3990412,./.,GAAAAAA/GAAAAAA,GAAAAAA/GAAAAA,GAAAAA/GAAAAA,
 ,25,35,159,2,
Ca1_4034786,./.,TGG/TGG,TGG/TGGG,
 ,25,154,42,
Ca1_4059137,./.,GAAAAA/GAAAA,GAAAAA/GAAAAA,
 ,25,41,155,
Ca1_4059165,./.,ATTTTT/ATTTT,ATTTTT/ATTTTT,ATTTT/ATTTT,
 ,34,181,1,5,
Ca1_4090659,ATT/AT,./.,ATT/ATT,
 ,55,4,162,
Ca1_4092748,./.,TA/TA,TA/TAA,
 ,22,112,87,
Ca1_4092763,./.,CAA/CAA,CAA/CAAA,
 ,25,61,135,
Ca1_4092792,GC/G,./.,GC/GC,
 ,194,24,3,
Ca1_4129451,./.,GCC/GCCC,GCC/GCC,
 ,15,61,145,
Ca1_4129505,CAAA/CAA,./.,CAAA/CAAA,
 ,39,33,149,
Ca1_4130312,./.,A/AG,A/A,
 ,8,157,56,
Ca1_4173578,./.,GCC/GC,GCC/GCC,
 ,5,61,155,
Ca1_4174206,TAAA/TAAAA,./.,TAAA/TAAA,
 ,110,1,110,
Ca1_4209222,./.,ATTTTT/ATTTTT,ATTTTT/ATTTT,
 ,13,161,47,
Ca1_4270687,./.,CAAAA/CAAAA,CAAAA/CAAA,
 ,10,132,79,
Ca1_4310179,ATTT/ATTTT,ATTT/ATTT,
 ,204,17,
Ca1_4310321,./.,G/T,G/G,T/T,
 ,2,2,126,91,
Ca1_4311620,./.,CTTTTT/CTTTT,CTTTTT/CTTTTT,
 ,2,156,63,
Ca1_4420477,./.,CTTTTTT/CTTTTTT,CTTTTTT/CTTTTT,
 ,3,161,57,
Ca1_4427397,C/C,C/A,
 ,101,120,
Ca1_4427434,T/G,T/T,
 ,120,101,
Ca1_4427435,T/C,T/T,
 ,120,101,
Ca1_4427451,A/G,G/G,A/A,
 ,44,1,176,
Ca1_4467950,./.,ATTTTTT/ATTTTTT,ATTTTTT/ATTTTTTT,
 ,14,135,72,
Ca1_4468106,./.,TAAAA/TAAAA,TAAA/TAAA,TAAAA/TAAA,
 ,6,26,1,188,
Ca1_4468165,./.,CAAAA/CAAAA,CAAAA/CAAA,
 ,15,152,54,
Ca1_4468199,./.,ACCCCC/ACCCCC,ACCCCC/ACCCCCC,
 ,17,147,57,
Ca1_4468996,./.,CTTTTT/CTTTT,CTTTTT/CTTTTT,
 ,12,77,132,
Ca1_4469771,CTTT/CTTT,./.,CTTT/CTTTT,
 ,137,2,82,
Ca1_4470061,./.,TAAAA/TAAAA,TAAA/TAAA,TAAAA/TAAA,
 ,36,3,25,157,
Ca1_4512739,./.,GAAAAA/GAAAA,GAAAAA/GAAAAA,
 ,38,60,123,
Ca1_4578886,./.,ATTT/ATTTT,ATTT/ATTT,
 ,19,63,139,
Ca1_4593515,./.,TAAAA/TAAAA,TAAAA/TAAA,
 ,34,128,59,
Ca1_4593524,./.,GAAAAA/GAAAA,GAAAAA/GAAAAA,
 ,29,149,43,
Ca1_4594809,./.,CTTTT/CTTT,CTTTT/CTTTT,
 ,26,49,146,
Ca1_4599548,./.,TAA/TAA,TAAA/TAAA,TAAA/TAA,
 ,10,2,14,195,
Ca1_4628253,ATT/AT,./.,ATT/ATT,
 ,101,1,119,
Ca1_4635569,./.,ATTTT/ATTTT,ATTTT/ATTT,
 ,15,94,112,
Ca1_4688290,./.,ATTTT/ATTTTT,ATTTT/ATTTT,
 ,29,81,111,
Ca1_4732668,./.,A/G,G/G,A/A,
 ,1,2,125,93,
Ca1_4766682,./.,ATTT/ATTT,ATTT/ATT,ATT/ATT,
 ,6,5,209,1,
Ca1_4798007,./.,ATTT/ATTT,ATTT/ATT,ATT/ATT,
 ,3,10,207,1,
Ca1_4804431,./.,CAAAAAAA/CAAAAAAA,CAAAAAAAA/CAAAAAAAA,CAAAAAAAA/CAAAAAAA,
 ,36,7,67,111,
Ca1_4804454,./.,CAA/CAA,CAA/CAAA,
 ,24,64,133,
Ca1_4944779,CAAA/CAAAA,CAAA/CAAA,
 ,48,173,
Ca1_4944790,./.,CAAA/CAAAA,CAAA/CAAA,
 ,1,59,161,
Ca1_4944800,./.,TGG/TGG,TGG/TTGGG,
 ,3,158,60,
Ca1_4944804,./.,CTTTTTT/CTTTTTT,CTTTTTT/CTTTTTTT,
 ,3,53,165,
Ca1_4944817,./.,G/GT,G/G,
 ,7,80,134,
Ca1_4946799,./.,GAA/GAA,GAA/GA,
 ,3,129,89,
Ca1_4946890,./.,GTTTTTT/GTTTTTTT,GTTTTTTT/GTTTTTTT,GTTTTTT/GTTTTTT,
 ,31,130,2,58,
Ca1_4954104,GTTT/GTTTT,./.,GTTT/GTTT,
 ,50,19,152,
Ca1_5110917,TAAA/TAAAA,./.,TAAA/TAAA,
 ,42,8,171,
Ca1_5147421,./.,CAAAA/CAAAA,CAAAA/CAAA,
 ,10,103,108,
Ca1_5147928,./.,CTTTTTTTT/CTTTTTTTT,CTTTTTTTT/CTTTTTTT,CTTTTTTT/CTTTTTTT,
 ,13,93,113,2,
Ca1_5162024,./.,TAAAAA/TAAAAA,TAAAAA/TAAAAAA,
 ,22,93,106,
Ca1_5241744,CAAA/CAA,./.,CAAA/CAAA,CAA/CAA,
 ,165,18,34,4,
Ca1_5254921,./.,CAAA/CAAAA,CAAA/CAAA,
 ,12,52,157,
Ca1_5254950,./.,TAAAAAA/TAAAAAA,TAAAAAA/TAAAAAAA,
 ,9,89,123,
Ca1_5377042,./.,CAAAA/CAAAAA,CAAAA/CAAAA,
 ,11,66,144,
Ca1_5377077,./.,ATTT/ATTT,ATTT/ATT,
 ,18,101,102,
Ca1_5415125,./.,ATTT/ATTT,ATTT/ATT,
 ,8,122,91,
Ca1_5415132,./.,TAAAAAA/TAAAAAA,TAAAAAA/TAAAAAAA,
 ,4,172,45,
Ca1_5510613,./.,GTT/GTTT,GTT/GTT,
 ,27,123,71,
Ca1_5510644,./.,A/G,G/G,A/A,
 ,18,7,82,114,
Ca1_5568480,G/C,./.,C/C,G/G,
 ,6,10,86,119,
Ca1_5568485,./.,C/C,T/C,T/T,
 ,9,87,6,119,
Ca1_5568485_1,AAAT/AAT,AAT/AAT,
 ,172,49,
Ca1_5601530,G/C,./.,C/C,G/G,
 ,5,2,92,122,
Ca1_5601589,./.,T/T,A/A,T/A,
 ,1,122,92,6,
Ca1_5606168,./.,A/A,G/G,G/A,
 ,43,94,73,11,
Ca1_5606284,./.,A/A,G/G,G/A,
 ,20,92,101,8,
Ca1_5616463,./.,ATAATTAATT/ATAATTAATT,ATAATT/ATAATT,ATAATTAATT/ATAATT,
 ,13,82,122,4,
Ca1_5616479,./.,C/C,T/T,C/T,
 ,3,124,90,4,
Ca1_5641505,./.,C/C,C/G,G/G,
 ,23,88,6,104,
Ca1_5641507,./.,T/G,G/G,T/T,
 ,23,6,105,87,
Ca1_5653773,./.,GTTTT/GTTTT,GTTTT/GTTTTT,
 ,39,97,85,
Ca1_5654605,./.,A/G,G/G,A/A,
 ,3,3,124,91,
Ca1_5670145,./.,GTT/GTTT,GTT/GTT,
 ,23,42,156,
Ca1_5670172,./.,CAAAA/CAAAA,CAAA/CAAAA,CAAA/CAAA,
 ,24,111,14,72,
Ca1_5751450,./.,C/C,T/T,C/T,
 ,11,90,114,6,
Ca1_5751522,./.,CAAAA/CAAAA,CAAAA/CAAA,
 ,13,148,60,
Ca1_5751546,./.,T/T,A/A,T/A,
 ,12,93,114,2,
Ca1_5804466,./.,ATTTTTT/ATTTTTT,ATTTTTT/ATTTTTTT,
 ,15,129,77,
Ca1_5831973,./.,GAAAAAA/GAAAAAA,GAAAAAA/GAAAAA,GAAAAA/GAAAAA,
 ,14,38,166,3,
Ca1_5871121,./.,CTTTTT/CTTTT,CTTTTT/CTTTTT,
 ,8,73,140,
Ca1_5871231,./.,CTT/CTT,CTT/CT,
 ,19,98,104,
Ca1_5895625,./.,CAAAAA/CAAAAA,CAAAAA/CAAAA,
 ,12,135,74,
Ca1_6085919,./.,TAAAA/TAAAA,TAAAA/TAAAAA,
 ,21,160,40,
Ca1_6085929,./.,TAAAA/TAAAA,TAAAAA/TAAAAA,TAAAA/TAAAAA,
 ,16,111,1,93,
Ca1_6085990,./.,TAAAAAA/TAAAAAA,TAAAAA/TAAAAA,TAAAAA/TAAAAAA,
 ,17,2,104,98,
Ca1_6086074,CAAA/CAA,./.,CAAA/CAAA,
 ,78,8,135,
Ca1_6130861,./.,C/C,C/G,G/G,
 ,4,89,6,122,
Ca1_6159460,./.,ATTT/ATTT,ATTT/ATT,
 ,4,149,68,
Ca1_6159535,./.,T/TA,T/T,
 ,5,96,120,
Ca1_6160440,./.,AC/ACC,AC/AC,
 ,5,47,169,
Ca1_6160441,./.,CAA/CAAA,CAA/CAA,
 ,4,44,173,
Ca1_6186484,./.,ATTT/ATTT,ATTT/ATT,
 ,4,86,131,
Ca1_6312290,A/A,G/G,G/A,
 ,131,86,4,
Ca1_6380684,./.,ATT/ATT,ATT/ATTT,
 ,35,148,38,
Ca1_6380707,./.,ATTTT/ATTTT,ATTTT/ATTT,
 ,34,131,56,
Ca1_6403697,./.,GAA/GAA,GAA/GA,
 ,43,125,53,
Ca1_6443493,./.,ATTTTT/ATTTTTT,ATTTTT/ATTTTT,
 ,38,44,139,
Ca1_6443501,GTTTT/GTTTT,./.,GTTTT/GTTTTT,
 ,136,34,51,
Ca1_6552304,CTTT/CTTT,./.,CTTT/CTT,
 ,57,35,129,
Ca1_6554613,./.,CAAAAAA/CAAAAAA,CAAAAAA/CAAAAAAA,
 ,1,158,62,
Ca1_6650781,./.,GCC/GC,GCC/GCC,
 ,39,60,122,
Ca1_6694657,./.,C/C,T/T,C/T,
 ,1,134,81,5,
Ca1_6705767,./.,C/C,A/A,C/A,
 ,15,123,74,9,
Ca1_6705773,./.,GTTTTT/GTTTTTT,GTTTTT/GTTTTT,
 ,28,45,148,
Ca1_6705782,GTTTT/GTTTT,./.,GTTTT/GTTTTT,
 ,98,18,105,
Ca1_6705790,CTTT/CTTT,./.,CTTT/CTTTT,
 ,155,15,51,
Ca1_6705795,./.,C/C,T/C,T/T,
 ,11,78,6,126,
Ca1_6708957,C/C,T/C,T/T,
 ,86,1,134,
Ca1_6714297,./.,A/T,A/A,T/T,
 ,10,9,128,74,
Ca1_6738650,./.,TAAAAAA/TAAAAAA,TAAAAAA/TAAAAA,
 ,10,57,154,
Ca1_6774685,./.,ATTTT/ATTTT,ATTTT/ATTT,
 ,17,157,47,
Ca1_6774742,./.,GAAA/GAAA,GAAA/GAA,
 ,20,127,74,
Ca1_6774750,./.,GAAAA/GAAAA,GAAAA/GAAA,
 ,15,159,47,
Ca1_6947239,./.,GAAA/GAAA,GAAA/GAA,
 ,9,55,157,
Ca1_6947262,./.,GAAAA/GAAAA,GAAAA/GAAA,
 ,15,110,96,
Ca1_6947280,./.,C/C,T/C,T/T,
 ,13,81,2,125,
Ca1_7000817,./.,GAAAAA/GAAAA,GAAAAA/GAAAAA,
 ,16,117,88,
Ca1_7079109,./.,C/C,T/C,T/T,
 ,6,87,10,118,
Ca1_7079149,A/A,G/G,G/A,
 ,86,134,1,
Ca1_7079273,TAAAAAAA/TAAAAAAA,./.,TAAAAAAA/TAAAAAAAA,
 ,98,11,112,
Ca1_7079346,./.,T/T,A/A,T/A,
 ,5,128,82,6,
Ca1_7079360,./.,G/T,G/G,T/T,
 ,5,8,128,80,
Ca1_7119235,C/C,T/C,T/T,
 ,85,2,134,
Ca1_7123545,./.,CAA/CAAA,CAA/CAA,
 ,16,47,158,
Ca1_7123547,./.,ATTTT/ATTTTT,ATTTT/ATTTT,
 ,17,88,116,
Ca1_7123564,./.,C/C,T/C,T/T,
 ,24,64,7,126,
Ca1_7124619,G/C,./.,C/C,G/G,
 ,6,3,79,133,
Ca1_7124624,./.,T/T,A/A,T/A,
 ,3,132,78,8,
Ca1_7124670,./.,A/T,A/A,T/T,
 ,17,7,128,69,
Ca1_7124777,./.,ATTTTTT/ATTTTTT,ATTTTTT/ATTTTTTT,
 ,3,167,51,
Ca1_7557019,CAAA/CAA,./.,CAAA/CAAA,
 ,126,4,91,
Ca1_7596063,CTTT/CTTT,./.,CTTTT/CTTT,CTTTT/CTTTT,
 ,2,8,210,1,
Ca1_7596080,ACC/ACCC,ACC/ACC,./.,
 ,135,83,3,
Ca1_7596142,./.,GCATTTTCATTTTCATTTTCATTTTCATTTTC/GCATTTTCATTTTCATTTTCATTTTCATTTTC,GCATTTTCATTTTCATTTTCATTTTCATTTTC/GTCATTTTCATTTTCATTTTCATTTTCATTTTC,
 ,5,130,86,
Ca1_7612504,./.,ACC/ACC,ACC/AC,
 ,35,77,109,
Ca1_7612551,./.,CAAAAA/CAAAAA,CAAAAA/CAAAA,
 ,34,63,124,
Ca1_7663952,./.,ATTT/ATTTT,ATTT/ATTT,
 ,25,88,108,
Ca1_7667322,./.,T/TA,T/T,
 ,8,89,124,
Ca1_7667358,CAA/CA,./.,CAA/CAA,
 ,185,4,32,
Ca1_7725127,./.,CTTTTTT/CTTTTTT,CTTTTTT/CTTTTTTT,
 ,6,163,52,
Ca1_7725243,./.,ATTTTT/ATTTT,ATTTTT/ATTTTT,ATTTT/ATTTT,
 ,8,166,46,1,
Ca1_7732680,./.,ATTTTTT/ATTTTTT,ATTTTTT/ATTTTTTT,
 ,4,132,85,
Ca1_7732716,./.,CTTTT/CTTTTT,CTTTT/CTTTT,
 ,4,45,172,
Ca1_7734659,./.,CTT/CTT,CTT/CTTT,
 ,11,167,43,
Ca1_7734677,./.,ATTTT/ATTTT,ATTTT/ATTT,
 ,8,137,76,
Ca1_7734868,CTTT/CTTT,./.,CTTT/CTTTT,
 ,115,11,95,
Ca1_7741278,./.,CTTT/CTTT,CTTTT/CTTT,CTTTT/CTTTT,
 ,39,11,143,28,
Ca1_7741338,./.,TAAAAAAAAAA/TAAAAAAAAAA,TAAAAAAAAAA/TAAAAAAAAA,TAAAAAAAAA/TAAAAAAAAA,
 ,45,24,128,24,
Ca1_7750192,./.,CAAAAA/CAAAAA,CAAAAA/CAAAA,
 ,3,68,150,
Ca1_7773094,./.,ATTTTTTTTTT/ATTTTTTTTTT,ATTTTTTTTTT/ATTTTTTTTT,ATTTTTTTTT/ATTTTTTTTT,
 ,16,106,96,3,
Ca1_7790873,./.,ATTT/ATTT,ATTT/ATT,
 ,3,90,128,
Ca1_7808544,./.,T/G,G/G,T/T,
 ,24,76,119,2,
Ca1_7808547,./.,C/C,T/C,T/T,
 ,17,105,94,5,
Ca1_7810960,./.,ATTT/ATTT,ATT/ATTT,ATT/ATT,
 ,18,1,81,121,
Ca1_7855771,./.,CTTTT/CTTT,CTTTT/CTTTT,
 ,9,110,102,
Ca1_7855799,./.,ATTT/ATTT,ATTT/ATT,
 ,10,86,125,
Ca1_7882883,./.,CAAAA/CAAAA,CAAAA/CAAA,
 ,37,146,38,
Ca1_7882891,GTTT/GTTTT,./.,GTTT/GTTT,
 ,44,32,145,
Ca1_7883407,./.,AG/AG,AG/A,
 ,7,154,60,
Ca1_7886448,./.,TCCCCC/TCCCCCC,TCCCCC/TCCCCC,
 ,6,128,87,
Ca1_7891729,GTTT/GTTTT,./.,GTTT/GTTT,
 ,48,1,172,
Ca1_7905965,CTTT/CTTT,./.,CTTT/CTTTT,
 ,76,35,110,
Ca1_7906017,./.,CTTTTTT/CTTTTTT,CTTTTTT/CTTTTT,
 ,30,64,127,
Ca1_7928438,./.,GTTTTTT/GTTTTTT,GTTTTTT/GTTTTT,
 ,5,135,81,
Ca1_7940168,./.,CTTTT/CTTTTT,CTTTT/CTTTT,
 ,14,121,86,
Ca1_7940252,./.,C/C,C/A,A/A,
 ,16,11,178,16,
Ca1_7940321,GAAAAAA/GAAAAAAA,./.,GAAAAAA/GAAAAAA,
 ,52,3,166,
Ca1_7972425,./.,ATTT/ATTT,ATTTT/ATTTT,ATTTT/ATTT,
 ,28,4,28,161,
Ca1_7972434,GAAAAAAAAAA/GAAAAAAAAAA,./.,GAAAAAAAAA/GAAAAAAAAA,GAAAAAAAAAA/GAAAAAAAAA,
 ,88,32,8,93,
Ca1_7980155,./.,TCCCC/TCCCCC,TCCCC/TCCCC,
 ,29,60,132,
Ca1_7980159,CAAA/CAA,./.,CAAA/CAAA,
 ,73,27,121,
Ca1_7989041,./.,TAAAAAA/TAAAAAA,TAAAAA/TAAAAA,TAAAAA/TAAAAAA,
 ,17,1,28,175,
Ca1_7989047,./.,GGAAAAAA/GGAAAAAA,GAAAAA/GGAAAAAA,GAAAAA/GAAAAA,
 ,28,1,148,44,
Ca1_7989061,GAAAAAAA/GAAAAAA,./.,GAAAAAAA/GAAAAAAA,
 ,44,28,149,
Ca1_7989073,./.,GAAAA/GAAAAA,GAAAA/GAAAA,
 ,33,60,128,
Ca1_7999604,./.,TAAAAA/TAAAAA,TAAAAA/TAAAAAA,
 ,22,155,44,
Ca1_7999644,./.,GAAA/GAAAA,GAAA/GAAA,
 ,9,58,154,
Ca1_7999665,GAA/GAAA,./.,GAA/GAA,GAAA/GAAA,
 ,144,26,48,3,
Ca1_7999668,TAAAAAAA/TAAAAAAA,./.,TAAAAAAA/TAAAAAA,
 ,146,21,54,
Ca1_8154785,./.,ATTTTTT/ATTTTTT,ATTTTTT/ATTTTT,
 ,2,39,180,
Ca1_8160083,./.,TGGGG/TGGGG,TGGGG/TGGG,
 ,17,162,42,
Ca1_8270428,TCC/TCCC,./.,TCC/TCC,
 ,124,4,93,
Ca1_8270479,./.,CAA/CAA,CAA/CAAA,
 ,8,159,54,
Ca1_8423517,./.,CAAAA/CAAAA,CAAAA/CAAA,
 ,10,117,94,
Ca1_8433322,CACG/CGACG,CACG/CACG,./.,
 ,134,83,4,
Ca1_8433354,./.,TAA/TAA,TGAA/TAA,TGAA/TGAA,
 ,5,9,204,3,
Ca1_8561667,CGGG/CGGG,CGGG/CGGGG,
 ,103,118,
Ca1_8563454,./.,ATTTTT/ATTTTTT,ATTTTT/ATTTTT,
 ,1,61,159,
Ca1_8592081,./.,ATTTTTTTT/ATTTTTTTTT,ATTTTTTTT/ATTTTTTTT,
 ,1,56,164,
Ca1_8600227,CAAA/CAA,./.,CAAA/CAAA,
 ,67,12,142,
Ca1_8600361,CAAA/CAA,./.,CAAA/CAAA,CAA/CAA,
 ,174,21,17,9,
Ca1_8600364,./.,AGG/AGG,AGGG/AGG,AGGG/AGGG,
 ,38,3,59,121,
Ca1_8611946,./.,TG/T,TG/TG,T/T,
 ,10,179,31,1,
Ca1_8648813,./.,ATTT/ATT,ATT/ATT,
 ,34,137,50,
Ca1_8665800,./.,ATTTT/ATTTT,ATTTT/ATTT,
 ,15,67,139,
Ca1_8684223,./.,TGG/TGG,TGG/TG,TG/TG,
 ,28,2,180,11,
Ca1_8740824,./.,CAAAA/CAAAA,CAAAA/CAAA,
 ,6,150,65,
Ca1_8759213,./.,G/GT,G/G,
 ,14,120,87,
Ca1_8759390,./.,GCCCCC/GCCCCCC,GCCCCC/GCCCCC,
 ,1,48,172,
Ca1_8759552,./.,GAAAAA/GGAAAAAA,GAAAAA/GAAAAA,
 ,22,45,154,
Ca1_8759560,./.,TAAAAA/TAAAAA,TAAAAA/TAAAA,
 ,20,98,103,
Ca1_8769737,TAAA/TAAAA,./.,TAAA/TAAA,
 ,94,7,120,
Ca1_8791919,./.,TAAAAAA/TAAAAAA,TAAAAAA/TAAAAAAA,
 ,16,82,123,
Ca1_8791925,./.,ATT/ATT,ATT/ATTT,
 ,17,70,134,
Ca1_8791940,TAA/TAA,./.,TAA/TAAA,
 ,94,3,124,
Ca1_8791975,./.,ATTTT/ATTTTT,ATTTT/ATTTT,
 ,6,74,141,
Ca1_8791991,./.,ATTTTT/ATTTTT,ATTTTT/ATTTT,
 ,6,171,44,
Ca1_8837423,./.,TAAAAA/TAAAAA,TAAAAA/TAAAAAA,
 ,28,124,69,
Ca1_8863806,./.,G/T,G/G,
 ,3,191,27,
Ca1_8865123,./.,CAAAAAAA/CAAAAAAA,CAAAAAA/CAAAAAA,CAAAAAAA/CAAAAAA,
 ,17,143,1,60,
Ca1_8972156,./.,TCCCC/TCCCC,TCCCC/TCCCCC,
 ,2,137,82,
Ca1_8972166,./.,TCCC/TCCC,TCCC/TCCCC,
 ,1,44,176,
Ca1_8999479,GTTTT/GTTTT,GTTTT/GTTT,
 ,139,82,
Ca1_9089729,CGG/CGG,./.,CGG/CG,
 ,172,2,47,
Ca1_9122889,./.,CAAAAA/CAAAAA,CAAAAA/CAAAAAA,
 ,20,150,51,
Ca1_9161643,./.,CAAAAA/CAAAAA,CAAAAAA/CAAAAA,CAAAAAA/CAAAAAA,
 ,9,3,172,37,
Ca1_9230835,./.,CTTTTTTTTTT/CTTTTTTTTTT,CTTTTTTTTT/CTTTTTTTTT,CTTTTTTTTTT/CTTTTTTTTT,
 ,19,115,4,83,
Ca1_9230846,C/CT,./.,C/C,
 ,69,8,144,
Ca1_9249670,./.,A/ATC,ATC/ATC,A/A,
 ,14,145,59,3,
Ca1_9249671,./.,GCTC/GCTC,GC/GCTC,GC/GC,
 ,14,59,145,3,
Ca1_9277077,./.,TAAAAA/TAAAAA,TAAAAA/TAAAAAA,
 ,11,50,160,
Ca1_9332117,./.,TAAAAA/TAAAAA,TAAAAA/TAAAA,
 ,1,129,91,
Ca1_9364959,./.,GCCC/G,GCCC/GCCC,
 ,25,84,112,
Ca1_9401596,./.,CAAAAAA/CAAAAAA,CAAAAAA/CAAAAAAA,
 ,12,114,95,
Ca1_9401602,./.,AT/AT,AT/AGT,
 ,14,137,70,
Ca1_9419641,./.,CTTTT/CTTTTT,CTTTT/CTTTT,
 ,2,130,89,
Ca1_9420527,./.,CAAA/CAAAA,CAAA/CAAA,
 ,3,50,168,
Ca1_9426629,TAAA/TAAAA,./.,TAAA/TAAA,
 ,82,15,124,
Ca1_9441784,./.,GAAAA/GAAAA,GAAAA/GAAA,
 ,20,116,85,
Ca1_9441862,./.,TAAAA/TAAAA,TAAAA/TAAAAA,
 ,22,146,53,
Ca1_9479142,./.,CTT/CTT,CTT/CTTT,
 ,11,146,64,
Ca1_9522859,G/T,G/G,T/T,
 ,4,102,115,
Ca1_9573899,./.,CAAAAAA/CAAAAA,CAAAAAA/CAAAAAA,
 ,3,53,165,
Ca1_9594391,./.,C/C,T/T,C/T,
 ,2,98,118,3,
Ca1_9651116,CTTT/CTTT,./.,CTTT/CTT,
 ,136,7,78,
Ca1_9651209,./.,TAAA/TAAA,TAAA/TAA,
 ,12,126,83,
Ca1_9707329,CAA/CA,./.,CAA/CAA,
 ,75,25,121,
Ca1_9782264,./.,GAAAA/GAAAA,GAAAA/GAAA,GAAA/GAAA,
 ,4,22,194,1,
Ca1_9800019,./.,CTT/CTT,CTT/CTTT,
 ,1,109,111,
Ca1_9817885,./.,CTTTTTT/CTTTTTT,CTTTTTT/CTTTTTTT,
 ,3,167,51,
Ca1_9817891,./.,TA/TA,TA/TTAA,
 ,3,49,169,
Ca1_9817892,./.,ATTTTTTTT/ATTTTTTTT,ATTTTTTTT/AATTTTTTTTT,AATTTTTTTTT/AATTTTTTTTT,
 ,3,102,114,2,
Ca1_9835284,CAA/CA,CAA/CAA,
 ,147,74,
Ca1_9837328,./.,AGGGGG/AGGGGG,AGGGGG/AGGGGGG,
 ,4,156,61,
Ca1_9850481,./.,CAAAAA/CAAAAA,CAAAAA/CAAAAAA,
 ,9,163,49,
Ca1_9850543,./.,CAAAA/CAAAA,CAAAA/CAAA,
 ,19,74,128,
Ca1_9850565,./.,CAAAA/CAAAAA,CAAAA/CAAAA,
 ,10,50,161,
Ca1_9858008,./.,CTTTT/CTTTTT,CTTTT/CTTTT,
 ,12,147,62,
Ca1_9858153,./.,A/AG,A/A,
 ,1,194,26,
Ca1_9911183,./.,GTTTTTT/GTTTTT,GTTTTTT/GTTTTTT,GTTTTT/GTTTTT,
 ,5,139,76,1,
Ca1_9993384,./.,CAAAA/CAAAAA,CAAAA/CAAAA,
 ,3,46,172,
Ca1_9993880,./.,GTTTTTTT/GTTTTTTT,GTTTTTTT/GTTTTTTTT,
 ,15,132,74,
Ca1_9999825,./.,ACG/ACG,AG/AG,AG/ACG,
 ,41,2,60,118,
Ca1_9999829,./.,CTTT/CTTT,CTT/CTT,CTT/CTTT,
 ,36,12,26,147,
Ca1_9999833,./.,A/A,G/G,G/A,
 ,4,87,124,6,
Ca1_9999888,./.,C/C,T/C,T/T,
 ,1,92,4,124,
Ca1_10024112,G/C,./.,C/C,G/G,
 ,3,1,92,125,
Ca1_10024158,./.,TAAAA/TAAAA,TAAAA/TAAAAA,
 ,2,163,56,
Ca1_10024204,./.,CAA/CAA,CAA/CAAA,
 ,11,141,69,
Ca1_10041921,./.,CTTTT/CTTT,CTTTT/CTTTT,
 ,15,145,61,
Ca1_10044606,./.,TAAA/TAAA,TAAA/TAA,
 ,39,108,74,
Ca1_10346954,./.,CAAAAAA/CAAAAAA,CAAAAAA/CAAAAAAA,
 ,6,145,70,
Ca1_10357324,./.,TGGGGGG/TGGGGGG,TGGGGG/TGGGGGG,TGGGGG/TGGGGG,
 ,43,1,167,10,
Ca1_10375288,CTTT/CTTT,./.,CTTT/CTT,
 ,84,6,131,
Ca1_10377938,./.,GCC/GC,GCC/GCC,GC/GC,
 ,38,133,49,1,
Ca1_10429509,./.,CGGGG/CGGGG,CGGGG/CGGGGG,
 ,42,112,67,
Ca1_10482574,C/CT,./.,C/C,
 ,55,35,131,
Ca1_10544345,./.,TAAAA/TAAAA,TAAAAA/TAAAAA,TAAAAA/TAAAA,
 ,41,13,9,158,
Ca1_10546291,./.,C/C,C/CA,
 ,18,161,42,
Ca1_10567558,./.,ATTTTT/ATTTTTT,ATTTTT/ATTTTT,
 ,39,58,124,
Ca1_10567615,./.,GA/GA,GA/GAA,
 ,37,126,58,
Ca1_10567616,./.,ATTTTTT/ATTTTTT,ATTTTTT/ATTTTTTT,
 ,36,128,57,
Ca1_10575488,GAAAAAAAA/GAAAAAAA,./.,GAAAAAAA/GAAAAAAA,GAAAAAAAA/GAAAAAAAA,
 ,129,32,39,21,
Ca1_10649825,CTTT/CTTT,./.,CTTT/CTTTT,
 ,119,13,89,
Ca1_10656523,./.,ATTTTTTTTT/ATTTTTTTTT,ATTTTTTTT/ATTTTTTTT,ATTTTTTTTT/ATTTTTTTT,
 ,17,33,16,155,
Ca1_10656545,./.,CTTTTT/CTTTT,CTTTTT/CTTTTT,
 ,21,99,101,
Ca1_10656585,GTTTT/GTTTT,./.,GTTTT/GTTTTT,
 ,143,26,52,
Ca1_10743889,./.,ATTTT/ATTTTT,ATTTT/ATTTT,
 ,6,75,140,
Ca1_10743967,./.,ATTTTT/ATTTTTT,ATTTTT/ATTTTT,
 ,3,74,144,
Ca1_10754225,./.,GAA/GAA,GAA/GA,
 ,2,7,212,
Ca1_10754372,./.,CAAAA/CAAAAA,CAAAA/CAAAA,
 ,8,66,147,
Ca1_10775365,./.,CAAAAA/CAAAAA,CAAAA/CAAAAA,CAAAA/CAAAA,
 ,43,1,84,93,
Ca1_10788473,./.,CTT/CTT,CTT/CGTT,
 ,13,161,47,
Ca1_10792340,./.,CAAAA/CAAAAA,CAAAA/CAAAA,
 ,6,60,155,
Ca1_10806169,./.,TCCCCC/TCCCCCC,TCCCCC/TCCCCC,
 ,10,48,163,
Ca1_10813879,TAA/TAA,./.,TAA/TAAA,
 ,122,9,90,
Ca1_10814076,./.,ATTT/ATTT,ATTTT/ATTTT,ATTTT/ATTT,
 ,9,2,42,168,
Ca1_10849444,./.,TAAAA/TAAAA,TAAAA/TAAA,
 ,6,124,91,
Ca1_10981597,TAAA/TAAAA,./.,TAAA/TAAA,
 ,66,7,148,
Ca1_11011034,./.,CTTTTT/CTTTTT,CTTTTT/CTTTT,CTTTT/CTTTT,
 ,14,11,183,13,
Ca1_11072185,./.,C/C,C/CG,
 ,26,87,108,
Ca1_11072189,./.,TGGGG/TGGGG,TGGGG/TGGGGG,
 ,33,50,138,
Ca1_11072193,./.,GA/GA,GA/GAA,
 ,33,83,105,
Ca1_11072240,./.,CAAAAA/CAAAAA,CAAAAAA/CAAAAA,CAAAAAA/CAAAAAA,
 ,39,3,150,29,
Ca1_11106320,./.,GAAAAA/GAAAA,GAAAAA/GAAAAA,
 ,16,69,136,
Ca1_11113611,./.,CTTTTTT/CTTTTTT,CTTTTTTT/CTTTTTTT,CTTTTTT/CTTTTTTT,
 ,18,24,8,171,
Ca1_11113671,./.,ATT/ATT,ATT/ATTT,
 ,14,161,46,
Ca1_11166096,./.,CTTTT/CTTT,CTTTT/CTTTT,
 ,1,128,92,
Ca1_11166177,./.,A/AT,A/A,
 ,34,65,122,
Ca1_11219550,TAA/TAA,./.,TAA/TA,
 ,30,1,190,
Ca1_11261577,./.,ATTT/ATTT,ATTT/ATT,
 ,8,22,191,
Ca1_11261594,./.,ATTTTT/ATTTTT,ATTTTT/ATTTT,
 ,10,146,65,
Ca1_11262464,ATTTT/ATTTT,ATTTT/ATTT,
 ,109,112,
Ca1_11262475,A/C,C/C,A/A,
 ,7,102,112,
Ca1_11262554,./.,CTTT/CTTT,CTTTT/CTTT,
 ,25,19,177,
Ca1_11288432,./.,CTTTT/CTTTTT,CTTTT/CTTTT,
 ,26,100,95,
Ca1_11288814,./.,CTT/CTT,CTT/CTTT,
 ,5,38,178,
Ca1_11291581,ATTTTTTT/ATTTTTTT,./.,ATTTTTT/ATTTTTT,ATTTTTTT/ATTTTTT,
 ,88,19,1,113,
Ca1_11291657,./.,ATTTT/ATTTTT,ATTTT/ATTTT,
 ,14,83,124,
Ca1_11309579,ACC/ACC,./.,ACC/AC,
 ,138,3,80,
Ca1_11361195,./.,TAAAAA/TAAAAA,TAAAAA/TAAAA,
 ,13,158,50,
Ca1_11361217,./.,TG/TAG,TG/TG,
 ,2,87,132,
Ca1_11361299,./.,TGG/TGG,TGG/TGGG,
 ,10,159,52,
Ca1_11367304,TAAAAAAA/TAAAAAAA,./.,TAAAAAAA/TAAAAAAAA,TAAAAAAAA/TAAAAAAAA,
 ,130,1,89,1,
Ca1_11539408,./.,AAG/A,AAG/AAG,
 ,7,66,148,
Ca1_11539410,GTTTT/GTTTT,./.,GTTTT/GTTT,
 ,160,6,55,
Ca1_11539446,GTTTT/GTTTT,./.,GTTTT/GTTT,
 ,128,8,85,
Ca1_11541328,./.,CAAA/CAAAA,CAAA/CAAA,
 ,41,56,124,
Ca1_11543193,TAAAAA/TAAAAA,TAAAAA/TAAAAAA,
 ,154,67,
Ca1_11543348,./.,CAAAA/CAAAAA,CAAAA/CAAAA,
 ,14,72,135,
Ca1_11543506,./.,CAG/CAG,CAG/CAGAG,CAGAG/CAGAG,
 ,21,23,156,21,
Ca1_11543608,./.,TAAAA/TAAAA,TAAAA/TAAAAA,
 ,20,144,57,
Ca1_11571571,CGG/CGG,CGG/CG,
 ,166,55,
Ca1_11609694,./.,TA/TA,TA/TAA,
 ,17,142,62,
Ca1_11609704,./.,GAAAAA/GAAAA,GAAAAA/GAAAAA,
 ,21,45,155,
Ca1_11700179,./.,CTTTTT/CTTTTTT,CTTTTT/CTTTTT,
 ,2,100,119,
Ca1_11700954,./.,CTTT/CTTT,CTTTT/CTTT,CTTTT/CTTTT,
 ,37,1,152,31,
Ca1_11721135,./.,ATTTTT/ATTTTTT,ATTTTT/ATTTTT,
 ,11,126,84,
Ca1_11721167,CAAAA/CAAAAA,CAAAA/CAAAA,
 ,61,160,
Ca1_11724483,./.,GTTTTTT/GTTTTTTT,GTTTTTT/GTTTTTT,
 ,7,46,168,
Ca1_11724489,./.,T/TTG,T/T,
 ,8,43,170,
Ca1_11724560,./.,ATTTT/ATTTTT,ATTTT/ATTTT,
 ,6,144,71,
Ca1_11858012,./.,ATTTT/ATTTT,ATTTT/ATTT,
 ,26,5,190,
Ca1_11858105,./.,T/TA,T/T,
 ,12,65,144,
Ca1_11858125,./.,GAAAAAA/GAAAAAA,GAAAAAA/GAAAAA,GAAAAA/GAAAAA,
 ,23,23,174,1,
Ca1_11869189,./.,GTT/GTTT,GTT/GTT,
 ,24,50,147,
Ca1_11907467,CAA/CA,./.,CAA/CAA,CA/CA,
 ,116,1,103,1,
Ca1_11972323,./.,GA/GTA,GA/GA,
 ,9,94,118,
Ca1_11972333,./.,CTTTTTT/CTTTTTT,CTTTTTT/CTTTTTTT,
 ,11,144,66,
Ca1_11984835,./.,GAAAA/GAAAA,GAAAA/GAAA,
 ,6,159,56,
Ca1_12037950,CAAA/CAA,./.,CAAA/CAAA,
 ,98,8,115,
Ca1_12037978,./.,CAAAA/CAAAA,CAAAA/CAAA,
 ,8,114,99,
Ca1_12083490,CTTT/CTTT,./.,CTTT/CTTTT,
 ,88,19,114,
Ca1_12083556,./.,GAAAA/GAAAA,GAAAA/GAAA,
 ,25,104,92,
Ca1_12083620,./.,ATTTT/ATTTTT,ATTTT/ATTTT,
 ,22,61,138,
Ca1_12133565,./.,G/C,C/C,G/G,
 ,1,3,114,103,
Ca1_12247985,./.,AT/A,AT/AT,
 ,3,110,108,
Ca1_12271752,./.,CAAA/CAAAA,CAAA/CAAA,
 ,35,53,133,
Ca1_12294258,ATTTTTTT/ATTTTTTT,./.,ATTTTTTT/ATTTTTT,
 ,153,8,60,
Ca1_12294272,CGA/CA,./.,CGA/CGA,
 ,187,4,30,
Ca1_12405554,CGG/CGG,./.,CGG/CGGG,
 ,149,30,42,
Ca1_12426844,./.,C/C,T/C,T/T,
 ,5,114,4,98,
Ca1_12452687,./.,TCCCC/TCCCCC,TCCCC/TCCCC,
 ,7,59,155,
Ca1_12454043,./.,AGGGG/AGGGGG,AGGGG/AGGGG,
 ,31,41,149,
Ca1_12454081,./.,C/C,C/CA,
 ,22,154,45,
Ca1_12454731,./.,CAAA/CAAAA,CAAA/CAAA,
 ,21,53,147,
Ca1_12454746,./.,ATT/ATT,ATT/ATTT,
 ,1,162,58,
Ca1_12556637,./.,AGG/AGG,AGG/AG,
 ,7,58,156,
Ca1_12557681,./.,ATTT/ATTT,ATTT/ATT,ATT/ATT,
 ,1,2,211,7,
Ca1_12557721,ATTTT/ATTTTT,ATTTT/ATTTT,
 ,152,69,
Ca1_12573038,./.,CTTTT/CTTT,CTTTT/CTTTT,
 ,9,145,67,
Ca1_12620789,./.,CAAAA/CAAAAA,CAAAA/CAAAA,
 ,7,46,168,
Ca1_12642641,./.,GAAA/GAAA,GAAA/GAA,
 ,23,30,168,
Ca1_12642684,./.,TAAAA/TAAAA,TAAAAA/TAAAAA,TAAAAA/TAAAA,
 ,42,65,3,111,
Ca1_12665594,./.,AGGGG/AGGGGG,AGGGG/AGGGG,
 ,11,54,156,
Ca1_12742727,./.,CAAAAA/CAAAAA,CAAAAA/CAAAA,
 ,35,144,42,
Ca1_12768850,./.,TG/TCCGATCG,TG/TG,
 ,18,83,120,
Ca1_12785212,./.,GAAAAAA/GAAAAAA,GAAAAAA/GAAAAA,
 ,4,144,73,
Ca1_12785355,./.,GAAAA/GAAAA,GAAAA/GAAA,
 ,11,108,102,
Ca1_12787867,./.,CTTTTT/CTTTTT,CTTTTT/CTTTT,CTTTT/CTTTT,
 ,10,2,205,4,
Ca1_12787871,./.,TTGGT/TGT,TTGGT/TTGGT,
 ,35,128,58,
Ca1_12836595,./.,TG/TGG,TG/TG,
 ,34,53,134,
Ca1_12836596,./.,GTT/GTTT,GTT/GTT,
 ,35,47,139,
Ca1_12857882,CTTTT/CTTT,CTTTT/CTTTT,
 ,203,18,
Ca1_12857982,GT/GTT,./.,GT/GT,
 ,126,2,93,
Ca1_12857993,./.,TC/T,TC/TC,
 ,1,56,164,
Ca1_12979393,CAAA/CAA,./.,CAAA/CAAA,CAA/CAA,
 ,208,6,5,2,
Ca1_13149115,./.,A/AT,A/A,
 ,33,55,133,
Ca1_13149136,./.,ATT/ATTT,ATT/ATT,
 ,31,114,76,
Ca1_13321804,./.,ATTTT/ATTTTT,ATTTT/ATTTT,
 ,15,51,155,
Ca1_13321813,TAAAAAAA/TAAAAAAA,./.,TAAAAAA/TAAAAAA,TAAAAAAA/TAAAAAA,
 ,37,16,2,166,
Ca1_13321832,GTTTT/GTTTT,./.,GTTTT/GTTTTT,
 ,129,18,74,
Ca1_13435744,./.,TAAAAAA/TAAAAAA,TAAAAAA/TAAAAAAA,
 ,8,122,91,
Ca1_13435750,./.,ATTT/ATTTT,ATTT/ATTT,
 ,8,83,130,
Ca1_13439418,./.,ATTTTTT/ATTTTTT,ATTTTTT/ATTTTT,
 ,10,149,62,
Ca1_13524090,./.,CAA/CAA,CAA/CAAA,
 ,13,158,50,
Ca1_13539537,./.,GCC/GC,GCC/GCC,GC/GC,
 ,3,195,21,2,
Ca1_13539608,TGGGGGG/TGGGGGG,TGGGGGG/TGGGGGGG,./.,
 ,120,85,16,
Ca1_13603679,./.,ATTTTTTTTT/ATTTTTTTTT,ATTTTTTTT/ATTTTTTTT,ATTTTTTTTT/ATTTTTTTT,
 ,8,107,2,104,
Ca1_13603700,./.,CTTTTTT/CTTTTTT,CTTTTTTT/CTTTTTTT,CTTTTTT/CTTTTTTT,
 ,6,88,1,126,
Ca1_13663922,CTTT/CTTT,./.,CTTT/CTTTT,
 ,153,3,65,
Ca1_13756282,./.,TA/TA,TA/TAA,
 ,20,148,53,
Ca1_13756283,./.,ATTTTTT/ATTTTTT,ATTTTTT/ATTTTTTT,
 ,14,157,50,
Ca1_13988042,CAAA/CAA,./.,CAAA/CAAA,CAA/CAA,
 ,153,17,50,1,
Ca1_13988062,./.,ATT/ATT,ATT/ATTT,
 ,15,163,43,
Ca1_14008211,TG/T,TG/TG,
 ,171,50,
Ca1_14023207,TAAAAAAA/TAAAAAAA,./.,TAAAAAAA/TAAAAAA,
 ,106,29,86,
Ca1_14023253,TAAA/TAAAA,./.,TAAA/TAAA,
 ,81,43,97,
Ca1_14148708,./.,GAAAAA/GAAAA,GAAAAA/GAAAAA,
 ,1,46,174,
Ca1_14174024,ATT/AT,./.,ATT/ATT,
 ,74,17,130,
Ca1_14177099,./.,A/G,G/G,A/A,
 ,2,5,108,106,
Ca1_14262996,./.,AT/ATT,AT/AT,
 ,11,50,160,
Ca1_14263026,./.,ATTT/ATTT,ATTT/ATT,
 ,12,157,52,
Ca1_14359078,./.,ATTTT/ATTTTT,ATTTT/ATTTT,
 ,6,69,146,
Ca1_14493370,./.,C/C,T/T,C/T,
 ,1,106,111,3,
Ca1_14493534,ACCC/ACCC,ACCC/ACCCC,
 ,160,61,
Ca1_14493537,CTTTTT/CTTTT,CTTTTT/CTTTTT,
 ,142,79,
Ca1_14512735,./.,CAAAAA/CAAAAA,CAAAAA/CAAAA,
 ,6,113,102,
Ca1_14609559,./.,TCCCCC/TCCCCCC,TCCCCCC/TCCCCCC,TCCCCC/TCCCCC,
 ,17,93,1,110,
Ca1_14611857,./.,GAAA/GAAA,GAAA/GAA,
 ,4,115,102,
Ca1_14611871,./.,CTTTTT/CTTTT,CTTTTT/CTTTTT,
 ,4,47,170,
Ca1_14612700,./.,ATTT/ATTT,ATTT/ATT,ATT/ATT,
 ,13,34,172,2,
Ca1_14627576,./.,T/TTC,T/T,
 ,13,131,77,
Ca1_14627577,./.,CTTTTT/CTTTTTT,CTTTTT/CTTTTT,
 ,13,134,74,
Ca1_14667756,./.,GAAAA/GAAAAA,GAAAA/GAAAA,
 ,3,106,112,
Ca1_14670875,./.,ATTTT/ATTTT,ATTTT/ATTT,
 ,4,140,77,
Ca1_14670892,./.,GAAAA/GAAAA,GAAAA/GAAA,
 ,40,141,40,
Ca1_14810233,./.,CAAAA/CAAAAA,CAAAA/CAAAA,
 ,12,44,165,
Ca1_14810240,./.,CAA/CAAA,CAA/CAA,
 ,12,67,142,
Ca1_14866245,GAAAA/GAAAA,GAAAA/GAAA,
 ,101,120,
Ca1_14866309,./.,TGG/TGG,TGG/TAGG,
 ,1,132,88,
Ca1_14958162,./.,CTTTTTT/CTTTTTT,CTTTTTT/CTTTTT,
 ,1,155,65,
Ca1_14958472,CAAA/CAA,./.,CAAA/CAAA,
 ,131,19,71,
Ca1_14958544,./.,A/AC,A/A,
 ,9,101,111,
Ca1_14964933,./.,A/AC,A/A,
 ,1,46,174,
Ca1_14981831,CAAA/CAA,./.,CAAA/CAAA,
 ,149,8,64,
Ca1_14981912,./.,GAAAA/GAAAA,GAAAA/GAAA,
 ,11,158,52,
Ca1_15059342,./.,GTTTTT/GTTTTTT,GTTTTT/GTTTTT,
 ,4,145,72,
Ca1_15075729,GTTTTTT/GTTTTTT,GTTTTTT/GTTTTT,
 ,123,98,
Ca1_15129344,GTTT/GTTTT,./.,GTTT/GTTT,
 ,65,44,112,
Ca1_15129348,./.,CTTTTT/CTTTTTT,CTTTTT/CTTTTT,
 ,41,74,106,
Ca1_15129458,./.,CAAAA/CAAAAA,CAAAA/CAAAA,
 ,8,53,160,
Ca1_15130651,./.,CAAAA/CAAAA,CAAAA/CAAA,
 ,1,172,48,
Ca1_15193278,./.,ATTTT/ATTTT,ATTTT/ATTT,
 ,19,111,91,
Ca1_15199050,./.,CAA/CAA,CAA/CAAA,
 ,12,123,86,
Ca1_15273189,./.,CTTTT/CTTTTT,CTTTT/CTTTT,
 ,22,50,149,
Ca1_15305724,./.,GTTTTT/GTTTTTT,GTTTTTT/GTTTTTT,GTTTTT/GTTTTT,
 ,25,65,1,130,
Ca1_15305745,./.,GTTTTT/GTTTT,GTTTTT/GTTTTT,
 ,30,50,141,
Ca1_15311088,./.,ACCCC/ACCCC,ACCCC/ACCCCC,
 ,41,142,38,
Ca1_15311429,./.,TCCC/TCCC,TCCC/TCCCC,
 ,29,101,91,
Ca1_15311445,./.,ATTTTT/ATTTT,ATTTTT/ATTTTT,
 ,42,95,84,
Ca1_15331027,./.,GAAAA/GAAAA,GAAAA/GAAA,
 ,9,126,86,
Ca1_15331064,TGGG/TGGGG,./.,TGGG/TGGG,
 ,111,9,101,
Ca1_15331131,./.,GT/GT,GT/G,G/G,
 ,5,3,210,3,
Ca1_15349288,./.,CAAAAAAA/CAAAAAAA,CAAAAAAA/CAAAAAA,
 ,20,117,84,
Ca1_15349713,./.,A/AC,A/A,
 ,41,68,112,
Ca1_15376192,./.,TA/T,TA/TA,
 ,1,100,120,
Ca1_15377183,./.,CTTTT/CTTT,CTTTT/CTTTT,
 ,6,67,148,
Ca1_15381043,./.,ATT/ATTT,ATT/ATT,
 ,13,51,157,
Ca1_15392247,./.,TAAAAA/TAAAAA,TAAAAA/TAAAAAA,
 ,5,135,81,
Ca1_15438348,./.,G/A,G/G,A/A,
 ,10,64,145,2,
Ca1_15608636,./.,AGGGG/AGGGGG,AGGGG/AGGGG,
 ,11,99,111,
Ca1_15693174,./.,TAA/TAA,TAAA/TAAA,TAAA/TAA,
 ,16,4,84,117,
Ca1_15693190,./.,AGG/AGG,AGG/AG,AG/AG,
 ,9,3,200,9,
Ca1_15694974,TCA/TCA,./.,TCA/TA,
 ,137,5,79,
Ca1_15710224,ATTT/ATTTT,ATTT/ATTT,
 ,98,123,
Ca1_15747074,./.,GAAAAA/GAAAA,GAAAAA/GAAAAA,
 ,3,78,140,
Ca1_15747168,TAA/TAA,./.,TAA/TAAA,
 ,117,8,96,
Ca1_15747170,./.,ATTTTTT/ATTTTTT,ATTTTTT/ATTTTTTT,
 ,9,123,89,
Ca1_15804850,./.,GTT/GTTT,GTT/GTT,
 ,27,48,146,
Ca1_15872426,GTTTTTTTTTT/GTTTTTTTTTT,GTTTTTTTTTT/GTTTTTTTTT,GTTTTTTTTT/GTTTTTTTTT,
 ,124,94,3,
Ca1_15872491,./.,ACCCC/ACCCC,ACCCC/ACCCCC,
 ,29,87,105,
Ca1_15916276,./.,ATTTTT/ATTTTT,ATTTTT/ATTTT,
 ,9,133,79,
Ca1_15922290,./.,GCA/GA,GCA/GCA,
 ,10,69,142,
Ca1_15922386,./.,GAAAA/GAAAA,GAAAA/GAAA,
 ,4,163,54,
Ca1_15940169,ATTTTTTT/ATTTTTTT,./.,ATTTTTTT/ATTTTTT,
 ,136,6,79,
Ca1_15944874,GTT/GTTT,GTT/GTT,
 ,147,74,
Ca1_15944882,./.,GTTTTT/GTTTTTT,GTTTTT/GTTTTT,
 ,1,130,90,
Ca1_15953881,./.,CAAAAAAA/CAAAAAAA,CAAAAAAA/CAAAAAA,
 ,14,146,61,
Ca1_15954000,./.,TAAAA/TAAAA,TAAAA/TAAAAA,
 ,3,164,54,
Ca1_15971599,./.,ATTT/ATTTT,ATTT/ATTT,
 ,6,67,148,
Ca1_15971759,./.,ATT/ATT,ATT/ATTT,
 ,45,111,65,
Ca1_15973358,./.,TCCCC/TCCCC,TCCCC/TCCCCC,
 ,1,161,59,
Ca1_16000268,./.,TCCCC/TCCCC,TCCCC/TCCCCC,
 ,21,150,50,
Ca1_16001149,./.,GCT/GCT,GCT/GATCTCT,GATCTCT/GATCTCT,
 ,20,8,151,42,
Ca1_16034705,./.,CAAAA/CAAAAA,CAAAA/CAAAA,
 ,1,165,55,
Ca1_16034709,./.,ATTT/ATTTT,ATTT/ATTT,
 ,1,108,112,
Ca1_16044685,./.,TA/TA,TA/TAA,
 ,3,152,66,
Ca1_16044686,./.,ATTT/ATTT,ATT/ATT,ATT/ATTT,
 ,2,1,45,173,
Ca1_16044720,./.,ATTTTT/ATTTT,ATTTTT/ATTTTT,
 ,4,110,107,
Ca1_16044754,GAA/GAAA,./.,GAA/GAA,
 ,69,4,148,
Ca1_16054419,CAAA/CAA,./.,CAAA/CAAA,
 ,186,8,27,
Ca1_16056728,CTTT/CTTT,./.,CTTT/CTT,
 ,123,25,73,
Ca1_16056747,./.,A/G,G/G,A/A,
 ,24,4,76,117,
Ca1_16071694,./.,G/T,G/G,T/T,
 ,9,7,126,79,
Ca1_16535016,CTTTTTT/CTTTTTT,CTTTTTT/CTTTTT,CTTTTT/CTTTTT,
 ,4,209,8,
Ca1_16564094,./.,GC/GAC,GC/GC,
 ,18,89,114,
Ca1_16564121,./.,AGGG/AGGGG,AGGG/AGGG,
 ,30,61,130,
Ca1_16564124,./.,GTTTTTTT/GTTTTTTT,GTTTTTTT/GTTTTTTTT,
 ,30,140,51,
Ca1_16564211,./.,ATTTTTT/ATTTTTT,ATTTTTT/ATTTTT,
 ,11,165,45,
Ca1_16580853,GTTT/GTTTT,./.,GTTT/GTTT,
 ,43,20,158,
Ca1_16810466,CTTT/CTTT,./.,CTTT/CTT,
 ,105,44,72,
Ca1_16889462,./.,ATTTTTTTT/ATTTTTTTT,ATTTTTTTT/ATTTTTTT,
 ,9,158,54,
Ca1_16891643,./.,GTTTTT/GTTTT,GTTTTT/GTTTTT,
 ,18,125,78,
Ca1_16891713,./.,CAAA/CAAAA,CAAA/CAAA,
 ,42,117,62,
Ca1_16891720,./.,TAAAA/TAAAA,TAAAAA/TAAAAA,TAAAAA/TAAAA,
 ,27,7,20,167,
Ca1_16891741,./.,TAAAA/TAAAA,TAAAA/TAAA,
 ,31,33,157,
Ca1_16893313,./.,AGGGG/AGGGGG,AGGGG/AGGGG,
 ,18,42,161,
Ca1_16942165,A/C,C/C,A/A,
 ,120,8,93,
Ca1_16942209,T/C,C/C,T/T,
 ,93,99,29,
Ca1_16942223,A/C,./.,C/C,A/A,
 ,42,1,77,101,
Ca1_16973725,./.,CAAAA/CAAAA,CAAAA/CAAA,
 ,1,144,76,
Ca1_16975290,CTTT/CTTT,./.,CTTT/CTTTT,
 ,152,32,37,
Ca1_16993752,./.,ATTTTTT/ATTTTTT,ATTTTTT/ATTTTTTT,
 ,6,147,68,
Ca1_17102182,CAAA/CAA,./.,CAAA/CAAA,CAA/CAA,
 ,163,16,40,2,
Ca1_17215823,./.,T/TA,T/T,
 ,5,107,109,
Ca1_17240943,./.,GAAAAAA/GAAAAAA,GAAAAAA/GAAAAA,GAAAAA/GAAAAA,
 ,33,8,172,8,
Ca1_17241009,./.,GAAAA/GAAAAA,GAAAA/GAAAA,
 ,33,44,144,
Ca1_17258182,./.,ATTTTTT/ATTTTTT,ATTTTTT/ATTTTT,
 ,19,157,45,
Ca1_17396781,TAAA/TAAAA,./.,TAAA/TAAA,
 ,46,5,170,
Ca1_17396784,./.,ATTTTT/ATTTTTT,ATTTTT/ATTTTT,
 ,4,43,174,
Ca1_17396808,ATTTTTTT/ATTTTTTT,./.,ATTTTTTTT/ATTTTTTTT,ATTTTTTTT/ATTTTTTT,
 ,3,2,60,156,
Ca1_17469528,./.,CAAAA/CAAAA,CAAAA/CAAA,
 ,9,163,49,
Ca1_17472854,./.,CAAA/CAAAA,CAAA/CAAA,
 ,38,38,145,
Ca1_17495502,./.,G/GAGAT,G/G,GAGAT/GAGAT,
 ,1,209,10,1,
Ca1_17581603,./.,TAAAAAAAAA/TAAAAAAAAA,TAAAAAAAAA/TAAAAAAAA,TAAAAAAAA/TAAAAAAAA,
 ,5,42,161,13,
Ca1_17581635,TAAA/TAAAA,./.,TAAA/TAAA,
 ,54,3,164,
Ca1_17581638,./.,ATTTTT/ATTTTTT,ATTTTT/ATTTTT,
 ,3,61,157,
Ca1_17592561,./.,GC/GAC,GC/GC,
 ,6,99,116,
Ca1_17608507,./.,CTTTTTTT/CTTTTTTT,CTTTTTTT/CTTTTTT,
 ,34,135,52,
Ca1_17608518,CTTT/CTTT,./.,CTTT/CTT,
 ,139,36,46,
Ca1_17650432,TAAA/TAAAA,./.,TAAA/TAAA,
 ,61,39,121,
Ca1_17650480,./.,ATTTTTT/ATTTTTT,ATTTTTT/ATTTTT,
 ,24,147,50,
Ca1_17650535,./.,TAAAA/TAAAA,TAAA/TAAA,TAAAA/TAAA,
 ,33,16,1,171,
Ca1_17664792,./.,AGGG/AGGGG,AGGG/AGGG,
 ,31,44,146,
Ca1_17664858,GTTT/GTTTT,./.,GTTT/GTTT,
 ,61,19,141,
Ca1_17666124,GTTTT/GTTTT,./.,GTTTT/GTTTTT,
 ,21,11,189,
Ca1_17666128,./.,TA/TA,TA/TTAA,
 ,12,72,137,
Ca1_17666129,./.,ATTT/ATTTT,ATTT/ATTT,
 ,13,165,43,
Ca1_17936462,./.,CTTTT/CTTTTT,CTTTT/CTTTT,
 ,26,78,117,
Ca1_18017124,./.,TAAAA/TAAAA,TAAAA/TAAA,
 ,2,157,62,
Ca1_18017195,./.,TAAAAA/TAAAAA,TAAAAA/TAAAA,
 ,5,35,181,
Ca1_18904620,./.,ATTTT/ATTTT,ATTTT/ATTT,
 ,4,59,158,
Ca1_19019502,GAAAAA/GAAAAAA,./.,GAAAAA/GAAAAA,
 ,47,42,132,
Ca1_19028464,./.,CAAA/CAAAA,CAAA/CAAA,
 ,19,107,95,
Ca1_19028495,./.,GAAAAAA/GAAAAAA,GAAAAAA/GAAAAA,
 ,12,148,61,
Ca1_19043955,./.,TAAAAAA/TAAAAAA,TAAAAAA/TAAAAA,
 ,3,159,59,
Ca1_19044206,TAAA/TAAAA,./.,TAAA/TAAA,
 ,67,21,133,
Ca1_19225953,./.,TCC/TC,TCC/TCC,
 ,16,134,71,
Ca1_19715710,./.,ATTTTTT/ATTTTTT,ATTTTTT/ATTTTTTT,
 ,11,162,48,
Ca1_19854270,./.,GA/G,GA/GA,
 ,18,61,142,
Ca1_19946324,GAAAAAAA/GAAAAAA,./.,GAAAAAAA/GAAAAAAA,
 ,47,12,162,
Ca1_20210828,ATT/AT,./.,ATT/ATT,
 ,168,4,49,
Ca1_20210832,./.,ATTT/ATTTT,ATTT/ATTT,
 ,5,165,51,
Ca1_20333194,./.,A/G,G/G,A/A,
 ,5,34,13,169,
Ca1_20333198,./.,A/G,G/G,A/A,
 ,2,24,30,165,
Ca1_20333199,./.,T/C,C/C,T/T,
 ,2,20,17,182,
Ca1_20489833,./.,TC/TGC,TC/TC,
 ,1,196,24,
Ca1_20527765,./.,G/GT,G/G,
 ,34,80,107,
Ca1_20527766,./.,CTTTTT/CTTTTTT,CTTTTT/CTTTTT,
 ,35,68,118,
Ca1_20531933,./.,AGC/AC,AGC/AGC,
 ,7,47,167,
Ca1_20537661,./.,ATTTT/ATTTTT,ATTTT/ATTTT,
 ,2,63,156,
Ca1_20633317,./.,AGC/AC,AGC/AGC,AC/AC,
 ,33,165,20,3,
Ca1_20803414,GT/GTT,./.,GT/GT,
 ,88,26,107,
Ca1_21377473,./.,CAAAA/CAAAA,CAAAA/CAAA,
 ,39,107,75,
Ca1_21539247,./.,ATTTTTT/ATTTTTT,ATTTTTT/ATTTTT,
 ,3,164,54,
Ca1_21539299,GTTTT/GTTTT,GTTTT/GTTTTT,
 ,88,133,
Ca1_21655932,./.,GAAAA/GAAAA,GAAAA/GAAA,
 ,1,98,122,
Ca1_21658432,ATT/AT,./.,ATT/ATT,
 ,123,11,87,
Ca1_21836547,./.,G/T,G/G,T/T,
 ,4,47,169,1,
Ca1_21836553,./.,C/C,C/T,T/T,
 ,4,134,79,4,
Ca1_21836593,C/C,C/A,A/A,
 ,57,155,9,
Ca1_21836604,G/T,G/G,T/T,
 ,142,75,4,
Ca1_21846859,GTTTT/GTTTT,GTTTTT/GTTTT,GTTTTT/GTTTTT,
 ,16,168,37,
Ca1_21959196,TAA/TAA,./.,TAA/TAAA,
 ,108,18,95,
Ca1_21959260,./.,ATTT/ATTTT,ATTT/ATTT,
 ,24,49,148,
Ca1_21962264,./.,CAAAA/CAAAA,CAAAA/CAAA,
 ,1,96,124,
Ca1_22153744,CAAAA/CAAAA,CAAAA/CAAA,
 ,170,51,
Ca1_22201992,./.,CTTTT/CTTT,CTTTT/CTTTT,
 ,1,137,83,
Ca1_22282538,./.,GAA/GAA,GAA/GA,GA/GA,
 ,6,36,178,1,
Ca1_22282641,GAAAAAAA/GAAAAAA,./.,GAAAAAA/GAAAAAA,GAAAAAAA/GAAAAAAA,
 ,63,43,1,114,
Ca1_22282793,./.,A/A,G/G,G/A,
 ,20,77,119,5,
Ca1_22335962,./.,C/C,T/T,C/T,
 ,8,121,86,6,
Ca1_22337118,./.,TCCCC/TCCCCC,TCCCC/TCCCC,
 ,44,50,127,
Ca1_22337190,./.,CAAAA/CAAAAA,CAAAA/CAAAA,
 ,38,43,140,
Ca1_22362867,./.,GAAAA/GAAAAA,GAAAA/GAAAA,
 ,12,130,79,
Ca1_22362889,./.,C/C,T/T,C/T,
 ,12,126,74,9,
Ca1_22363000,TAAA/TAAAA,./.,TAAA/TAAA,
 ,67,5,149,
Ca1_22382100,CAAA/CAAAA,CAAA/CAAA,
 ,66,155,
Ca1_22382146,TC/T,TC/TC,
 ,67,154,
Ca1_22382258,./.,CAAAA/CAAAA,CAAAA/CAAA,
 ,7,164,50,
Ca1_22417179,ATT/AT,./.,AT/AT,
 ,166,22,33,
Ca1_22417209,./.,T/G,G/G,T/T,
 ,21,9,73,118,
Ca1_22417265,./.,A/C,C/C,A/A,
 ,36,10,71,104,
Ca1_22417295,./.,A/G,G/G,A/A,
 ,6,7,84,124,
Ca1_22422244,./.,C/C,A/A,C/A,
 ,27,113,76,5,
Ca1_23043627,./.,CTTTT/CTTT,CTTTT/CTTTT,
 ,33,80,108,
Ca1_23274510,./.,CTTTTT/CTTTTTT,CTTTTT/CTTTTT,
 ,3,125,93,
Ca1_23282912,./.,CTTTTTT/CTTTTTT,CTTTTTT/CTTTTT,
 ,11,158,52,
Ca1_23311930,./.,CAA/CAA,CAA/CAAA,
 ,5,158,58,
Ca1_23349551,./.,G/G,G/GA,
 ,4,153,64,
Ca1_23349561,./.,CAAA/CAAAA,CAAA/CAAA,
 ,2,63,156,
Ca1_23414002,CAAAAA/CAAAAA,CAAAAA/CAAAA,
 ,135,86,
Ca1_23414015,./.,GCCC/GCCC,GCCC/GCC,
 ,1,96,124,
Ca1_23543674,./.,AGGGGG/AGGGGG,AGGGGG/AGGGGGG,
 ,2,174,45,
Ca1_23582458,./.,GTTTTTT/GTTTTTT,GTTTTTT/GTTTTT,
 ,20,51,150,
Ca1_23654118,ATT/AT,./.,AT/AT,ATT/ATT,
 ,157,29,2,33,
Ca1_23942142,CAA/CA,./.,CA/CA,CAA/CAA,
 ,215,3,2,1,
Ca1_23943599,./.,TAAAA/TAAAA,TAAAA/TAAAAA,
 ,13,112,96,
Ca1_23972599,./.,CAAAA/CAAAA,CAAAA/CAAA,
 ,35,86,100,
Ca1_24131373,./.,ATTTT/ATTTT,ATTTT/ATTT,
 ,16,159,46,
Ca1_24150490,./.,ATTTT/ATTTT,ATTTT/ATTT,
 ,2,14,205,
Ca1_24227233,GTTTT/GTTTT,./.,GTTTT/GTTTTT,
 ,148,12,61,
Ca1_24288216,CTTTTT/CTTTT,CTTTTT/CTTTTT,
 ,215,6,
Ca1_24364224,./.,CTTTT/CTTT,CTTTT/CTTTT,
 ,6,96,119,
Ca1_24364307,GT/GTT,./.,GT/GT,
 ,56,3,162,
Ca1_24650029,./.,G/A,G/G,A/A,
 ,6,60,134,21,
Ca1_24668062,./.,C/C,T/C,T/T,
 ,26,111,55,29,
Ca1_25051706,./.,ATTTTTT/ATTTTTT,ATTTTTT/ATTTTT,ATTTTT/ATTTTT,
 ,13,130,77,1,
Ca1_25119590,./.,A/G,G/G,A/A,
 ,35,5,101,80,
Ca1_25455970,./.,CTTTT/CTTT,CTTTT/CTTTT,
 ,35,38,148,
Ca1_25587825,./.,TAAAA/TAAAA,TAAAA/TAAAAA,
 ,41,143,37,
Ca1_25835787,TAAAA/TAAAA,TAAAA/TAAA,
 ,91,130,
Ca1_25836084,./.,GTT/GTTT,GTT/GTT,
 ,1,145,75,
Ca1_25846427,./.,ACCCC/ACCCC,ACCCC/ACCCCC,
 ,6,150,65,
Ca1_25986740,./.,A/AC,A/A,
 ,40,129,52,
Ca1_25986745,./.,CAAAAA/CAAAAA,CAAAAA/CAAAAAA,
 ,18,158,45,
Ca1_25986766,./.,CAA/CAA,CAA/CAAA,
 ,2,139,80,
Ca1_26102295,./.,A/T,A/A,T/T,
 ,24,6,81,110,
Ca1_26228028,./.,CAAAAAA/CAAAAA,CAAAAAA/CAAAAAA,
 ,8,91,122,
Ca1_26233806,./.,CAAAA/CAAAAA,CAAAA/CAAAA,
 ,43,92,86,
Ca1_26233862,./.,GTT/GTTT,GTT/GTT,
 ,6,97,118,
Ca1_26233887,./.,T/TA,T/T,
 ,23,125,73,
Ca1_26235744,./.,CTTTTT/CTTTT,CTTTTT/CTTTTT,
 ,2,144,75,
Ca1_26235750,./.,ATT/ATTT,ATT/ATT,
 ,3,64,154,
Ca1_26235759,./.,CTTTTTTTTT/CTTTTTTTTT,CTTTTTTTTT/CTTTTTTTTTT,
 ,2,164,55,
Ca1_26235842,./.,AGGGG/AGGGGG,AGGGG/AGGGG,
 ,2,45,174,
Ca1_26235860,./.,GAAAA/GAAAA,GAAAA/GAAA,
 ,20,154,47,
Ca1_26283063,./.,C/C,C/G,G/G,
 ,12,91,3,115,
Ca1_26868694,./.,CTTTTTT/CTTTTTT,CTTTTTT/CTTTTTTT,
 ,11,96,114,
Ca1_26869334,./.,GTT/GTTT,GTT/GTT,
 ,28,40,153,
Ca1_26869353,./.,CAAAA/CAAAA,CAAAA/CAAA,
 ,28,102,91,
Ca1_26998838,A/C,./.,C/C,A/A,
 ,38,5,6,172,
Ca1_27504215,./.,ATTTT/ATTTT,ATTTT/ATTT,
 ,32,47,142,
Ca1_27504331,TAAA/TAAAA,./.,TAAA/TAAA,
 ,55,35,131,
Ca1_27504334,./.,ATTTTTT/ATTTTTT,ATTTTTT/ATTTTTTT,
 ,34,150,37,
Ca1_27523031,./.,CAAAAAA/CAAAAAA,CAAAAAA/CAAAAAAA,
 ,13,165,43,
Ca1_27523241,./.,TAAAA/TAAAA,TAAAAA/TAAAAA,TAAAAA/TAAAA,
 ,9,1,65,146,
Ca1_27646927,CTTTT/CTTTTT,CTTTT/CTTTT,
 ,71,150,
Ca1_28144404,./.,A/AC,A/A,
 ,35,66,120,
Ca1_28423933,./.,GAAA/GAAAA,GAAA/GAAA,
 ,4,55,162,
Ca1_28435887,./.,ATTTT/ATTTT,ATTTT/ATTT,
 ,24,154,43,
Ca1_28601121,TAA/TAA,./.,TAA/TAAA,
 ,92,4,125,
Ca1_28601169,./.,A/T,A/A,
 ,15,42,164,
Ca1_28601219,./.,CAA/CAA,CAA/CAAA,
 ,10,103,108,
Ca1_28601222,./.,CAAAAAAA/CAAAAAAA,CAAAAAAA/CAAAAAA,
 ,11,158,52,
Ca1_28601255,TAA/TAA,./.,TAA/TAAA,
 ,143,19,59,
Ca1_28601264,CAAA/CAA,./.,CAAA/CAAA,CAA/CAA,
 ,150,20,50,1,
Ca1_28699542,./.,GTTTTTTTT/GTTTTTTTT,GTTTTTTT/GTTTTTTT,GTTTTTTT/GTTTTTTTT,
 ,28,1,135,57,
Ca1_28699554,./.,CTT/CTT,CTT/CTTT,
 ,27,66,128,
Ca1_28741086,./.,CTTTT/CTTT,CTTTT/CTTTT,
 ,10,106,105,
Ca1_28818671,./.,T/G,G/G,T/T,
 ,2,7,122,90,
Ca1_28819288,./.,ATTTT/ATTTT,ATTTT/ATTT,
 ,35,105,81,
Ca1_28947298,./.,CTTT/CTTT,CTTTT/CTTT,CTTTT/CTTTT,
 ,26,1,102,92,
Ca1_29015223,./.,ATTT/ATTT,ATTT/ATT,ATT/ATT,
 ,22,11,184,4,
Ca1_29015589,./.,TAAAA/TAAAA,TAAAA/TAAAAA,
 ,5,172,44,
Ca1_29015657,./.,TAAAAA/TAAAAA,TAAAAA/TAAAAAA,
 ,11,113,97,
Ca1_29042073,GAAA/GAAA,GAAA/GAA,
 ,175,46,
Ca1_29114207,./.,CTTT/CTTT,CTT/CTT,CTT/CTTT,
 ,34,2,29,156,
Ca1_29114245,./.,ATTTTT/ATTTTTT,ATTTTTT/ATTTTTT,ATTTTT/ATTTTT,
 ,37,101,1,82,
Ca1_30191064,CTTT/CTTT,./.,CTTT/CTTTT,
 ,54,9,158,
Ca1_30223191,./.,CAAAA/CAAAA,CAAAA/CAAA,
 ,17,149,55,
Ca1_30384308,TGGG/TGGGG,./.,TGGG/TGGG,
 ,45,2,174,
Ca1_30529444,./.,CAAAAA/CAAAAA,CAAAAA/CAAAAAA,
 ,6,162,53,
Ca1_30529494,CTTT/CTTT,./.,CTTTT/CTTT,CTTTT/CTTTT,
 ,10,6,201,4,
Ca1_30577743,./.,C/C,T/C,T/T,
 ,19,88,102,12,
Ca1_30577817,./.,G/A,G/G,A/A,
 ,42,63,81,35,
Ca1_31218563,./.,GAAA/GAAA,GAAA/GAA,
 ,22,141,58,
Ca1_31221609,./.,CAAAA/CAAAA,CAAAA/CAAA,
 ,4,135,82,
Ca1_31221643,./.,CAGAGAG/CAGAGAG,CAG/CAGAGAG,CAG/CAG,
 ,18,2,119,82,
Ca1_31221644,AGCTG/AGAGAGGCTG,./.,AGCTG/AGCTG,
 ,49,28,144,
Ca1_31221645,./.,GC/GAGATC,GAGATC/GAGATC,GC/GC,
 ,18,174,2,27,
Ca1_31259852,./.,A/A,G/G,G/A,
 ,13,107,90,11,
Ca1_31259901,./.,C/C,T/C,T/T,
 ,11,110,8,92,
Ca1_31289078,A/A,G/G,G/A,
 ,124,95,2,
Ca1_31289126,G/C,C/C,G/G,
 ,2,124,95,
Ca1_31289145,./.,TCCCC/TCCCCC,TCCCC/TCCCC,
 ,10,45,166,
Ca1_31327006,./.,T/T,A/A,T/A,
 ,7,94,117,3,
Ca1_31327065,./.,ACCC/ACCC,ACCC/ACCCC,
 ,3,154,64,
Ca1_31327126,./.,A/G,G/G,A/A,
 ,3,4,120,94,
Ca1_31327160,./.,C/C,T/T,C/T,
 ,5,94,118,4,
Ca1_31421464,./.,GTT/GT,GTT/GTT,
 ,1,205,15,
Ca1_31424055,./.,ATTTT/ATTTTT,ATTTT/ATTTT,
 ,16,60,145,
Ca1_31424088,./.,C/C,T/C,T/T,
 ,12,117,8,84,
Ca1_31516648,./.,AGGG/AGGGG,AGGG/AGGG,
 ,24,185,12,
Ca1_31516657,AC/A,./.,AC/AC,
 ,114,40,67,
Ca1_31516805,./.,TGGGGG/TGGGGGG,TGGGGG/TGGGGG,
 ,7,112,102,
Ca1_31557656,./.,C/C,C/A,A/A,
 ,3,5,199,14,
Ca1_32255764,./.,C/C,T/C,T/T,
 ,1,125,1,94,
Ca1_32255805,./.,AATA/AATA,AATA/AATATA,AATATA/AATATA,
 ,1,91,6,123,
Ca1_32749481,./.,C/C,T/C,T/T,
 ,13,113,6,89,
Ca1_32912054,./.,GTTTTT/GTTTTTT,GTTTTT/GTTTTT,
 ,14,65,142,
Ca1_32951077,./.,C/C,C/G,G/G,
 ,7,87,6,121,
Ca1_32951096,./.,TAAAAA/TAAAAA,TAAAAA/TAAAAAA,
 ,10,128,83,
Ca1_33019583,./.,TAAAA/TAAAAA,TAAAA/TAAAA,
 ,18,49,154,
Ca1_33019621,./.,CAAAAA/CAAAAA,CAAAAAA/CAAAAA,CAAAAAA/CAAAAAA,
 ,38,15,156,12,
Ca1_33029364,./.,C/C,C/T,T/T,
 ,21,77,100,23,
Ca1_33029388,./.,G/A,G/G,A/A,
 ,19,84,108,10,
Ca1_33029422,./.,C/C,C/T,T/T,
 ,19,90,88,24,
Ca1_33029438,./.,C/C,T/C,T/T,
 ,19,147,53,2,
Ca1_33283412,./.,ATTTT/ATTTT,ATTTT/ATTT,
 ,9,18,194,
Ca1_33283518,TAA/TAA,./.,TAAA/TAA,
 ,57,17,147,
Ca1_33289422,./.,CAAAA/CAAAAA,CAAAA/CAAAA,
 ,18,50,153,
Ca1_33289458,./.,AGG/AGG,AGG/AG,
 ,31,109,81,
Ca1_33289501,./.,CTT/CTT,CTT/CTTT,
 ,26,148,47,
Ca1_33289519,./.,GTT/GT,GTT/GTT,
 ,26,133,62,
Ca1_33430048,./.,A/G,G/G,A/A,
 ,13,45,127,36,
Ca1_33549969,./.,G/T,G/G,T/T,
 ,1,4,95,121,
Ca1_33552947,./.,TAAAA/TAAAA,TAAAA/TAAAAA,
 ,4,173,44,
Ca1_33553033,./.,A/C,C/C,A/A,
 ,11,7,115,88,
Ca1_33553721,./.,CTTTT/CTTTTT,CTTTT/CTTTT,
 ,37,42,142,
Ca1_33565446,C/C,T/T,C/T,
 ,92,121,8,
Ca1_33565500,T/G,G/G,T/T,
 ,8,121,92,
Ca1_33574495,./.,A/A,G/G,G/A,
 ,8,115,90,8,
Ca1_33687153,./.,CTTTTTT/CTTTTTT,CTTTTTT/CTTTTT,
 ,5,164,52,
Ca1_33687159,./.,TAAA/TAAA,TAAA/TAA,
 ,4,113,104,
Ca1_33751901,./.,GAA/GAA,GAA/GA,
 ,9,78,134,
Ca1_33807356,./.,AT/AT,A/AT,A/A,
 ,25,1,86,109,
Ca1_33807408,./.,GAAAA/GAAAA,GAAAA/GAAA,
 ,39,129,53,
Ca1_33837450,./.,CTTTTT/CTTTT,CTTTTT/CTTTTT,
 ,18,53,150,
Ca1_33837560,./.,CAAAA/CAAAA,CAAAA/CAAA,
 ,4,101,116,
Ca1_33914314,TAA/TAA,./.,TAAA/TAAA,TAA/TAAA,
 ,24,2,1,194,
Ca1_34139843,GAAAAA/GAAAAAA,./.,GAAAAAA/GAAAAAA,GAAAAA/GAAAAA,
 ,79,43,2,97,
Ca1_34267164,./.,CAAA/CAAAA,CAAA/CAAA,
 ,43,36,142,
Ca1_34323544,C/CAT,./.,C/C,
 ,69,25,127,
Ca1_34431057,./.,GAAAA/GAAAA,GAAAAA/GAAAA,GAAAAA/GAAAAA,
 ,6,3,197,15,
Ca1_34512939,GAAAAAAAA/GAAAAAAA,./.,GAAAAAAAA/GAAAAAAAA,
 ,51,1,169,
Ca1_34513113,./.,CAAAAAAAAA/CAAAAAAAAA,CAAAAAAAAA/CAAAAAAAA,
 ,9,104,108,
Ca1_34840186,./.,ATTTTT/ATTTTT,ATTTTT/ATTTT,
 ,2,120,99,
Ca1_34880036,./.,C/C,T/T,C/T,
 ,5,114,97,5,
Ca1_34909176,./.,CAAAAAAAAAAAA/CAAAAAAAAAAAA,CAAAAAAAAAAAA/CAAAAAAAAAAA,CAAAAAAAAAAA/CAAAAAAAAAAA,
 ,43,74,84,20,
Ca1_34953183,./.,GT/GT,GT/G,
 ,9,79,133,
Ca1_35162290,ACC/ACC,./.,ACC/AC,
 ,149,5,67,
Ca1_35162431,./.,TAAAA/TAAAA,TAAAA/TAAA,
 ,6,62,153,
Ca1_35214497,./.,GTTTTTT/GTTTTTT,GTTTTTT/GTTTTT,
 ,17,60,144,
Ca1_35214658,./.,AGGGGG/AGGGGG,AGGGGG/AGGGGGG,
 ,8,134,79,
Ca1_35229302,./.,CAAAA/CAAAAA,CAAAA/CAAAA,
 ,6,100,115,
Ca1_35229400,./.,TAA/TAA,TAAA/TAAA,TAAA/TAA,
 ,9,1,8,203,
Ca1_35229418,./.,CAA/CAAA,CAA/CAA,
 ,7,54,160,
Ca1_35264774,./.,A/G,G/G,A/A,
 ,38,8,102,73,
Ca1_35384821,./.,G/T,G/G,T/T,
 ,1,58,153,9,
Ca1_35385691,./.,CTTTTT/CTTTTT,CTTTTT/CTTTT,CTTTT/CTTTT,
 ,39,68,113,1,
Ca1_35385916,./.,ATTT/ATTT,ATTT/ATT,
 ,1,50,170,
Ca1_35386584,./.,ATTTT/ATTTT,ATTTT/ATTT,
 ,19,86,116,
Ca1_35387122,./.,ATTT/ATTT,ATTT/ATT,
 ,13,166,42,
Ca1_35387728,./.,ATTT/ATTT,ATTT/ATT,
 ,7,82,132,
Ca1_35388118,./.,ATTT/ATTT,ATTT/ATT,
 ,3,31,187,
Ca1_35441389,./.,G/GT,G/G,
 ,2,45,174,
Ca1_35445539,./.,CAAAA/CAAAA,CAAAA/CAAA,
 ,12,164,45,
Ca1_35445560,./.,GTTTTT/GTTTTTT,GTTTTT/GTTTTT,
 ,4,52,165,
Ca1_35662106,./.,ATTTTT/ATTTTT,ATTTTT/ATTTT,
 ,4,168,49,
Ca1_35745878,./.,TAAA/TAAA,TAAA/TAA,
 ,9,66,146,
Ca1_35745886,./.,ATTTT/ATTTT,ATTTT/ATTT,
 ,12,68,141,
Ca1_35745889,./.,TTGG/TG,TTGG/TTGG,
 ,10,52,159,
Ca1_35893014,./.,A/AG,A/A,
 ,17,149,55,
Ca1_36074232,G/C,./.,C/C,G/G,
 ,184,10,2,25,
Ca1_36074233,./.,G/T,G/G,T/T,
 ,10,184,25,2,
Ca1_36074292,./.,ATTTTT/ATTTTT,ATTTTT/ATTTT,
 ,8,96,117,
Ca1_36074298,./.,CTTT/CTTT,CTT/CTT,CTT/CTTT,
 ,8,1,24,188,
Ca1_36074708,./.,CAA/CAA,CAA/CAAA,
 ,37,112,72,
Ca1_36074744,TAA/TAA,./.,TAA/TAAA,
 ,112,36,73,
Ca1_36074747,./.,TAAAA/TAAAA,TAAAA/TAAA,
 ,36,90,95,
Ca1_36250325,./.,GAAAA/GAAAA,GAAAA/GAAA,
 ,12,136,73,
Ca1_36307499,./.,CAAAA/CAAAA,CAAAA/CAAA,CAAA/CAAA,
 ,34,60,125,2,
Ca1_36321275,./.,C/C,C/CA,
 ,1,171,49,
Ca1_36321368,./.,CAAA/CAAAA,CAAA/CAAA,
 ,13,53,155,
Ca1_36465979,./.,TCC/TC,TC/TC,TCC/TCC,
 ,23,180,1,17,
Ca1_36466033,./.,TCCCC/TCCCCC,TCCCC/TCCCC,
 ,32,91,98,
Ca1_36466051,./.,TGG/TGG,TGG/TG,
 ,36,140,45,
Ca1_36466097,./.,CAAAAA/CAAAAA,CAAAAA/CAAAA,
 ,30,106,85,
Ca1_36467047,./.,TG/TGG,TG/TG,
 ,20,61,140,
Ca1_36467179,CTTT/CTTT,CTTT/CTTTT,
 ,138,83,
Ca1_36493320,./.,GTTTTTT/GTTTTTTT,GTTTTTT/GTTTTTT,
 ,15,67,139,
Ca1_36493499,./.,TAAAA/TAAAA,TAAAA/TAAA,
 ,15,19,187,
Ca1_36494984,./.,ATTT/ATTT,ATTT/ATT,
 ,1,141,79,
Ca1_36495093,CTTT/CTTT,./.,CTTT/CTTTT,
 ,140,2,79,
Ca1_36511604,./.,ATTTT/ATTTT,ATTTT/ATTT,
 ,4,165,52,
Ca1_36634287,./.,ATTTTT/ATTTT,ATTTT/ATTTT,
 ,32,134,55,
Ca1_36690753,CAAA/CAA,./.,CAAA/CAAA,CAA/CAA,
 ,177,18,25,1,
Ca1_36734172,./.,ATTTT/ATTTTT,ATTTT/ATTTT,
 ,40,41,140,
Ca1_36763311,CG/C,CG/CG,
 ,91,130,
Ca1_36763506,./.,CTTTTT/CTTTTTT,CTTTTT/CTTTTT,
 ,28,64,129,
Ca1_36763526,./.,TAAAA/TAAAAA,TAAAA/TAAAA,
 ,31,80,110,
Ca1_36907643,./.,GAAA/GAAAA,GAAA/GAAA,
 ,17,56,148,
Ca1_36907648,GAAAAA/GAAAAAA,./.,GAAAAA/GAAAAA,
 ,74,13,134,
Ca1_36907653,AG/AGG,./.,AG/AG,
 ,47,11,163,
Ca1_38088282,./.,A/T,A/A,T/T,
 ,32,73,53,63,
Ca1_38171837,./.,GAAAAAAAAAA/GAAAAAAAAAA,GAAAAAAAAAAA/GAAAAAAAAAA,GAAAAAAAAAAA/GAAAAAAAAAAA,
 ,39,5,62,115,
Ca1_38171855,./.,GAAA/GAAAA,GAAAA/GAAAA,GAAA/GAAA,
 ,42,165,2,12,
Ca1_38226620,TAAA/TAAAA,./.,TAAA/TAAA,
 ,61,27,133,
Ca1_38228994,./.,CAAA/CAAAA,CAAA/CAAA,
 ,13,108,100,
Ca1_38229025,./.,GTT/GTTT,GTT/GTT,
 ,9,56,156,
Ca1_38229096,./.,CA/CAA,CA/CA,
 ,14,146,61,
Ca1_38229097,./.,ATTTT/ATTTTT,ATTTT/ATTTT,
 ,12,196,13,
Ca1_38868252,./.,CTTTT/CTTTTT,CTTTT/CTTTT,
 ,11,67,143,
Ca1_38891271,./.,TCCC/TCCC,TCCC/TCCCC,
 ,2,165,54,
Ca1_38954176,TAAA/TAAAA,./.,TAAA/TAAA,
 ,55,13,153,
Ca1_38993360,./.,CTTTTTT/CTTTTTT,CTTTTT/CTTTTTT,CTTTTT/CTTTTT,
 ,7,1,93,120,
Ca1_38993391,./.,AGGG/AGGGG,AGGG/AGGG,
 ,8,69,144,
Ca1_39035303,./.,CG/C,CG/CG,
 ,2,95,124,
Ca1_39328544,./.,CTTTT/CTTTTT,CTTTT/CTTTT,
 ,3,96,122,
Ca1_39330643,GTTT/GTTTT,./.,GTTT/GTTT,
 ,97,33,91,
Ca1_39331342,./.,GTT/GTTT,GTT/GTT,
 ,5,61,155,
Ca1_39367273,./.,ATTTT/ATTTT,ATTTT/ATTT,
 ,1,15,205,
Ca1_39367323,./.,ATTTTT/ATTTTT,ATTTTT/ATTTT,
 ,8,150,63,
Ca1_39388303,./.,CAAAA/CAAAA,CAAAA/CAAA,
 ,6,77,138,
Ca1_39587147,ATTT/ATTT,ATTT/ATT,
 ,168,53,
Ca1_39592592,./.,A/AG,A/A,
 ,7,143,71,
Ca1_39592623,TAAA/TAAAA,./.,TAAA/TAAA,
 ,48,21,152,
Ca1_40242600,ATT/AT,./.,ATT/ATT,
 ,56,17,148,
Ca1_40242709,./.,TAAAA/TAAAA,TAAA/TAAA,TAAAA/TAAA,
 ,27,81,1,112,
Ca1_40337808,./.,GCC/GCCC,GCC/GCC,
 ,25,55,141,
Ca1_40337810,./.,CTTTTTT/CTTTTTT,CTTTTTT/CTTTTTTT,
 ,25,134,62,
Ca1_40337818,./.,T/G,G/G,T/T,
 ,7,44,2,168,
Ca1_40337982,G/T,G/G,
 ,90,131,
Ca1_40337986,C/C,C/T,
 ,140,81,
Ca1_40337991,C/C,C/T,
 ,143,78,
Ca1_40337996,T/A,A/A,T/T,
 ,59,1,161,
Ca1_40338011,T/C,C/C,T/T,
 ,176,33,12,
Ca1_40338056,C/C,C/T,T/T,
 ,177,43,1,
Ca1_40338064,T/C,C/C,T/T,
 ,198,16,7,
Ca1_40338065,C/C,C/A,A/A,
 ,174,46,1,
Ca1_40338066,G/A,G/G,A/A,
 ,161,59,1,
Ca1_40338068,C/C,C/T,T/T,
 ,16,179,26,
Ca1_40473598,./.,TGG/TGG,TGG/TGGG,
 ,9,143,69,
Ca1_40555314,./.,GAAAA/GAAAA,GAAAA/GAAA,
 ,30,153,38,
Ca1_41003246,CTTT/CTTT,./.,CTTT/CTTTT,
 ,126,40,55,
Ca1_41003249,./.,TA/TA,TA/TAA,
 ,25,88,108,
Ca1_41003250,./.,ATTTT/ATTTTT,ATTTTT/ATTTTT,ATTTT/ATTTT,
 ,24,149,1,47,
Ca1_41525689,TAAA/TAAAA,./.,TAAA/TAAA,
 ,38,40,143,
Ca1_41525699,./.,CAAAAAAA/CAAAAAAA,CAAAAAA/CAAAAAA,CAAAAAAA/CAAAAAA,
 ,40,106,1,74,
Ca1_41623384,GCCCCCC/GCCCCCC,./.,GCCCCCC/GCCCCCCC,
 ,144,14,63,
Ca1_41623390,./.,CAAAAA/CCAAAAAA,CAAAAA/CAAAAA,
 ,11,86,124,
Ca1_41623465,./.,GAAA/GAAAA,GAAA/GAAA,
 ,43,58,120,
Ca1_41717681,./.,GCC/GC,GCC/GCC,
 ,30,84,107,
Ca1_41758668,./.,CAAAAA/CAAAAA,CAAAAA/CAAAAAA,
 ,7,122,92,
Ca1_41879174,./.,TAAAA/TAAAA,TAAAA/TAAA,
 ,2,94,125,
Ca1_42075399,./.,T/C,C/C,T/T,
 ,13,38,29,141,
Ca1_42075496,./.,C/C,C/A,A/A,
 ,2,154,53,12,
Ca1_42142942,./.,GAAAA/GAAAA,GAAAA/GAAA,
 ,38,125,58,
Ca1_42550211,./.,ATTTT/ATTTTT,ATTTT/ATTTT,
 ,19,78,124,
Ca1_43283864,./.,CTTTTT/CTTTT,CTTTTT/CTTTTT,
 ,43,41,137,
Ca1_43283913,./.,ATTTT/ATTTTT,ATTTT/ATTTT,
 ,36,37,148,
Ca1_43285491,GAAAAAAA/GAAAAAA,./.,GAAAAAAA/GAAAAAAA,
 ,118,17,86,
Ca1_43656665,./.,TAAAA/TAAAA,TAAAA/TAAA,
 ,16,93,112,
Ca1_43692897,./.,G/GT,G/G,
 ,5,84,132,
Ca1_43830879,./.,ATTTT/ATTTTT,ATTTT/ATTTT,
 ,20,90,111,
Ca1_43851072,./.,ATTTTT/ATTTTT,ATTTTT/ATTTT,
 ,36,120,65,
Ca1_43986345,CAA/CAAA,CAA/CAA,
 ,76,145,
Ca1_43986374,./.,G/GA,GA/GA,G/G,
 ,4,180,4,33,
Ca1_43986376,./.,A/A,A/ATC,
 ,16,144,61,
Ca1_43986377,GCT/GCT,GCT/GCTCT,./.,
 ,140,62,19,
Ca1_43986510,C/CT,./.,C/C,
 ,130,4,87,
Ca1_43987866,./.,G/GT,G/G,
 ,5,167,49,
Ca1_43999579,./.,ATTT/ATTT,ATTT/ATT,ATT/ATT,
 ,11,10,196,4,
Ca1_44021440,CAAA/CAA,./.,CAAA/CAAA,CAA/CAA,
 ,183,3,33,2,
Ca1_44021450,./.,GTTT/GTTT,GTTT/GTT,
 ,4,69,148,
Ca1_44053745,CTTT/CTTT,./.,CTTT/CTTTT,
 ,138,24,59,
Ca1_44139895,./.,TAAAAAA/TAAAAAA,TAAAAA/TAAAAA,TAAAAAA/TAAAAA,
 ,6,4,78,133,
Ca1_44142872,./.,ATTTT/ATTTTT,ATTTT/ATTTT,
 ,8,72,141,
Ca1_44142876,./.,T/TTC,T/T,
 ,8,85,128,
Ca1_44142877,./.,CTTTT/CTTTTT,CTTTT/CTTTT,
 ,7,127,87,
Ca1_44325271,./.,CTT/CTT,CTT/CTTT,
 ,25,142,54,
Ca1_44325306,./.,CAAAA/CAAAA,CAAAA/CAAA,
 ,17,137,67,
Ca1_44572073,./.,ATTTTT/ATTTTTT,ATTTTT/ATTTTT,
 ,6,139,76,
Ca1_44572088,./.,ATTT/ATTTT,ATTT/ATTT,
 ,4,122,95,
Ca1_44572091,./.,TAAAA/TAAAAA,TAAAA/TAAAA,
 ,6,62,153,
Ca1_44576169,GTTTT/GTTTT,./.,GTTTT/GTTT,
 ,105,25,91,
Ca1_44576217,./.,GAT/GAT,GAT/GTAT,
 ,34,69,118,
Ca1_44576221,./.,GTTTTTTTTTT/GTTTTTTTTTT,GTTTTTTTTTT/GTTTTTTTTT,GTTTTTTTTT/GTTTTTTTTT,
 ,42,94,84,1,
Ca1_44576236,GTTT/GTTTT,./.,GTTTT/GTTTT,GTTT/GTTT,
 ,190,19,2,10,
Ca1_44850581,./.,GAAA/GAAAA,GAAA/GAAA,
 ,5,49,167,
Ca1_44934373,./.,CG/C,CG/CG,
 ,3,179,39,
Ca1_44974351,./.,GTTTTTT/GTTTTTT,GTTTTTT/GTTTTT,
 ,44,113,64,
Ca1_44974369,./.,CTTTT/CTTT,CTTTT/CTTTT,
 ,40,67,114,
Ca1_44974420,./.,ATT/ATT,ATT/ATTT,
 ,44,125,52,
Ca1_44985317,./.,CTTTT/CTTTTT,CTTTT/CTTTT,
 ,13,79,129,
Ca1_45058008,GAAAAA/GAAAAAA,./.,GAAAAA/GAAAAA,
 ,116,33,72,
Ca1_45059279,./.,AGG/AGG,AGG/AG,
 ,6,13,202,
Ca1_45059733,./.,CAAAA/CAAAA,CAAAA/CAAA,
 ,1,165,55,
Ca1_45059737,ACC/ACC,ACC/AC,
 ,61,160,
Ca1_45061568,./.,CTTTTT/CTTTTTT,CTTTTT/CTTTTT,
 ,6,99,116,
Ca1_45061592,GTTTTTTTT/GTTTTTTTT,./.,GTTTTTTTT/GTTTTTTT,
 ,145,5,71,
Ca1_45061679,./.,TGGGGG/TGGGGGG,TGGGGG/TGGGGG,
 ,39,40,142,
Ca1_45072930,./.,CAAAA/CAAAAA,CAAAA/CAAAA,
 ,27,104,90,
Ca1_45072949,GTTTT/GTTTT,./.,GTTT/GTTT,GTTTT/GTTT,
 ,19,30,12,160,
Ca1_45089001,./.,AGGGGG/AGGGGG,AGGGGGG/AGGGGGG,AGGGGG/AGGGGGG,
 ,35,71,1,114,
Ca1_45089071,./.,ATTTT/ATTTTT,ATTTT/ATTTT,
 ,40,45,136,
Ca1_45198943,CTTT/CTTT,./.,CTTT/CTTTT,
 ,145,6,70,
Ca1_45218552,./.,CAAAAAAAAA/CAAAAAAAAA,CAAAAAAAAA/CAAAAAAAA,
 ,34,117,70,
Ca1_45339610,./.,CAAAA/CAAAA,CAAAA/CAAA,
 ,2,174,45,
Ca1_45381644,./.,AGGG/AGGGG,AGGG/AGGG,
 ,3,57,161,
Ca1_45381670,TAAAAAAA/TAAAAAAA,./.,TAAAAAAA/TAAAAAA,
 ,161,1,59,
Ca1_45388951,./.,CGGGGGG/CGGGGGGG,CGGGGGG/CGGGGGG,
 ,1,114,106,
Ca1_45389066,./.,GAAA/GAAAA,GAAA/GAAA,
 ,19,52,150,
Ca1_45389092,ATTTTTTT/ATTTTTTT,./.,ATTTTTTT/ATTTTTT,
 ,127,21,73,
Ca1_45397715,./.,G/T,G/G,T/T,
 ,37,5,91,88,
Ca1_45411563,./.,C/C,T/C,T/T,
 ,1,124,3,93,
